# https://github.com/mikedh/trimesh

o base_link-mesh
v 0.00080908 0.02050477 -0.01089996
v 0.02060806 0.00070582 -0.01089996
v 0.00080908 0.02050477 -0.01339995
v 0.02060806 0.00070582 -0.01339995
v -0.00060514 0.02050477 -0.01339995
v -0.02040410 0.00070582 -0.01339995
v -0.00060514 0.02050477 -0.01089996
v -0.02040410 0.00070582 -0.01089996
v -0.00060514 -0.02050733 -0.01089996
v -0.02040410 -0.00070840 -0.01089996
v -0.00060514 -0.02050733 -0.01339995
v -0.02040410 -0.00070840 -0.01339995
v 0.02060806 -0.00070840 -0.01089996
v 0.00080908 -0.02050733 -0.01089996
v 0.02060806 -0.00070840 -0.01339995
v 0.00080908 -0.02050733 -0.01339995
v -0.00085836 0.01831310 -0.01089996
v -0.00057366 0.01880621 -0.01089996
v -0.00008054 0.01909089 -0.01089996
v 0.00106227 -0.01774626 -0.01089996
v 0.00106227 -0.01831567 -0.01089996
v 0.00098198 0.01880621 -0.01089996
v 0.00126666 0.01831310 -0.01089996
v 0.00077759 -0.01880878 -0.01089996
v 0.00028448 -0.01909351 -0.01089996
v -0.01870554 -0.00067691 -0.01089996
v -0.01899021 -0.00018380 -0.01089996
v 0.01919418 -0.00038818 -0.01089996
v 0.01890945 -0.00088130 -0.01089996
v 0.01841634 -0.00116599 -0.01089996
v 0.01784694 -0.00116599 -0.01089996
v 0.00077759 -0.01725316 -0.01089996
v 0.01735383 -0.00088130 -0.01089996
v 0.00028448 -0.01696842 -0.01089996
v -0.00015685 0.02076357 -0.01089996
v 0.00036079 0.02076357 -0.01089996
v 0.00048886 0.01909089 -0.01089996
v 0.01706916 -0.00038818 -0.01089996
v 0.01706916 0.00018122 -0.01089996
v 0.00098198 0.01725059 -0.01089996
v 0.01735383 0.00067433 -0.01089996
v 0.00126666 0.01774370 -0.01089996
v 0.01784694 0.00095904 -0.01089996
v 0.01841634 0.00095904 -0.01089996
v 0.00036079 -0.02076619 -0.01089996
v -0.00015685 -0.02076619 -0.01089996
v -0.00028492 -0.01909351 -0.01089996
v -0.00077804 -0.01880878 -0.01089996
v -0.02066290 -0.00026011 -0.01089996
v -0.02066290 0.00025753 -0.01089996
v -0.01899021 0.00038560 -0.01089996
v -0.01821243 -0.00096162 -0.01089996
v -0.01764303 -0.00096162 -0.01089996
v -0.01714992 -0.00067691 -0.01089996
v -0.00106269 -0.01831567 -0.01089996
v -0.00106269 -0.01774626 -0.01089996
v 0.01890945 0.00067433 -0.01089996
v 0.01919418 0.00018122 -0.01089996
v 0.02086687 0.00025753 -0.01089996
v 0.02086687 -0.00026011 -0.01089996
v -0.00077804 -0.01725316 -0.01089996
v -0.00008054 0.01696586 -0.01089996
v -0.00028492 -0.01696842 -0.01089996
v 0.00048886 0.01696586 -0.01089996
v -0.00085836 0.01774370 -0.01089996
v -0.01764303 0.00116336 -0.01089996
v -0.00057366 0.01725059 -0.01089996
v -0.01714992 0.00087872 -0.01089996
v -0.01686519 0.00038560 -0.01089996
v -0.01686519 -0.00018380 -0.01089996
v -0.01821243 0.00116336 -0.01089996
v -0.01870554 0.00087872 -0.01089996
v 0.00098198 0.01880621 -0.01339995
v 0.00048886 0.01909089 -0.01339995
v -0.01764303 0.00116336 -0.01339995
v -0.01821243 0.00116336 -0.01339995
v 0.00036079 0.02076357 -0.01339995
v -0.00015685 0.02076357 -0.01339995
v -0.00008054 0.01909089 -0.01339995
v 0.00098198 0.01725059 -0.01339995
v 0.01784694 0.00095904 -0.01339995
v 0.00048886 0.01696586 -0.01339995
v 0.01735383 0.00067433 -0.01339995
v -0.00008054 0.01696586 -0.01339995
v -0.00057366 0.01725059 -0.01339995
v -0.01899021 -0.00018380 -0.01339995
v -0.01870554 -0.00067691 -0.01339995
v -0.01870554 0.00087872 -0.01339995
v -0.01899021 0.00038560 -0.01339995
v -0.02066290 0.00025753 -0.01339995
v -0.02066290 -0.00026011 -0.01339995
v -0.01821243 -0.00096162 -0.01339995
v -0.00077804 -0.01725316 -0.01339995
v -0.00106269 -0.01774626 -0.01339995
v -0.00106269 -0.01831567 -0.01339995
v -0.00077804 -0.01880878 -0.01339995
v -0.00028492 -0.01909351 -0.01339995
v -0.00015685 -0.02076619 -0.01339995
v 0.00028448 -0.01909351 -0.01339995
v 0.00036079 -0.02076619 -0.01339995
v 0.01890945 -0.00088130 -0.01339995
v 0.01919418 -0.00038818 -0.01339995
v -0.01764303 -0.00096162 -0.01339995
v -0.01714992 -0.00067691 -0.01339995
v -0.00028492 -0.01696842 -0.01339995
v -0.01686519 -0.00018380 -0.01339995
v 0.01841634 -0.00116599 -0.01339995
v -0.00057366 0.01880621 -0.01339995
v -0.00085836 0.01831310 -0.01339995
v -0.00085836 0.01774370 -0.01339995
v -0.01714992 0.00087872 -0.01339995
v -0.01686519 0.00038560 -0.01339995
v 0.00028448 -0.01696842 -0.01339995
v 0.01784694 -0.00116599 -0.01339995
v 0.00106227 -0.01774626 -0.01339995
v 0.01735383 -0.00088130 -0.01339995
v 0.00077759 -0.01725316 -0.01339995
v 0.01706916 -0.00038818 -0.01339995
v 0.01706916 0.00018122 -0.01339995
v 0.00106227 -0.01831567 -0.01339995
v 0.00077759 -0.01880878 -0.01339995
v 0.02086687 -0.00026011 -0.01339995
v 0.02086687 0.00025753 -0.01339995
v 0.01919418 0.00018122 -0.01339995
v 0.01890945 0.00067433 -0.01339995
v 0.00126666 0.01831310 -0.01339995
v 0.00126666 0.01774370 -0.01339995
v 0.01841634 0.00095904 -0.01339995
v 0.00162607 0.02135485 -0.01789999
v 0.00499994 0.01798099 -0.01789999
v 0.00162607 0.02135485 -0.01889997
v 0.00499994 0.01798099 -0.01889997
v 0.00109976 0.01803141 -0.01789999
v 0.00109976 0.01803141 -0.01889997
v 0.00095240 0.01748144 -0.01789999
v 0.00095240 0.01748144 -0.01889997
v 0.00054978 0.01707881 -0.01789999
v 0.00054978 0.01707881 -0.01889997
v -0.00000022 0.01693141 -0.01789999
v -0.00000022 0.01693141 -0.01889997
v -0.00055022 0.01707881 -0.01789999
v -0.00055022 0.01707881 -0.01889997
v -0.00095285 0.01748144 -0.01789999
v -0.00095285 0.01748144 -0.01889997
v -0.00110018 0.01803141 -0.01789999
v -0.00110018 0.01803141 -0.01889997
v -0.00095285 0.01858144 -0.01789999
v -0.00095285 0.01858144 -0.01889997
v -0.00055022 0.01898407 -0.01789999
v -0.00055022 0.01898407 -0.01889997
v -0.00000022 0.01913142 -0.01789999
v -0.00000022 0.01913142 -0.01889997
v 0.00054978 0.01898407 -0.01789999
v 0.00054978 0.01898407 -0.01889997
v 0.00095240 0.01858144 -0.01789999
v 0.00095240 0.01858144 -0.01889997
v 0.00109976 -0.01803100 -0.01789999
v 0.00109976 -0.01803100 -0.01889997
v 0.00095240 -0.01858097 -0.01789999
v 0.00095240 -0.01858097 -0.01889997
v 0.00054978 -0.01898360 -0.01789999
v 0.00054978 -0.01898360 -0.01889997
v -0.00000022 -0.01913100 -0.01789999
v -0.00000022 -0.01913100 -0.01889997
v -0.00055022 -0.01898360 -0.01789999
v -0.00055022 -0.01898360 -0.01889997
v -0.00095285 -0.01858097 -0.01789999
v -0.00095285 -0.01858097 -0.01889997
v -0.00110018 -0.01803100 -0.01789999
v -0.00110018 -0.01803100 -0.01889997
v -0.00095285 -0.01748096 -0.01789999
v -0.00095285 -0.01748096 -0.01889997
v -0.00055022 -0.01707834 -0.01789999
v -0.00055022 -0.01707834 -0.01889997
v -0.00000022 -0.01693099 -0.01789999
v -0.00000022 -0.01693099 -0.01889997
v 0.00054978 -0.01707834 -0.01789999
v 0.00054978 -0.01707834 -0.01889997
v 0.00095240 -0.01748096 -0.01789999
v 0.00095240 -0.01748096 -0.01889997
v -0.00088040 -0.02185297 -0.01789999
v -0.00500035 -0.01798057 -0.01789999
v -0.00162655 -0.02135437 -0.01789999
v -0.00500035 0.01798099 -0.01789999
v 0.00087995 0.02185338 -0.01789999
v -0.00000022 -0.02202802 -0.01789999
v 0.00087995 -0.02185297 -0.01789999
v 0.00162607 -0.02135437 -0.01789999
v 0.00499994 -0.01798057 -0.01789999
v -0.00162655 0.02135485 -0.01789999
v -0.00088040 0.02185338 -0.01789999
v -0.00000022 0.02202850 -0.01789999
v 0.00087995 0.02185338 -0.01889997
v -0.00000022 0.02202850 -0.01889997
v -0.00088040 0.02185338 -0.01889997
v -0.00162655 0.02135485 -0.01889997
v 0.00499994 -0.01798057 -0.01889997
v 0.00162607 -0.02135437 -0.01889997
v -0.00162655 -0.02135437 -0.01889997
v -0.00088040 -0.02185297 -0.01889997
v -0.00000022 -0.02202802 -0.01889997
v 0.00087995 -0.02185297 -0.01889997
v -0.00500035 -0.01798057 -0.01889997
v -0.00500035 0.01798099 -0.01889997
v -0.00300038 -0.01119977 -0.02719998
v 0.00299990 -0.01119977 -0.02719998
v -0.00300038 -0.01119977 -0.02089995
v 0.00299990 -0.01119977 -0.02089995
v -0.00500035 -0.00869977 -0.01940000
v 0.00499994 -0.00869977 -0.01940000
v -0.00500035 -0.00869977 -0.02769994
v 0.00499994 -0.00869977 -0.02769994
v 0.00499994 0.00870019 -0.01940000
v -0.00500035 0.00870019 -0.01940000
v 0.00499994 0.00870019 -0.02769994
v -0.00500035 0.00870019 -0.02769994
v 0.00299990 0.01120018 -0.02719998
v -0.00300038 0.01120018 -0.02719998
v 0.00299990 0.01120018 -0.02089995
v -0.00300038 0.01120018 -0.02089995
v 0.00499994 0.00920022 -0.02919995
v -0.00500035 0.00920022 -0.02919995
v -0.00496191 0.00959039 -0.02916157
v 0.00496149 0.00959039 -0.02916157
v -0.00484812 0.00996554 -0.02904772
v 0.00484764 0.00996554 -0.02904772
v -0.00441456 0.01061439 -0.02861416
v 0.00441414 0.01061439 -0.02861416
v -0.00376570 0.01104795 -0.02796536
v 0.00376529 0.01104795 -0.02796536
v -0.00500035 0.00920022 -0.02089995
v -0.00498378 0.00945717 -0.02089995
v -0.00488174 0.00987870 -0.02089995
v -0.00469124 0.01026833 -0.02089995
v -0.00442123 0.01060771 -0.02089995
v -0.00408441 0.01088094 -0.02089995
v -0.00369656 0.01107507 -0.02089995
v -0.00327599 0.01118111 -0.02089995
v 0.00327557 0.01118111 -0.02089995
v 0.00369614 0.01107507 -0.02089995
v 0.00408393 0.01088094 -0.02089995
v 0.00499994 0.00920022 -0.02089995
v 0.00498337 0.00945717 -0.02089995
v 0.00488132 0.00987870 -0.02089995
v 0.00469083 0.01026833 -0.02089995
v 0.00442076 0.01060771 -0.02089995
v -0.00500017 -0.01058453 -0.01965790
v -0.00500035 -0.01111346 -0.01932442
v -0.00500029 -0.01163506 -0.01908898
v -0.00500047 -0.01213967 -0.01894992
v -0.00500035 -0.01266384 -0.01889997
v -0.00500041 0.01119440 -0.01928198
v -0.00500011 0.01061093 -0.01963937
v -0.00500035 0.01266431 -0.01889997
v -0.00500047 0.01224762 -0.01893168
v -0.00500035 0.01172912 -0.01905655
v -0.00500047 -0.00946283 -0.02063715
v -0.00500059 -0.00961393 -0.02048903
v -0.00500035 -0.00992364 -0.02019870
v -0.00500035 -0.00999969 -0.02013027
v -0.00500035 0.01002538 -0.02010786
v -0.00500035 0.00992495 -0.02019786
v -0.00500059 0.00961387 -0.02048951
v -0.00500047 0.00946355 -0.02063685
v -0.00500035 -0.00919974 -0.02919995
v -0.00500035 -0.00919974 -0.02089995
v 0.00499994 -0.00919974 -0.02919995
v 0.00499994 0.01266431 -0.01889997
v 0.00500005 -0.01224720 -0.01893168
v 0.00499988 -0.01172870 -0.01905655
v 0.00499994 -0.01119393 -0.01928198
v 0.00499970 -0.01061052 -0.01963937
v 0.00499994 -0.01266384 -0.01889997
v 0.00499970 0.01058495 -0.01965790
v 0.00499994 0.01111388 -0.01932442
v 0.00499988 0.01163554 -0.01908898
v 0.00500005 0.01214015 -0.01894992
v 0.00499994 -0.01002490 -0.02010786
v 0.00499994 -0.00992453 -0.02019786
v 0.00500017 -0.00961345 -0.02048951
v 0.00500005 0.00946325 -0.02063715
v 0.00500017 0.00961435 -0.02048903
v 0.00500005 -0.00946313 -0.02063685
v 0.00499994 -0.00919974 -0.02089995
v 0.00499994 0.00992411 -0.02019870
v 0.00499994 0.01000010 -0.02013027
v -0.00484812 -0.00996512 -0.02904772
v 0.00441414 -0.01061397 -0.02861416
v -0.00441456 -0.01061397 -0.02861416
v 0.00376529 -0.01104748 -0.02796536
v -0.00376570 -0.01104748 -0.02796536
v -0.00496191 -0.00958991 -0.02916157
v 0.00496149 -0.00958991 -0.02916157
v 0.00484764 -0.00996512 -0.02904772
v -0.00327599 -0.01118063 -0.02089995
v -0.00369656 -0.01107466 -0.02089995
v -0.00408441 -0.01088047 -0.02089995
v -0.00498378 -0.00945675 -0.02089995
v -0.00488174 -0.00987828 -0.02089995
v -0.00469124 -0.01026791 -0.02089995
v -0.00442123 -0.01060730 -0.02089995
v 0.00498337 -0.00945675 -0.02089995
v 0.00488132 -0.00987828 -0.02089995
v 0.00469083 -0.01026791 -0.02089995
v 0.00442076 -0.01060730 -0.02089995
v 0.00408393 -0.01088047 -0.02089995
v 0.00369614 -0.01107466 -0.02089995
v 0.00327557 -0.01118063 -0.02089995
v -0.00300038 0.01320022 -0.01889997
v -0.00355166 0.01316201 -0.01889997
v -0.00439280 0.01295000 -0.01889997
v 0.00299990 0.01320022 -0.01889997
v 0.00355124 0.01316201 -0.01889997
v 0.00439232 0.01295000 -0.01889997
v 0.00371134 0.01111608 -0.02048414
v 0.00328159 0.01122438 -0.02048414
v 0.00330895 0.01142114 -0.01994568
v 0.00489569 0.01039779 -0.01994568
v 0.00299990 0.01144254 -0.01994568
v 0.00299990 0.01178598 -0.01948577
v 0.00349391 0.01275014 -0.01894366
v 0.00299990 0.01278436 -0.01894366
v 0.00424760 0.01256018 -0.01894366
v 0.00299990 0.01124387 -0.02048414
v 0.00299990 0.01135241 -0.02013462
v 0.00472772 0.01029169 -0.02048414
v 0.00492239 0.00989354 -0.02048414
v 0.00494260 0.01221221 -0.01894366
v 0.00410765 0.01091766 -0.02048414
v 0.00378048 0.01130229 -0.01994568
v 0.00335634 0.01176130 -0.01948577
v 0.00299990 0.01224589 -0.01914232
v 0.00440144 0.01137322 -0.01948577
v 0.00483692 0.01102000 -0.01948577
v 0.00459296 0.01077830 -0.01994568
v 0.00445181 0.01063847 -0.02048414
v 0.00421530 0.01108461 -0.01994568
v 0.00390005 0.01162427 -0.01948577
v 0.00341970 0.01221680 -0.01914232
v 0.00299990 0.01243484 -0.01905220
v 0.00406015 0.01205539 -0.01914232
v 0.00465071 0.01175969 -0.01914232
v -0.00300038 0.01278436 -0.01894366
v -0.00300038 0.01243484 -0.01905220
v -0.00300038 0.01224589 -0.01914232
v -0.00300038 0.01178598 -0.01948577
v -0.00300038 0.01144254 -0.01994568
v -0.00300038 0.01135241 -0.02013462
v -0.00300038 0.01124387 -0.02048414
v -0.00371176 0.01111608 -0.02048414
v -0.00483739 0.01102000 -0.01948577
v -0.00494301 0.01221221 -0.01894366
v -0.00465113 0.01175969 -0.01914232
v -0.00440186 0.01137322 -0.01948577
v -0.00410807 0.01091766 -0.02048414
v -0.00445229 0.01063847 -0.02048414
v -0.00472820 0.01029169 -0.02048414
v -0.00492287 0.00989354 -0.02048414
v -0.00328207 0.01122438 -0.02048414
v -0.00330943 0.01142114 -0.01994568
v -0.00335675 0.01176130 -0.01948577
v -0.00342011 0.01221680 -0.01914232
v -0.00349438 0.01275014 -0.01894366
v -0.00489616 0.01039779 -0.01994568
v -0.00459343 0.01077830 -0.01994568
v -0.00421578 0.01108461 -0.01994568
v -0.00378096 0.01130229 -0.01994568
v -0.00390047 0.01162427 -0.01948577
v -0.00406057 0.01205539 -0.01914232
v -0.00424802 0.01256018 -0.01894366
v -0.00439280 -0.01294958 -0.01889997
v -0.00355166 -0.01316159 -0.01889997
v -0.00300038 -0.01319974 -0.01889997
v 0.00439232 -0.01294958 -0.01889997
v 0.00299990 -0.01319974 -0.01889997
v 0.00355124 -0.01316159 -0.01889997
v -0.00371176 -0.01111561 -0.02048414
v -0.00328207 -0.01122397 -0.02048414
v -0.00330943 -0.01142072 -0.01994568
v -0.00489616 -0.01039731 -0.01994568
v -0.00300038 -0.01144212 -0.01994568
v -0.00300038 -0.01178556 -0.01948577
v -0.00349438 -0.01274973 -0.01894366
v -0.00300038 -0.01278394 -0.01894366
v -0.00424802 -0.01255977 -0.01894366
v -0.00300038 -0.01124346 -0.02048414
v -0.00300038 -0.01135200 -0.02013462
v -0.00472820 -0.01029121 -0.02048414
v -0.00492287 -0.00989306 -0.02048414
v -0.00494301 -0.01221179 -0.01894366
v -0.00410807 -0.01091724 -0.02048414
v -0.00378096 -0.01130187 -0.01994568
v -0.00335675 -0.01176083 -0.01948577
v -0.00300038 -0.01224541 -0.01914232
v -0.00440186 -0.01137274 -0.01948577
v -0.00483739 -0.01101952 -0.01948577
v -0.00459343 -0.01077783 -0.01994568
v -0.00445229 -0.01063805 -0.02048414
v -0.00421578 -0.01108419 -0.01994568
v -0.00390047 -0.01162379 -0.01948577
v -0.00342011 -0.01221638 -0.01914232
v -0.00300038 -0.01243436 -0.01905220
v -0.00406057 -0.01205492 -0.01914232
v -0.00465113 -0.01175928 -0.01914232
v 0.00299990 -0.01124346 -0.02048414
v 0.00299990 -0.01135200 -0.02013462
v 0.00299990 -0.01144212 -0.01994568
v 0.00299990 -0.01178556 -0.01948577
v 0.00299990 -0.01224541 -0.01914232
v 0.00299990 -0.01243436 -0.01905220
v 0.00299990 -0.01278394 -0.01894366
v 0.00371134 -0.01111561 -0.02048414
v 0.00483692 -0.01101952 -0.01948577
v 0.00494260 -0.01221179 -0.01894366
v 0.00465071 -0.01175928 -0.01914232
v 0.00440144 -0.01137274 -0.01948577
v 0.00410765 -0.01091724 -0.02048414
v 0.00445181 -0.01063805 -0.02048414
v 0.00472772 -0.01029121 -0.02048414
v 0.00492239 -0.00989306 -0.02048414
v 0.00328159 -0.01122397 -0.02048414
v 0.00330895 -0.01142072 -0.01994568
v 0.00335634 -0.01176083 -0.01948577
v 0.00341970 -0.01221638 -0.01914232
v 0.00349391 -0.01274973 -0.01894366
v 0.00489569 -0.01039731 -0.01994568
v 0.00459296 -0.01077783 -0.01994568
v 0.00421530 -0.01108419 -0.01994568
v 0.00378048 -0.01130187 -0.01994568
v 0.00390005 -0.01162379 -0.01948577
v 0.00406015 -0.01205492 -0.01914232
v 0.00424760 -0.01255977 -0.01894366
v 0.03825420 -0.03753280 -0.00767922
v 0.03824728 -0.03761011 -0.00767922
v 0.03824728 -0.03761011 -0.01239997
v 0.03727221 -0.03679168 -0.00767922
v 0.03733998 -0.03677308 -0.00767922
v 0.03733998 -0.03677308 -0.01239997
v 0.03736531 -0.03676784 -0.00767922
v 0.03746068 -0.03675603 -0.00767922
v 0.03755682 -0.03675657 -0.00767922
v 0.03769886 -0.03678029 -0.01239997
v 0.03718292 -0.03682732 -0.00767922
v 0.03701883 -0.03693348 -0.01239997
v 0.03709894 -0.03687399 -0.00767922
v 0.03680896 -0.03722470 -0.01239997
v 0.03680896 -0.03722470 -0.00767922
v 0.03684169 -0.03715431 -0.00767922
v 0.03689193 -0.03707236 -0.00767922
v 0.03695225 -0.03699755 -0.00767922
v 0.03702163 -0.03693109 -0.00767922
v 0.03675854 -0.03758013 -0.01239997
v 0.03675854 -0.03758013 -0.00767922
v 0.03675502 -0.03752475 -0.00767922
v 0.03675860 -0.03742873 -0.00767922
v 0.03677445 -0.03733396 -0.00767922
v 0.03680229 -0.03724199 -0.00767922
v 0.03691589 -0.03796923 -0.00767922
v 0.03687906 -0.03791826 -0.00767922
v 0.03687906 -0.03791826 -0.01239997
v 0.03686130 -0.03789013 -0.00767922
v 0.03681731 -0.03780466 -0.00767922
v 0.03678464 -0.03771430 -0.00767922
v 0.03676372 -0.03762048 -0.00767922
v 0.03698009 -0.03804069 -0.00767922
v 0.03714293 -0.03816169 -0.01239997
v 0.03705298 -0.03810340 -0.00767922
v 0.03748965 -0.03825461 -0.01239997
v 0.03748965 -0.03825461 -0.00767922
v 0.03740489 -0.03824806 -0.00767922
v 0.03731065 -0.03822916 -0.01239997
v 0.03731065 -0.03822916 -0.00767922
v 0.03721958 -0.03819841 -0.00767922
v 0.03713321 -0.03815627 -0.00767922
v 0.03783982 -0.03817570 -0.01239997
v 0.03783982 -0.03817570 -0.00767922
v 0.03778249 -0.03820145 -0.00767922
v 0.03769111 -0.03823125 -0.00767922
v 0.03759670 -0.03824907 -0.00767922
v 0.03750073 -0.03825473 -0.00767922
v 0.03811329 -0.03794312 -0.01239997
v 0.03811329 -0.03794312 -0.00767922
v 0.03808861 -0.03797549 -0.00767922
v 0.03802365 -0.03804630 -0.00767922
v 0.03795009 -0.03810822 -0.00767922
v 0.03786927 -0.03816020 -0.00767922
v 0.03824448 -0.03762841 -0.00767922
v 0.03822261 -0.03772199 -0.00767922
v 0.03818893 -0.03781199 -0.00767922
v 0.03814405 -0.03789699 -0.00767922
v 0.03825163 -0.03743672 -0.00767922
v 0.03821122 -0.03725296 -0.01239997
v 0.03823685 -0.03734177 -0.00767922
v 0.03801327 -0.03695350 -0.01239997
v 0.03801327 -0.03695350 -0.00767922
v 0.03806263 -0.03700351 -0.00767922
v 0.03812217 -0.03707897 -0.00767922
v 0.03817152 -0.03716140 -0.00767922
v 0.03820997 -0.03724950 -0.00767922
v 0.03765207 -0.03676933 -0.00767922
v 0.03769886 -0.03678029 -0.00767922
v 0.03774487 -0.03679424 -0.00767922
v 0.03783375 -0.03683078 -0.00767922
v 0.03791725 -0.03687840 -0.00767922
v 0.03799396 -0.03693628 -0.00767922
v 0.03680264 -0.03510445 -0.01439994
v 0.03747630 -0.03500401 -0.01439994
v 0.03678727 -0.03462785 -0.01439994
v 0.03547817 -0.03897011 -0.01439994
v 0.03537201 -0.03956454 -0.01439994
v 0.03594863 -0.03946256 -0.01439994
v 0.03586405 -0.03997445 -0.01439994
v 0.03653454 -0.03980976 -0.01439994
v 0.03643256 -0.04026913 -0.01439994
v 0.03449839 -0.03768271 -0.01439994
v 0.03462785 -0.03678727 -0.01439994
v 0.03416341 -0.03767597 -0.01439994
v 0.03394514 -0.03697019 -0.01439994
v 0.03386366 -0.03782564 -0.01439994
v 0.03925424 -0.04022419 -0.01439994
v 0.03914177 -0.03990858 -0.01439994
v 0.03852713 -0.03978711 -0.01439994
v 0.03994739 -0.03696811 -0.01439994
v 0.04000157 -0.03764700 -0.01439994
v 0.04046392 -0.03769081 -0.01439994
v 0.03618109 -0.03538286 -0.01439994
v 0.03910499 -0.03942662 -0.01439994
v 0.04035496 -0.03832185 -0.01439994
v 0.03987061 -0.03831535 -0.01439994
v 0.03956419 -0.03892362 -0.01439994
v 0.03877979 -0.03535330 -0.01439994
v 0.03867161 -0.03494346 -0.01439994
v 0.03834474 -0.03501707 -0.01439994
v 0.03349262 -0.03718119 -0.01439994
v 0.03313958 -0.03753429 -0.01439994
v 0.03366780 -0.03809750 -0.01439994
v 0.03292858 -0.03798675 -0.01439994
v 0.03362071 -0.03842920 -0.01439994
v 0.03288507 -0.03848415 -0.01439994
v 0.03373318 -0.03874480 -0.01439994
v 0.03923064 -0.04114115 -0.01439994
v 0.03971290 -0.04127037 -0.01439994
v 0.03982412 -0.04053807 -0.01439994
v 0.04021030 -0.04122686 -0.01439994
v 0.04015094 -0.04046446 -0.01439994
v 0.04066276 -0.04101586 -0.01439994
v 0.04040616 -0.04024738 -0.01439994
v 0.04101586 -0.04066276 -0.01439994
v 0.04053127 -0.03993654 -0.01439994
v 0.03854000 -0.03364104 -0.01439994
v 0.03848415 -0.03288507 -0.01439994
v 0.03820502 -0.03363430 -0.01439994
v 0.03798675 -0.03292858 -0.01439994
v 0.03790533 -0.03378397 -0.01439994
v 0.03462994 -0.03898507 -0.01439994
v 0.03430312 -0.03905868 -0.01439994
v 0.03419190 -0.03979098 -0.01439994
v 0.03413599 -0.03903502 -0.01439994
v 0.03370964 -0.03966176 -0.01439994
v 0.03397947 -0.03897202 -0.01439994
v 0.03330063 -0.03937542 -0.01439994
v 0.03301429 -0.03896641 -0.01439994
v 0.03618633 -0.03484898 -0.01439994
v 0.03564685 -0.03519403 -0.01439994
v 0.03565770 -0.03581869 -0.01439994
v 0.03519403 -0.03564685 -0.01439994
v 0.03527128 -0.03637951 -0.01439994
v 0.03484898 -0.03618633 -0.01439994
v 0.03505051 -0.03702384 -0.01439994
v 0.03501182 -0.03770381 -0.01439994
v 0.03479182 -0.03784435 -0.01439994
v 0.03497660 -0.03812384 -0.01439994
v 0.03515797 -0.03836899 -0.01439994
v 0.03501027 -0.03845721 -0.01439994
v 0.03488516 -0.03876799 -0.01439994
v 0.03468930 -0.03974747 -0.01439994
v 0.03965705 -0.04051434 -0.01439994
v 0.03950047 -0.04045134 -0.01439994
v 0.03882163 -0.04085475 -0.01439994
v 0.03832185 -0.04035496 -0.01439994
v 0.03769081 -0.04046392 -0.01439994
v 0.03787344 -0.03997832 -0.01439994
v 0.03705114 -0.04043483 -0.01439994
v 0.03719246 -0.03998607 -0.01439994
v 0.03685748 -0.03992044 -0.01439994
v 0.03918880 -0.03957682 -0.01439994
v 0.03938466 -0.03930503 -0.01439994
v 0.03968441 -0.03915530 -0.01439994
v 0.04001939 -0.03916203 -0.01439994
v 0.04085475 -0.03882163 -0.01439994
v 0.04031282 -0.03932368 -0.01439994
v 0.04114115 -0.03923064 -0.01439994
v 0.04049760 -0.03960323 -0.01439994
v 0.04127037 -0.03971290 -0.01439994
v 0.04122686 -0.04021030 -0.01439994
v 0.03777486 -0.03470313 -0.01439994
v 0.03766238 -0.03438758 -0.01439994
v 0.03697019 -0.03394514 -0.01439994
v 0.03770947 -0.03405582 -0.01439994
v 0.03718119 -0.03349262 -0.01439994
v 0.03753429 -0.03313958 -0.01439994
v 0.03815203 -0.03508907 -0.01439994
v 0.03817766 -0.03499335 -0.01439994
v 0.03802114 -0.03493034 -0.01439994
v 0.03905189 -0.03441554 -0.01439994
v 0.03979098 -0.03419190 -0.01439994
v 0.03901821 -0.03408223 -0.01439994
v 0.03966176 -0.03370964 -0.01439994
v 0.03883349 -0.03380268 -0.01439994
v 0.03937542 -0.03330063 -0.01439994
v 0.03896641 -0.03301429 -0.01439994
v 0.03892683 -0.03472638 -0.01439994
v 0.03956454 -0.03537201 -0.01439994
v 0.03974747 -0.03468930 -0.01439994
v 0.04043483 -0.03705114 -0.01439994
v 0.04026913 -0.03643256 -0.01439994
v 0.03971201 -0.03632897 -0.01439994
v 0.03997445 -0.03586405 -0.01439994
v 0.03931295 -0.03577709 -0.01439994
v 0.04001939 -0.03916203 -0.01539999
v 0.04035496 -0.03832185 -0.01539999
v 0.04031282 -0.03932368 -0.01539999
v 0.04049760 -0.03960323 -0.01539999
v 0.04085475 -0.03882163 -0.01539999
v 0.04114115 -0.03923064 -0.01539999
v 0.04127037 -0.03971290 -0.01539999
v 0.03997445 -0.03586405 -0.01539999
v 0.04026913 -0.03643256 -0.01539999
v 0.03968441 -0.03915530 -0.01539999
v 0.04043483 -0.03705114 -0.01539999
v 0.04046392 -0.03769081 -0.01539999
v 0.03938466 -0.03930503 -0.01539999
v 0.03918880 -0.03957682 -0.01539999
v 0.03832185 -0.04035496 -0.01539999
v 0.03914177 -0.03990858 -0.01539999
v 0.03882163 -0.04085475 -0.01539999
v 0.03925424 -0.04022419 -0.01539999
v 0.03923064 -0.04114115 -0.01539999
v 0.03770947 -0.03405582 -0.01539999
v 0.03766238 -0.03438758 -0.01539999
v 0.03678727 -0.03462785 -0.01539999
v 0.03777486 -0.03470313 -0.01539999
v 0.03802114 -0.03493034 -0.01539999
v 0.03794473 -0.03586268 -0.01539999
v 0.03817766 -0.03499335 -0.01539999
v 0.03845411 -0.03609448 -0.01539999
v 0.03834474 -0.03501707 -0.01539999
v 0.03886055 -0.03647917 -0.01539999
v 0.03867161 -0.03494346 -0.01539999
v 0.03912007 -0.03697496 -0.01539999
v 0.03956454 -0.03537201 -0.01539999
v 0.03892683 -0.03472638 -0.01539999
v 0.03974747 -0.03468930 -0.01539999
v 0.03905189 -0.03441554 -0.01539999
v 0.03979098 -0.03419190 -0.01539999
v 0.03901821 -0.03408223 -0.01539999
v 0.03820502 -0.03363430 -0.01539999
v 0.03848415 -0.03288507 -0.01539999
v 0.03854000 -0.03364104 -0.01539999
v 0.03896641 -0.03301429 -0.01539999
v 0.03883349 -0.03380268 -0.01539999
v 0.03937542 -0.03330063 -0.01539999
v 0.03966176 -0.03370964 -0.01539999
v 0.03582423 -0.03776144 -0.01539999
v 0.03537201 -0.03956454 -0.01539999
v 0.03583192 -0.03720188 -0.01539999
v 0.03501027 -0.03845721 -0.01539999
v 0.03602093 -0.03667509 -0.01539999
v 0.03497660 -0.03812384 -0.01539999
v 0.03479182 -0.03784435 -0.01539999
v 0.03697019 -0.03394514 -0.01539999
v 0.03718119 -0.03349262 -0.01539999
v 0.03790533 -0.03378397 -0.01539999
v 0.03753429 -0.03313958 -0.01539999
v 0.03798675 -0.03292858 -0.01539999
v 0.04053127 -0.03993654 -0.01539999
v 0.04122686 -0.04021030 -0.01539999
v 0.04040616 -0.04024738 -0.01539999
v 0.04101586 -0.04066276 -0.01539999
v 0.04015094 -0.04046446 -0.01539999
v 0.03920459 -0.03752815 -0.01539999
v 0.03910487 -0.03807884 -0.01539999
v 0.03883177 -0.03856730 -0.01539999
v 0.03950047 -0.04045134 -0.01539999
v 0.03965705 -0.04051434 -0.01539999
v 0.03971290 -0.04127037 -0.01539999
v 0.03982412 -0.04053807 -0.01539999
v 0.04021030 -0.04122686 -0.01539999
v 0.04066276 -0.04101586 -0.01539999
v 0.03599864 -0.03829318 -0.01539999
v 0.03633624 -0.03873950 -0.01539999
v 0.03586405 -0.03997445 -0.01539999
v 0.03680050 -0.03905200 -0.01539999
v 0.03643256 -0.04026913 -0.01539999
v 0.03706473 -0.03914684 -0.01539999
v 0.03705114 -0.04043483 -0.01539999
v 0.03734105 -0.03919684 -0.01539999
v 0.03769081 -0.04046392 -0.01539999
v 0.03789931 -0.03915834 -0.01539999
v 0.03841489 -0.03894060 -0.01539999
v 0.03366780 -0.03809750 -0.01539999
v 0.03313958 -0.03753429 -0.01539999
v 0.03386366 -0.03782564 -0.01539999
v 0.03349262 -0.03718119 -0.01539999
v 0.03416341 -0.03767597 -0.01539999
v 0.03394514 -0.03697019 -0.01539999
v 0.03449839 -0.03768271 -0.01539999
v 0.03419190 -0.03979098 -0.01539999
v 0.03370964 -0.03966176 -0.01539999
v 0.03397947 -0.03897202 -0.01539999
v 0.03330063 -0.03937542 -0.01539999
v 0.03373318 -0.03874480 -0.01539999
v 0.03301429 -0.03896641 -0.01539999
v 0.03362071 -0.03842920 -0.01539999
v 0.03288507 -0.03848415 -0.01539999
v 0.03292858 -0.03798675 -0.01539999
v 0.03413599 -0.03903502 -0.01539999
v 0.03430312 -0.03905868 -0.01539999
v 0.03468930 -0.03974747 -0.01539999
v 0.03462994 -0.03898507 -0.01539999
v 0.03488516 -0.03876799 -0.01539999
v 0.03484898 -0.03618633 -0.01539999
v 0.03519403 -0.03564685 -0.01539999
v 0.03637069 -0.03623825 -0.01539999
v 0.03564685 -0.03519403 -0.01539999
v 0.03684335 -0.03593868 -0.01539999
v 0.03618633 -0.03484898 -0.01539999
v 0.03738772 -0.03580880 -0.01539999
v 0.03462785 -0.03678727 -0.01539999
v 0.03794473 -0.03586268 -0.01439994
v 0.03845411 -0.03609448 -0.01439994
v 0.03886055 -0.03647917 -0.01439994
v 0.03912007 -0.03697496 -0.01439994
v 0.03920459 -0.03752815 -0.01439994
v 0.03910487 -0.03807884 -0.01439994
v 0.03883177 -0.03856730 -0.01439994
v 0.03841489 -0.03894060 -0.01439994
v 0.03789931 -0.03915834 -0.01439994
v 0.03734105 -0.03919684 -0.01439994
v 0.03706473 -0.03914684 -0.01439994
v 0.03680050 -0.03905200 -0.01439994
v 0.03633624 -0.03873950 -0.01439994
v 0.03599864 -0.03829318 -0.01439994
v 0.03582423 -0.03776144 -0.01439994
v 0.03583192 -0.03720188 -0.01439994
v 0.03602093 -0.03667509 -0.01439994
v 0.03637069 -0.03623825 -0.01439994
v 0.03684335 -0.03593868 -0.01439994
v 0.03738772 -0.03580880 -0.01439994
v 0.03618109 -0.03538286 -0.01239997
v 0.03565770 -0.03581869 -0.01239997
v 0.03653454 -0.03980976 -0.01239997
v 0.03515797 -0.03836899 -0.01239997
v 0.03547817 -0.03897011 -0.01239997
v 0.03594863 -0.03946256 -0.01239997
v 0.03747630 -0.03500401 -0.01239997
v 0.03680264 -0.03510445 -0.01239997
v 0.03527128 -0.03637951 -0.01239997
v 0.03505051 -0.03702384 -0.01239997
v 0.03501182 -0.03770381 -0.01239997
v 0.03987061 -0.03831535 -0.01239997
v 0.04000157 -0.03764700 -0.01239997
v 0.03877979 -0.03535330 -0.01239997
v 0.03815203 -0.03508907 -0.01239997
v 0.03994739 -0.03696811 -0.01239997
v 0.03971201 -0.03632897 -0.01239997
v 0.03931295 -0.03577709 -0.01239997
v 0.03910499 -0.03942662 -0.01239997
v 0.03956419 -0.03892362 -0.01239997
v 0.03685748 -0.03992044 -0.01239997
v 0.03719246 -0.03998607 -0.01239997
v 0.03787344 -0.03997832 -0.01239997
v 0.03852713 -0.03978711 -0.01239997
v 0.03750473 -0.03750473 -0.01439994
v 0.03600680 -0.03758323 -0.00749510
v 0.03675580 -0.03754401 -0.00743145
v 0.03675675 -0.03744983 -0.00743145
v 0.03595310 -0.03878140 -0.00755715
v 0.03610295 -0.03863990 -0.00753027
v 0.03603094 -0.03849089 -0.00752646
v 0.03578919 -0.04132497 -0.00800014
v 0.03589135 -0.04094374 -0.00789934
v 0.03560334 -0.04087918 -0.00791788
v 0.03630363 -0.03940510 -0.00759149
v 0.03642863 -0.03893870 -0.00752890
v 0.03625631 -0.03880661 -0.00753027
v 0.03767716 -0.03899478 -0.00749510
v 0.03759098 -0.03824979 -0.00743145
v 0.03749692 -0.03825473 -0.00743145
v 0.03766411 -0.04142409 -0.00793040
v 0.03746420 -0.04137778 -0.00791788
v 0.03745949 -0.04218780 -0.00814253
v 0.04330033 -0.03905767 -0.00859940
v 0.04335999 -0.03881484 -0.00859940
v 0.04320502 -0.03877329 -0.00853759
v 0.03905636 -0.03622812 -0.00755715
v 0.03890651 -0.03636962 -0.00753027
v 0.03897851 -0.03651863 -0.00752646
v 0.03922027 -0.03368449 -0.00800014
v 0.03911811 -0.03406572 -0.00789934
v 0.03940612 -0.03413033 -0.00791788
v 0.03870588 -0.03560441 -0.00759149
v 0.03858089 -0.03607076 -0.00752890
v 0.03875321 -0.03620284 -0.00753027
v 0.03734540 -0.03358542 -0.00793040
v 0.03754532 -0.03363174 -0.00791788
v 0.03755003 -0.03282171 -0.00814253
v 0.03170919 -0.03595185 -0.00859940
v 0.03164952 -0.03619468 -0.00859940
v 0.03180450 -0.03623616 -0.00853759
v 0.03471565 -0.03694236 -0.00769251
v 0.03523057 -0.03715419 -0.00759959
v 0.03573656 -0.03714823 -0.00753027
v 0.03571611 -0.03728431 -0.00753003
v 0.03601139 -0.03736340 -0.00749510
v 0.03331977 -0.03664219 -0.00802350
v 0.03369021 -0.03674149 -0.00792217
v 0.03370791 -0.03673917 -0.00791788
v 0.03445702 -0.03694695 -0.00774193
v 0.03470277 -0.03701281 -0.00769246
v 0.03480815 -0.03659725 -0.00769251
v 0.03458642 -0.03646397 -0.00774193
v 0.03383380 -0.03626936 -0.00791788
v 0.03381961 -0.03625851 -0.00792217
v 0.03344917 -0.03615927 -0.00802350
v 0.03614085 -0.03688049 -0.00749510
v 0.03584551 -0.03680133 -0.00753003
v 0.03579521 -0.03692942 -0.00753027
v 0.03535997 -0.03667122 -0.00759959
v 0.03483223 -0.03652983 -0.00769246
v 0.03715032 -0.03684377 -0.00743145
v 0.03662800 -0.03626269 -0.00749731
v 0.03707027 -0.03689342 -0.00743145
v 0.03661972 -0.03629368 -0.00749510
v 0.03701883 -0.03693348 -0.00743145
v 0.03648942 -0.03640061 -0.00749510
v 0.03699707 -0.03695267 -0.00743145
v 0.03635907 -0.03653657 -0.00749510
v 0.03693193 -0.03702068 -0.00743145
v 0.03624677 -0.03668779 -0.00749510
v 0.03687572 -0.03709626 -0.00743145
v 0.03615427 -0.03685188 -0.00749510
v 0.03682953 -0.03717833 -0.00743145
v 0.03723597 -0.03680455 -0.00743145
v 0.03672146 -0.03591382 -0.00752646
v 0.03671097 -0.03595316 -0.00752276
v 0.03720676 -0.03603464 -0.00749510
v 0.03728979 -0.03572481 -0.00752890
v 0.03707450 -0.03575307 -0.00753027
v 0.03741472 -0.03525841 -0.00759149
v 0.03679931 -0.03562331 -0.00755715
v 0.03685832 -0.03582078 -0.00753027
v 0.03682422 -0.03553050 -0.00756812
v 0.03702980 -0.03476327 -0.00768089
v 0.03753453 -0.03465968 -0.00769251
v 0.03723484 -0.03399801 -0.00783235
v 0.03717774 -0.03467839 -0.00769251
v 0.03813332 -0.03257668 -0.00823158
v 0.03775280 -0.03206491 -0.00839293
v 0.03833556 -0.03182196 -0.00850117
v 0.03829836 -0.03171122 -0.00854063
v 0.03836274 -0.03172045 -0.00854057
v 0.03840243 -0.03157228 -0.00859940
v 0.03831905 -0.03156024 -0.00859940
v 0.03802770 -0.03152757 -0.00859940
v 0.03789943 -0.03151774 -0.00859940
v 0.03762161 -0.03448629 -0.00772637
v 0.03782701 -0.03371977 -0.00789934
v 0.03792917 -0.03333854 -0.00800014
v 0.03795194 -0.03690266 -0.00743145
v 0.03824108 -0.03619796 -0.00749510
v 0.03787291 -0.03685134 -0.00743145
v 0.03807151 -0.03611594 -0.00749510
v 0.03778815 -0.03681033 -0.00743145
v 0.03789299 -0.03605586 -0.00749510
v 0.03769886 -0.03678029 -0.00743145
v 0.03770834 -0.03601861 -0.00749510
v 0.03760653 -0.03676170 -0.00743145
v 0.03752046 -0.03600484 -0.00749510
v 0.03751260 -0.03675478 -0.00743145
v 0.03733235 -0.03601467 -0.00749510
v 0.03741854 -0.03675973 -0.00743145
v 0.03732585 -0.03677642 -0.00743145
v 0.03802388 -0.03696340 -0.00743145
v 0.03849786 -0.03638058 -0.00749510
v 0.03839910 -0.03630053 -0.00749510
v 0.03920114 -0.03522056 -0.00769251
v 0.03890150 -0.03502595 -0.00769251
v 0.03891277 -0.03483223 -0.00772637
v 0.03942441 -0.03292262 -0.00823158
v 0.03980708 -0.03342646 -0.00814253
v 0.03960239 -0.03419017 -0.00793040
v 0.03949189 -0.03460276 -0.00783235
v 0.03962665 -0.03216797 -0.00850117
v 0.03971421 -0.03209060 -0.00854063
v 0.03965383 -0.03206640 -0.00854057
v 0.03977179 -0.03194952 -0.00859940
v 0.03969353 -0.03191822 -0.00859940
v 0.04000985 -0.03266966 -0.00839293
v 0.04015648 -0.03212249 -0.00859940
v 0.04004043 -0.03206688 -0.00859940
v 0.03928679 -0.03536808 -0.00768089
v 0.03908127 -0.03613525 -0.00756812
v 0.03808760 -0.03703278 -0.00743145
v 0.03814214 -0.03710955 -0.00743145
v 0.03896796 -0.03655797 -0.00752276
v 0.03818666 -0.03719252 -0.00743145
v 0.03888505 -0.03686743 -0.00749731
v 0.03821122 -0.03725296 -0.00743145
v 0.03893613 -0.03705620 -0.00749510
v 0.03887677 -0.03689843 -0.00749510
v 0.03822040 -0.03728049 -0.00743145
v 0.03824287 -0.03737193 -0.00743145
v 0.03898102 -0.03723913 -0.00749510
v 0.03825372 -0.03746551 -0.00743145
v 0.03900271 -0.03742623 -0.00749510
v 0.03825271 -0.03755968 -0.00743145
v 0.03900074 -0.03761458 -0.00749510
v 0.03899806 -0.03764605 -0.00749510
v 0.04029387 -0.03806716 -0.00769251
v 0.03977894 -0.03785532 -0.00759959
v 0.03927290 -0.03786128 -0.00753027
v 0.03929340 -0.03772521 -0.00753003
v 0.04168975 -0.03836727 -0.00802350
v 0.04131925 -0.03826802 -0.00792217
v 0.04130154 -0.03827035 -0.00791788
v 0.04055249 -0.03806257 -0.00774193
v 0.04030668 -0.03799670 -0.00769246
v 0.04323059 -0.03929781 -0.00859940
v 0.04020136 -0.03841227 -0.00769251
v 0.04042309 -0.03854554 -0.00774193
v 0.04117566 -0.03874015 -0.00791788
v 0.04118984 -0.03875100 -0.00792217
v 0.04156029 -0.03885024 -0.00802350
v 0.03886866 -0.03812903 -0.00749510
v 0.03916400 -0.03820818 -0.00753003
v 0.03921431 -0.03808009 -0.00753027
v 0.03964954 -0.03833824 -0.00759959
v 0.04017728 -0.03847968 -0.00769246
v 0.03821557 -0.03774398 -0.00743145
v 0.03817999 -0.03783118 -0.00743145
v 0.03885525 -0.03815758 -0.00749510
v 0.03813374 -0.03791320 -0.00743145
v 0.03876274 -0.03832173 -0.00749510
v 0.03811329 -0.03794312 -0.00743145
v 0.03865045 -0.03847295 -0.00749510
v 0.03807759 -0.03798884 -0.00743145
v 0.03801238 -0.03805685 -0.00743145
v 0.03785914 -0.03816574 -0.00743145
v 0.03838145 -0.03874683 -0.00749731
v 0.03793919 -0.03811609 -0.00743145
v 0.03838980 -0.03871583 -0.00749510
v 0.03852003 -0.03860890 -0.00749510
v 0.03780275 -0.03897488 -0.00749510
v 0.03771972 -0.03928464 -0.00752890
v 0.03793501 -0.03925645 -0.00753027
v 0.03759473 -0.03975105 -0.00759149
v 0.03797972 -0.04024618 -0.00768089
v 0.03818529 -0.03947901 -0.00756812
v 0.03815114 -0.03918868 -0.00753027
v 0.03821015 -0.03938615 -0.00755715
v 0.03828799 -0.03909569 -0.00752646
v 0.03747493 -0.04034984 -0.00769251
v 0.03777468 -0.04101151 -0.00783235
v 0.03783178 -0.04033112 -0.00769251
v 0.03687620 -0.04243284 -0.00823158
v 0.03725671 -0.04294461 -0.00839293
v 0.03667396 -0.04318749 -0.00850117
v 0.03671115 -0.04329830 -0.00854063
v 0.03664678 -0.04328906 -0.00854057
v 0.03660708 -0.04343724 -0.00859940
v 0.03669047 -0.04344922 -0.00859940
v 0.03698182 -0.04348194 -0.00859940
v 0.03711009 -0.04349178 -0.00859940
v 0.03738784 -0.04052323 -0.00772637
v 0.03718250 -0.04128974 -0.00789934
v 0.03708034 -0.04167097 -0.00800014
v 0.03768366 -0.03823310 -0.00743145
v 0.03722137 -0.03819912 -0.00743145
v 0.03711652 -0.03895366 -0.00749510
v 0.03731065 -0.03822916 -0.00743145
v 0.03730118 -0.03899085 -0.00749510
v 0.03740298 -0.03824782 -0.00743145
v 0.03734326 -0.03899604 -0.00749510
v 0.03748905 -0.03900468 -0.00749510
v 0.03705757 -0.03810685 -0.00743145
v 0.03676837 -0.03881156 -0.00749510
v 0.03713655 -0.03815817 -0.00743145
v 0.03689897 -0.03887701 -0.00749510
v 0.03693801 -0.03889358 -0.00749510
v 0.03698563 -0.03804606 -0.00743145
v 0.03651165 -0.03862887 -0.00749510
v 0.03661042 -0.03870898 -0.00749510
v 0.03580832 -0.03978896 -0.00769251
v 0.03610801 -0.03998357 -0.00769251
v 0.03609675 -0.04017722 -0.00772637
v 0.03558504 -0.04208689 -0.00823158
v 0.03520244 -0.04158300 -0.00814253
v 0.03540706 -0.04081928 -0.00793040
v 0.03551763 -0.04040676 -0.00783235
v 0.03538286 -0.04284155 -0.00850117
v 0.03529524 -0.04291892 -0.00854063
v 0.03535562 -0.04294312 -0.00854057
v 0.03523772 -0.04306000 -0.00859940
v 0.03531593 -0.04309123 -0.00859940
v 0.03499966 -0.04233980 -0.00839293
v 0.03485304 -0.04288697 -0.00859940
v 0.03496903 -0.04294258 -0.00859940
v 0.03572267 -0.03964143 -0.00768089
v 0.03592824 -0.03887420 -0.00756812
v 0.03607338 -0.03795331 -0.00749510
v 0.03613275 -0.03811103 -0.00749510
v 0.03682285 -0.03781694 -0.00743145
v 0.03612446 -0.03814208 -0.00749731
v 0.03604149 -0.03845155 -0.00752276
v 0.03678905 -0.03772902 -0.00743145
v 0.03676658 -0.03763759 -0.00743145
v 0.03602844 -0.03777039 -0.00749510
v 0.03675854 -0.03758013 -0.00743145
v 0.03777354 -0.03820496 -0.00743145
v 0.03783982 -0.03817570 -0.00743145
v 0.03829854 -0.03905636 -0.00752276
v 0.03823995 -0.03765296 -0.00743145
v 0.03680896 -0.03722470 -0.00743145
v 0.03679394 -0.03726553 -0.00743145
v 0.03676956 -0.03735649 -0.00743145
v 0.03692191 -0.03797674 -0.00743145
v 0.03687906 -0.03791826 -0.00743145
v 0.03686732 -0.03789997 -0.00743145
v 0.03824728 -0.03761011 -0.00743145
v 0.04228633 -0.03852713 -0.00820655
v 0.04215693 -0.03901010 -0.00820655
v 0.04245102 -0.03857129 -0.00826144
v 0.04232162 -0.03905421 -0.00826144
v 0.04307562 -0.03925627 -0.00853759
v 0.03177893 -0.03571170 -0.00859940
v 0.03193390 -0.03575325 -0.00853759
v 0.03268790 -0.03595525 -0.00826144
v 0.03255850 -0.03643822 -0.00826144
v 0.03285259 -0.03599941 -0.00820655
v 0.03272318 -0.03648233 -0.00820655
v 0.03600877 -0.03739488 -0.00749510
v 0.03573161 -0.03960818 -0.00795013
v 0.03592187 -0.03960222 -0.00792676
v 0.03553003 -0.04036039 -0.00810492
v 0.03742784 -0.03327757 -0.00830096
v 0.03728872 -0.03383308 -0.00815487
v 0.03722244 -0.03404432 -0.00810492
v 0.03722083 -0.03598213 -0.00775993
v 0.03721344 -0.03596502 -0.00776219
v 0.03731864 -0.03561705 -0.00780642
v 0.03860974 -0.03596299 -0.00780642
v 0.03852689 -0.03631699 -0.00776219
v 0.03851193 -0.03632807 -0.00775993
v 0.03924041 -0.03554129 -0.00792545
v 0.03921878 -0.03551298 -0.00792676
v 0.03926473 -0.03545051 -0.00794130
v 0.03900372 -0.03756082 -0.00775397
v 0.03917324 -0.03821063 -0.00779438
v 0.03893405 -0.03814655 -0.00776219
v 0.03900462 -0.03795862 -0.00776219
v 0.03758162 -0.04173189 -0.00830096
v 0.03748512 -0.04118269 -0.00815487
v 0.03778707 -0.04096513 -0.00810492
v 0.03687512 -0.04243665 -0.00852865
v 0.03673899 -0.04320353 -0.00880438
v 0.03667217 -0.04319417 -0.00880438
v 0.03749674 -0.03900474 -0.00775397
v 0.03538107 -0.04284822 -0.00880438
v 0.03531849 -0.04282289 -0.00880438
v 0.03558403 -0.04209071 -0.00852865
v 0.03491908 -0.04264056 -0.00880438
v 0.03512090 -0.04188734 -0.00853425
v 0.03565013 -0.04184412 -0.00844735
v 0.03519320 -0.04161757 -0.00844699
v 0.03578913 -0.04132533 -0.00828981
v 0.03532457 -0.04112714 -0.00830096
v 0.03592342 -0.04082411 -0.00815457
v 0.03568279 -0.04069977 -0.00815487
v 0.03599625 -0.04055225 -0.00808817
v 0.03619235 -0.03982055 -0.00793314
v 0.03639972 -0.03904646 -0.00780642
v 0.03592962 -0.03886914 -0.00783425
v 0.03660118 -0.03870207 -0.00775397
v 0.03676170 -0.03880774 -0.00775397
v 0.03693443 -0.03889209 -0.00775397
v 0.03711652 -0.03895366 -0.00775397
v 0.03730499 -0.03899139 -0.00775397
v 0.03780275 -0.03897488 -0.00775397
v 0.03768861 -0.03899341 -0.00775397
v 0.03748345 -0.04016649 -0.00793314
v 0.03769087 -0.03939247 -0.00780642
v 0.03782683 -0.04011267 -0.00792676
v 0.03818666 -0.03947395 -0.00783425
v 0.03798866 -0.04021292 -0.00795013
v 0.03728741 -0.04089820 -0.00808817
v 0.03717613 -0.04324537 -0.00880438
v 0.03737795 -0.04249209 -0.00853425
v 0.03745025 -0.04222232 -0.00844699
v 0.03694123 -0.04219007 -0.00844735
v 0.03708022 -0.04167133 -0.00828981
v 0.03721451 -0.04117012 -0.00815457
v 0.03836822 -0.03879624 -0.00776052
v 0.03830915 -0.03901672 -0.00778097
v 0.03826642 -0.03887426 -0.00776219
v 0.03821963 -0.03935086 -0.00781852
v 0.03808504 -0.03896039 -0.00776219
v 0.03789412 -0.03902268 -0.00776219
v 0.03838980 -0.03871583 -0.00775397
v 0.03839546 -0.03871166 -0.00775397
v 0.03854250 -0.03858780 -0.00775397
v 0.03867250 -0.03844624 -0.00775397
v 0.03878331 -0.03828918 -0.00775397
v 0.03886866 -0.03812903 -0.00775397
v 0.03996318 -0.03842228 -0.00792605
v 0.04001981 -0.03826588 -0.00792676
v 0.04102510 -0.03857004 -0.00815487
v 0.04068553 -0.03861588 -0.00808096
v 0.04202210 -0.03887176 -0.00844753
v 0.04146164 -0.03882384 -0.00828499
v 0.04098433 -0.03869593 -0.00815487
v 0.04298889 -0.03923302 -0.00880438
v 0.04222941 -0.03902953 -0.00852621
v 0.04199242 -0.03896605 -0.00844753
v 0.04212182 -0.03848308 -0.00844753
v 0.04235881 -0.03854656 -0.00852621
v 0.04300826 -0.03917020 -0.00880438
v 0.04311829 -0.03875005 -0.00880438
v 0.04159104 -0.03834086 -0.00828499
v 0.04111373 -0.03821295 -0.00815487
v 0.04009258 -0.03793936 -0.00792605
v 0.04081493 -0.03813290 -0.00808096
v 0.03905034 -0.03776311 -0.00776219
v 0.03930264 -0.03772765 -0.00779438
v 0.03899806 -0.03764605 -0.00775397
v 0.03899854 -0.03736871 -0.00775397
v 0.03896892 -0.03717881 -0.00775397
v 0.03891521 -0.03699421 -0.00775397
v 0.03887677 -0.03689843 -0.00775397
v 0.03889828 -0.03681802 -0.00776052
v 0.03889793 -0.03678739 -0.00776219
v 0.03879475 -0.03661507 -0.00776219
v 0.03891468 -0.03675693 -0.00776583
v 0.03900158 -0.03643256 -0.00779855
v 0.03907990 -0.03614032 -0.00783425
v 0.03867042 -0.03645741 -0.00776219
v 0.03910213 -0.03605723 -0.00784546
v 0.03927791 -0.03540134 -0.00795013
v 0.03895002 -0.03531020 -0.00792676
v 0.03947943 -0.03464913 -0.00810492
v 0.03957521 -0.03326350 -0.00844753
v 0.04002720 -0.03233760 -0.00880438
v 0.04009044 -0.03236889 -0.00880438
v 0.03952765 -0.03443300 -0.00815487
v 0.03968489 -0.03388237 -0.00830096
v 0.03911823 -0.03419953 -0.00815487
v 0.03981631 -0.03339195 -0.00844699
v 0.03988862 -0.03312218 -0.00853425
v 0.03942549 -0.03291881 -0.00852865
v 0.03962844 -0.03216129 -0.00880438
v 0.03996074 -0.03230565 -0.00880438
v 0.03901320 -0.03445726 -0.00808817
v 0.03922039 -0.03368413 -0.00828981
v 0.03935939 -0.03316539 -0.00844735
v 0.03881716 -0.03518897 -0.00793314
v 0.03849786 -0.03638058 -0.00775397
v 0.03848320 -0.03636777 -0.00775397
v 0.03832978 -0.03625202 -0.00775397
v 0.03816276 -0.03615677 -0.00775397
v 0.03798502 -0.03608369 -0.00775397
v 0.03779935 -0.03603398 -0.00775397
v 0.03766626 -0.03601348 -0.00775397
v 0.03760886 -0.03600835 -0.00775397
v 0.03741663 -0.03600734 -0.00775397
v 0.03722590 -0.03603088 -0.00775397
v 0.03701889 -0.03601491 -0.00776219
v 0.03720676 -0.03603464 -0.00775397
v 0.03783231 -0.03279644 -0.00844753
v 0.03755927 -0.03278720 -0.00844699
v 0.03763157 -0.03251743 -0.00853425
v 0.03833729 -0.03181535 -0.00880438
v 0.03813433 -0.03257280 -0.00852865
v 0.03797733 -0.03177422 -0.00880438
v 0.03790378 -0.03176862 -0.00880438
v 0.03783339 -0.03176414 -0.00880438
v 0.03776001 -0.03383564 -0.00815487
v 0.03684508 -0.03545248 -0.00784546
v 0.03698337 -0.03493648 -0.00792545
v 0.03701621 -0.03492283 -0.00792676
v 0.03700768 -0.03484576 -0.00794130
v 0.03735041 -0.03488159 -0.00792676
v 0.03702086 -0.03479653 -0.00795013
v 0.03806829 -0.03281944 -0.00844735
v 0.03792929 -0.03333818 -0.00828981
v 0.03772211 -0.03411132 -0.00808817
v 0.03752607 -0.03484302 -0.00793314
v 0.03682285 -0.03553557 -0.00783425
v 0.03674453 -0.03582775 -0.00779855
v 0.03683239 -0.03608930 -0.00776219
v 0.03665763 -0.03615218 -0.00776583
v 0.03665691 -0.03618687 -0.00776219
v 0.03664124 -0.03621327 -0.00776052
v 0.03653854 -0.03635740 -0.00775397
v 0.03661972 -0.03629368 -0.00775397
v 0.03639972 -0.03649038 -0.00775397
v 0.03627908 -0.03663998 -0.00775397
v 0.03617858 -0.03680384 -0.00775397
v 0.03614085 -0.03688049 -0.00775397
v 0.03603702 -0.03695571 -0.00776219
v 0.03504627 -0.03658717 -0.00792605
v 0.03583627 -0.03679883 -0.00779438
v 0.03597885 -0.03714787 -0.00776219
v 0.03494608 -0.03690636 -0.00792676
v 0.03432399 -0.03639364 -0.00808096
v 0.03392338 -0.03666716 -0.00815487
v 0.03402519 -0.03631359 -0.00815487
v 0.03202062 -0.03577649 -0.00880438
v 0.03278011 -0.03597998 -0.00852621
v 0.03290909 -0.03642994 -0.00844753
v 0.03301709 -0.03604346 -0.00844753
v 0.03354787 -0.03618568 -0.00828499
v 0.03288769 -0.03652644 -0.00844753
v 0.03265064 -0.03646290 -0.00852621
v 0.03190582 -0.03619533 -0.00880438
v 0.03189122 -0.03625941 -0.00880438
v 0.03341847 -0.03666865 -0.00828499
v 0.03389573 -0.03679656 -0.00815487
v 0.03594601 -0.03734588 -0.00776219
v 0.03593623 -0.03734332 -0.00776344
v 0.03570681 -0.03728181 -0.00779438
v 0.03491687 -0.03707015 -0.00792605
v 0.03419458 -0.03687661 -0.00808096
v 0.03602272 -0.03773623 -0.00775397
v 0.03600525 -0.03754484 -0.00775397
v 0.03606450 -0.03792387 -0.00775397
v 0.03613275 -0.03811103 -0.00775397
v 0.03612989 -0.03810459 -0.00775397
v 0.03611117 -0.03819149 -0.00776052
v 0.03616034 -0.03830993 -0.00776219
v 0.03605210 -0.03841197 -0.00778097
v 0.03627437 -0.03847521 -0.00776219
v 0.03596258 -0.03874611 -0.00781852
v 0.03640860 -0.03862458 -0.00776219
v 0.03651165 -0.03862887 -0.00775397
v 0.03601139 -0.03736340 -0.00775397
v 0.03531593 -0.04309123 -0.00889999
v 0.03496903 -0.04294258 -0.01239943
v 0.03595185 -0.04330033 -0.00889999
v 0.03595185 -0.04330033 -0.01239943
v 0.03660708 -0.04343724 -0.00889999
v 0.03698182 -0.04348194 -0.01239943
v 0.03802770 -0.04348194 -0.00889999
v 0.03711009 -0.04349178 -0.00889999
v 0.03802770 -0.04348194 -0.01239943
v 0.03905767 -0.04330033 -0.01239943
v 0.03905767 -0.04330033 -0.00889999
v 0.04004043 -0.04294258 -0.01239943
v 0.04004043 -0.04294258 -0.00889999
v 0.04094618 -0.04241967 -0.01239943
v 0.04094618 -0.04241967 -0.00889999
v 0.04174739 -0.04174739 -0.01239943
v 0.04174739 -0.04174739 -0.00889999
v 0.04241967 -0.04094618 -0.01239943
v 0.04241967 -0.04094618 -0.00889999
v 0.04294258 -0.04004043 -0.01239943
v 0.04294258 -0.04004043 -0.00889999
v 0.04323059 -0.03929781 -0.00889999
v 0.04348194 -0.03802770 -0.00889999
v 0.04335999 -0.03881484 -0.00889999
v 0.04330033 -0.03905767 -0.01239943
v 0.04094618 -0.03258985 -0.01239943
v 0.04174739 -0.03326213 -0.00889999
v 0.04174739 -0.03326213 -0.01239943
v 0.04241967 -0.03406327 -0.00889999
v 0.04241967 -0.03406327 -0.01239943
v 0.04294258 -0.03496903 -0.00889999
v 0.04294258 -0.03496903 -0.01239943
v 0.04330033 -0.03595185 -0.00889999
v 0.04330033 -0.03595185 -0.01239943
v 0.04348194 -0.03698182 -0.00889999
v 0.04348194 -0.03698182 -0.01239943
v 0.04348194 -0.03802770 -0.01239943
v 0.04015648 -0.03212249 -0.00889999
v 0.04004043 -0.03206688 -0.01239943
v 0.04094618 -0.03258985 -0.00889999
v 0.03969353 -0.03191822 -0.00889999
v 0.03905767 -0.03170919 -0.00889999
v 0.03905767 -0.03170919 -0.01239943
v 0.03840243 -0.03157228 -0.00889999
v 0.03802770 -0.03152757 -0.01239943
v 0.03698182 -0.03152757 -0.00889999
v 0.03789943 -0.03151774 -0.00889999
v 0.03698182 -0.03152757 -0.01239943
v 0.03595185 -0.03170919 -0.01239943
v 0.03595185 -0.03170919 -0.00889999
v 0.03496903 -0.03206688 -0.01239943
v 0.03496903 -0.03206688 -0.00889999
v 0.03406327 -0.03258985 -0.01239943
v 0.03406327 -0.03258985 -0.00889999
v 0.03326213 -0.03326213 -0.01239943
v 0.03326213 -0.03326213 -0.00889999
v 0.03258985 -0.03406327 -0.01239943
v 0.03258985 -0.03406327 -0.00889999
v 0.03206688 -0.03496903 -0.01239943
v 0.03206688 -0.03496903 -0.00889999
v 0.03177893 -0.03571170 -0.00889999
v 0.03152757 -0.03698182 -0.00889999
v 0.03164952 -0.03619468 -0.00889999
v 0.03170919 -0.03595185 -0.01239943
v 0.03406327 -0.04241967 -0.01239943
v 0.03326213 -0.04174739 -0.00889999
v 0.03326213 -0.04174739 -0.01239943
v 0.03258985 -0.04094618 -0.00889999
v 0.03258985 -0.04094618 -0.01239943
v 0.03206688 -0.04004043 -0.00889999
v 0.03206688 -0.04004043 -0.01239943
v 0.03170919 -0.03905767 -0.00889999
v 0.03170919 -0.03905767 -0.01239943
v 0.03152757 -0.03802770 -0.00889999
v 0.03152757 -0.03802770 -0.01239943
v 0.03152757 -0.03698182 -0.01239943
v 0.03485304 -0.04288697 -0.00889999
v 0.03406327 -0.04241967 -0.00889999
v 0.03652042 -0.04316985 -0.01239943
v 0.03552466 -0.04290306 -0.01239943
v 0.03459256 -0.04246276 -0.01239943
v 0.03375411 -0.04186308 -0.01239943
v 0.03303617 -0.04112333 -0.01239943
v 0.03246182 -0.04026728 -0.01239943
v 0.03204959 -0.03932243 -0.01239943
v 0.03181272 -0.03831917 -0.01239943
v 0.03175878 -0.03728973 -0.01239943
v 0.03188949 -0.03626722 -0.01239943
v 0.03220069 -0.03528445 -0.01239943
v 0.03268241 -0.03437310 -0.01239943
v 0.03331905 -0.03356236 -0.01239943
v 0.03409028 -0.03287833 -0.01239943
v 0.03497123 -0.03234297 -0.01239943
v 0.03593361 -0.03197354 -0.01239943
v 0.03694647 -0.03178191 -0.01239943
v 0.03797733 -0.03177422 -0.01239943
v 0.03899294 -0.03195065 -0.01239943
v 0.03996074 -0.03230565 -0.01239943
v 0.04084962 -0.03282773 -0.01239943
v 0.04163098 -0.03350019 -0.01239943
v 0.04227972 -0.03430128 -0.01239943
v 0.04277497 -0.03520536 -0.01239943
v 0.04310083 -0.03618335 -0.01239943
v 0.04324686 -0.03720384 -0.01239943
v 0.04320830 -0.03823393 -0.01239943
v 0.04298645 -0.03924065 -0.01239943
v 0.04258841 -0.04019153 -0.01239943
v 0.04202699 -0.04105609 -0.01239943
v 0.04132020 -0.04180651 -0.01239943
v 0.04049074 -0.04241865 -0.01239943
v 0.03956538 -0.04287284 -0.01239943
v 0.03857374 -0.04315453 -0.01239943
v 0.03754776 -0.04325461 -0.01239943
v 0.03202062 -0.03577649 -0.00889999
v 0.03189122 -0.03625941 -0.00889999
v 0.03783339 -0.03176414 -0.00889999
v 0.03220069 -0.03528445 -0.00889999
v 0.03268241 -0.03437310 -0.00889999
v 0.03331905 -0.03356236 -0.00889999
v 0.03409028 -0.03287833 -0.00889999
v 0.03497123 -0.03234297 -0.00889999
v 0.03593361 -0.03197354 -0.00889999
v 0.03694647 -0.03178191 -0.00889999
v 0.03962844 -0.03216129 -0.00889999
v 0.03833729 -0.03181535 -0.00889999
v 0.03899294 -0.03195065 -0.00889999
v 0.04311829 -0.03875005 -0.00889999
v 0.04298889 -0.03923302 -0.00889999
v 0.04009044 -0.03236889 -0.00889999
v 0.04084962 -0.03282773 -0.00889999
v 0.04163098 -0.03350019 -0.00889999
v 0.04227972 -0.03430128 -0.00889999
v 0.04277497 -0.03520536 -0.00889999
v 0.04310083 -0.03618335 -0.00889999
v 0.04324686 -0.03720384 -0.00889999
v 0.04320830 -0.03823393 -0.00889999
v 0.03717613 -0.04324537 -0.00889999
v 0.03667217 -0.04319417 -0.00889999
v 0.03652042 -0.04316985 -0.00889999
v 0.03754776 -0.04325461 -0.00889999
v 0.03857374 -0.04315453 -0.00889999
v 0.03956538 -0.04287284 -0.00889999
v 0.04049074 -0.04241865 -0.00889999
v 0.04132020 -0.04180651 -0.00889999
v 0.04202699 -0.04105609 -0.00889999
v 0.04258841 -0.04019153 -0.00889999
v 0.04298645 -0.03924065 -0.00889999
v 0.03552466 -0.04290306 -0.00889999
v 0.03538107 -0.04284822 -0.00889999
v 0.03188949 -0.03626722 -0.00889999
v 0.03175878 -0.03728973 -0.00889999
v 0.03181272 -0.03831917 -0.00889999
v 0.03204959 -0.03932243 -0.00889999
v 0.03246182 -0.04026728 -0.00889999
v 0.03303617 -0.04112333 -0.00889999
v 0.03375411 -0.04186308 -0.00889999
v 0.03459256 -0.04246276 -0.00889999
v 0.03491908 -0.04264056 -0.00889999
v 0.03731065 -0.03822916 -0.00489998
v 0.03748965 -0.03825461 -0.00489998
v 0.03750473 -0.03750473 -0.00489998
v 0.03714293 -0.03816169 -0.00489998
v 0.03680896 -0.03722470 -0.00489998
v 0.03675854 -0.03758013 -0.00489998
v 0.03687906 -0.03791826 -0.00489998
v 0.03769886 -0.03678029 -0.00489998
v 0.03733998 -0.03677308 -0.00489998
v 0.03701883 -0.03693348 -0.00489998
v 0.03824728 -0.03761011 -0.00489998
v 0.03821122 -0.03725296 -0.00489998
v 0.03801327 -0.03695350 -0.00489998
v 0.03783982 -0.03817570 -0.00489998
v 0.03811329 -0.03794312 -0.00489998
v 0.03604757 -0.04294294 -0.00889999
v 0.03696256 -0.04310864 -0.01239943
v 0.03696256 -0.04310864 -0.00889999
v 0.03789234 -0.04312145 -0.01239943
v 0.03789234 -0.04312145 -0.00889999
v 0.03881150 -0.04298102 -0.01239943
v 0.03881150 -0.04298102 -0.00889999
v 0.03969508 -0.04269129 -0.01239943
v 0.03969508 -0.04269129 -0.00889999
v 0.04051887 -0.04226005 -0.01239943
v 0.04051887 -0.04226005 -0.00889999
v 0.04126042 -0.04169905 -0.01239943
v 0.04126042 -0.04169905 -0.00889999
v 0.04189956 -0.04102367 -0.01239943
v 0.04189956 -0.04102367 -0.00889999
v 0.04241883 -0.04025232 -0.01239943
v 0.04241883 -0.04025232 -0.00889999
v 0.04280406 -0.03940600 -0.01239943
v 0.04280406 -0.03940600 -0.00889999
v 0.04304474 -0.03850787 -0.01239943
v 0.04304474 -0.03850787 -0.00889999
v 0.04313427 -0.03758233 -0.01239943
v 0.04313427 -0.03758233 -0.00889999
v 0.04307025 -0.03665465 -0.01239943
v 0.04307025 -0.03665465 -0.00889999
v 0.04285442 -0.03575021 -0.01239943
v 0.04285442 -0.03575021 -0.00889999
v 0.04249268 -0.03489363 -0.01239943
v 0.04249268 -0.03489363 -0.00889999
v 0.04199486 -0.03410822 -0.01239943
v 0.04199486 -0.03410822 -0.00889999
v 0.04137462 -0.03341549 -0.01239943
v 0.04137462 -0.03341549 -0.00889999
v 0.04064875 -0.03283435 -0.01239943
v 0.04064875 -0.03283435 -0.00889999
v 0.03983712 -0.03238052 -0.01239943
v 0.03983712 -0.03238052 -0.00889999
v 0.03896194 -0.03206652 -0.01239943
v 0.03896194 -0.03206652 -0.00889999
v 0.03804695 -0.03190088 -0.01239943
v 0.03804695 -0.03190088 -0.00889999
v 0.03711718 -0.03188806 -0.01239943
v 0.03711718 -0.03188806 -0.00889999
v 0.03619796 -0.03202843 -0.01239943
v 0.03619796 -0.03202843 -0.00889999
v 0.03531444 -0.03231823 -0.01239943
v 0.03531444 -0.03231823 -0.00889999
v 0.03449064 -0.03274947 -0.01239943
v 0.03449064 -0.03274947 -0.00889999
v 0.03374904 -0.03331041 -0.01239943
v 0.03374904 -0.03331041 -0.00889999
v 0.03310990 -0.03398579 -0.01239943
v 0.03310990 -0.03398579 -0.00889999
v 0.03259068 -0.03475719 -0.01239943
v 0.03259068 -0.03475719 -0.00889999
v 0.03220546 -0.03560346 -0.01239943
v 0.03220546 -0.03560346 -0.00889999
v 0.03196477 -0.03650164 -0.01239943
v 0.03196477 -0.03650164 -0.00889999
v 0.03187525 -0.03742718 -0.01239943
v 0.03187525 -0.03742718 -0.00889999
v 0.03193926 -0.03835481 -0.01239943
v 0.03193926 -0.03835481 -0.00889999
v 0.03215509 -0.03925925 -0.01239943
v 0.03215509 -0.03925925 -0.00889999
v 0.03251683 -0.04011589 -0.01239943
v 0.03251683 -0.04011589 -0.00889999
v 0.03301459 -0.04090124 -0.01239943
v 0.03301459 -0.04090124 -0.00889999
v 0.03363490 -0.04159396 -0.01239943
v 0.03363490 -0.04159396 -0.00889999
v 0.03436076 -0.04217517 -0.01239943
v 0.03436076 -0.04217517 -0.00889999
v 0.03517234 -0.04262894 -0.01239943
v 0.03517234 -0.04262894 -0.00889999
v 0.03604757 -0.04294294 -0.01239943
v 0.03810745 -0.03378105 -0.01239943
v 0.03884464 -0.03397858 -0.01239943
v 0.03952705 -0.03432053 -0.01239943
v 0.04012662 -0.03479278 -0.01239943
v 0.04061889 -0.03537607 -0.01239943
v 0.03522109 -0.03450244 -0.01239943
v 0.03587216 -0.03410416 -0.01239943
v 0.03659009 -0.03384518 -0.01239943
v 0.03734552 -0.03373599 -0.01239943
v 0.04098361 -0.03604650 -0.01239943
v 0.04120594 -0.03677666 -0.01239943
v 0.04127675 -0.03753662 -0.01239943
v 0.04119312 -0.03829526 -0.01239943
v 0.04095852 -0.03902155 -0.01239943
v 0.03878492 -0.04105299 -0.01239943
v 0.03804445 -0.04123806 -0.01239943
v 0.03728187 -0.04127031 -0.01239943
v 0.03652846 -0.04114836 -0.01239943
v 0.03581500 -0.04087722 -0.01239943
v 0.03517067 -0.04046809 -0.01239943
v 0.03374886 -0.03785467 -0.01239943
v 0.03375530 -0.03709143 -0.01239943
v 0.03391528 -0.03634518 -0.01239943
v 0.03422218 -0.03564631 -0.01239943
v 0.03466343 -0.03502357 -0.01239943
v 0.03462195 -0.03993755 -0.01239943
v 0.03419125 -0.03930747 -0.01239943
v 0.03389620 -0.03860354 -0.01239943
v 0.04058247 -0.03968572 -0.01239943
v 0.04008042 -0.04026061 -0.01239943
v 0.03947299 -0.04072266 -0.01239943
v 0.03652846 -0.04114836 -0.00889999
v 0.03728187 -0.04127031 -0.00889999
v 0.03804445 -0.04123806 -0.00889999
v 0.03878492 -0.04105299 -0.00889999
v 0.03947299 -0.04072266 -0.00889999
v 0.04008042 -0.04026061 -0.00889999
v 0.04058247 -0.03968572 -0.00889999
v 0.04095852 -0.03902155 -0.00889999
v 0.04119312 -0.03829526 -0.00889999
v 0.04127675 -0.03753662 -0.00889999
v 0.04120594 -0.03677666 -0.00889999
v 0.04098361 -0.03604650 -0.00889999
v 0.04061889 -0.03537607 -0.00889999
v 0.04012662 -0.03479278 -0.00889999
v 0.03952705 -0.03432053 -0.00889999
v 0.03884464 -0.03397858 -0.00889999
v 0.03810745 -0.03378105 -0.00889999
v 0.03734552 -0.03373599 -0.00889999
v 0.03659009 -0.03384518 -0.00889999
v 0.03587216 -0.03410416 -0.00889999
v 0.03522109 -0.03450244 -0.00889999
v 0.03466343 -0.03502357 -0.00889999
v 0.03422218 -0.03564631 -0.00889999
v 0.03391528 -0.03634518 -0.00889999
v 0.03375530 -0.03709143 -0.00889999
v 0.03374886 -0.03785467 -0.00889999
v 0.03389620 -0.03860354 -0.00889999
v 0.03419125 -0.03930747 -0.00889999
v 0.03462195 -0.03993755 -0.00889999
v 0.03517067 -0.04046809 -0.00889999
v 0.03581500 -0.04087722 -0.00889999
v 0.03670680 -0.03989648 -0.01789999
v 0.03538596 -0.03989648 -0.01789999
v 0.03538596 -0.03909850 -0.01789999
v -0.03925520 -0.03750473 -0.01789999
v -0.03909897 -0.03670680 -0.01789999
v -0.03906011 -0.03670179 -0.01789999
v -0.03902071 0.03838020 -0.01789999
v -0.03909897 0.03909897 -0.01789999
v -0.03838020 0.03902071 -0.01789999
v -0.03925520 0.03750520 -0.01789999
v -0.03909897 0.03670722 -0.01789999
v -0.03989690 0.03670722 -0.01789999
v 0.03837972 0.03902071 -0.01789999
v 0.03909850 0.03909897 -0.01789999
v 0.03902029 0.03838020 -0.01789999
v 0.03750473 -0.03925472 -0.01789999
v 0.03670680 -0.03909850 -0.01789999
v 0.03662973 -0.03902029 -0.01789999
v 0.03466719 -0.03775262 -0.01789999
v 0.03431719 -0.03765887 -0.01789999
v 0.03538596 -0.03670680 -0.01789999
v 0.02139604 -0.02637410 -0.01789999
v 0.02637410 -0.02637410 -0.01789999
v 0.02637410 -0.03135210 -0.01789999
v -0.04343497 -0.03728431 -0.01789999
v -0.03989690 -0.03670680 -0.01789999
v -0.03989690 -0.03909850 -0.01789999
v -0.02637451 -0.02139604 -0.01789999
v -0.02637451 -0.02637410 -0.01789999
v -0.03135257 -0.02637410 -0.01789999
v -0.01571583 -0.01073735 -0.01789999
v -0.01571583 -0.01134037 -0.01789999
v -0.01631885 -0.01134037 -0.01789999
v -0.02138447 0.01640641 -0.01789999
v -0.01571583 0.01640641 -0.01789999
v -0.01571583 0.01073777 -0.01789999
v -0.04343497 0.03728473 -0.01789999
v -0.03989690 0.03909897 -0.01789999
v -0.03269183 0.04034554 -0.01789999
v -0.03189140 0.03924894 -0.01789999
v -0.03670722 0.03909897 -0.01789999
v -0.03663021 0.03598964 -0.01789999
v -0.03598964 0.03663021 -0.01789999
v -0.03096264 0.03623688 -0.01789999
v 0.01571536 0.02069383 -0.01789999
v 0.01571536 0.01640641 -0.01789999
v 0.01142793 0.01640641 -0.01789999
v 0.03728431 0.04343497 -0.01789999
v 0.03670680 0.03909897 -0.01789999
v 0.03538596 0.03909897 -0.01789999
v 0.02637410 0.02139651 -0.01789999
v 0.02637410 0.02637451 -0.01789999
v 0.03135210 0.02637451 -0.01789999
v 0.00709975 0.00555020 -0.01789999
v 0.00709975 0.00487518 -0.01789999
v 0.00567472 0.00487518 -0.01789999
v 0.03909850 -0.03989648 -0.01789999
v 0.03728431 -0.04343450 -0.01789999
v 0.03577995 -0.04304569 -0.01789999
v 0.03450459 -0.04215830 -0.01789999
v 0.03923201 -0.04018819 -0.01789999
v 0.03948819 -0.04044443 -0.01789999
v 0.04138487 -0.04374438 -0.01789999
v 0.03983819 -0.04053819 -0.01789999
v 0.04231530 -0.04361343 -0.01789999
v 0.04018819 -0.04044443 -0.01789999
v 0.04310625 -0.04310625 -0.01789999
v 0.04044443 -0.04018819 -0.01789999
v 0.04044443 -0.03948819 -0.01789999
v 0.04357159 -0.03909850 -0.01789999
v 0.04053819 -0.03983819 -0.01789999
v 0.04374438 -0.04138487 -0.01789999
v 0.04361343 -0.04231530 -0.01789999
v 0.03909850 -0.03909850 -0.01789999
v 0.03923201 -0.03948819 -0.01789999
v 0.03913819 -0.03983819 -0.01789999
v 0.04018819 -0.03923201 -0.01789999
v 0.03983819 -0.03913819 -0.01789999
v 0.03948819 -0.03923201 -0.01789999
v 0.03902029 -0.03837972 -0.01789999
v 0.03925472 -0.03750473 -0.01789999
v 0.04343450 -0.03728431 -0.01789999
v 0.04304569 -0.03577995 -0.01789999
v 0.04215830 -0.03450459 -0.01789999
v 0.03909850 -0.03670680 -0.01789999
v 0.04034507 -0.03269135 -0.01789999
v 0.03924846 -0.03189098 -0.01789999
v 0.03870886 -0.03371095 -0.01789999
v 0.03796005 -0.03146296 -0.01789999
v 0.03835886 -0.03361719 -0.01789999
v 0.03752487 -0.03139019 -0.01789999
v 0.03800886 -0.03371095 -0.01789999
v 0.03623640 -0.03096216 -0.01789999
v 0.03775262 -0.03396719 -0.01789999
v 0.03835886 -0.03501719 -0.01789999
v 0.03870886 -0.03492343 -0.01789999
v 0.03837972 -0.03598922 -0.01789999
v 0.03896504 -0.03466719 -0.01789999
v 0.03905886 -0.03431719 -0.01789999
v 0.03896504 -0.03396719 -0.01789999
v 0.03905963 -0.03670179 -0.01789999
v 0.03902029 -0.03662973 -0.01789999
v 0.03800886 -0.03492343 -0.01789999
v 0.03750473 -0.03575474 -0.01789999
v 0.03775262 -0.03466719 -0.01789999
v 0.03662973 -0.03598922 -0.01789999
v 0.03765887 -0.03431719 -0.01789999
v 0.03513979 -0.03016179 -0.01789999
v 0.03096216 -0.03623640 -0.01789999
v 0.03135210 -0.02637410 -0.01789999
v 0.03016179 -0.03513979 -0.01789999
v 0.01631838 -0.01134037 -0.01789999
v 0.01803100 -0.01693099 -0.01789999
v 0.01571536 -0.01134037 -0.01789999
v 0.01748096 -0.01707834 -0.01789999
v 0.01707834 -0.01748096 -0.01789999
v 0.01693099 -0.01803100 -0.01789999
v 0.01571536 -0.02069342 -0.01789999
v 0.01707834 -0.01858097 -0.01789999
v 0.01748096 -0.01898360 -0.01789999
v 0.01803100 -0.01913100 -0.01789999
v 0.01898360 -0.01858097 -0.01789999
v 0.01913100 -0.01803100 -0.01789999
v 0.02637410 -0.02139604 -0.01789999
v 0.01898360 -0.01748096 -0.01789999
v 0.01858097 -0.01707834 -0.01789999
v 0.01858097 -0.01898360 -0.01789999
v 0.00709975 -0.00554973 -0.01789999
v 0.00712657 -0.00564974 -0.01789999
v 0.00567472 -0.01134037 -0.01789999
v 0.00719976 -0.00572294 -0.01789999
v 0.00729972 -0.00574976 -0.01789999
v 0.01439976 -0.00572294 -0.01789999
v 0.01560562 -0.00737488 -0.01789999
v 0.01429975 -0.00574976 -0.01789999
v 0.01510703 -0.00812107 -0.01789999
v 0.01493191 -0.00900120 -0.01789999
v 0.01510703 -0.00988138 -0.01789999
v 0.01560562 -0.01062756 -0.01789999
v 0.01571536 -0.01073735 -0.01789999
v 0.01447296 -0.00564974 -0.01789999
v 0.01571536 -0.00487476 -0.01789999
v 0.01810574 -0.00487476 -0.01789999
v 0.01748096 -0.00095240 -0.01789999
v 0.01748096 0.00095285 -0.01789999
v 0.01707834 0.00055022 -0.01789999
v 0.01571536 0.00130022 -0.01789999
v 0.01693099 0.00000022 -0.01789999
v 0.01707834 -0.00054978 -0.01789999
v 0.01803100 -0.00109976 -0.01789999
v 0.01858097 -0.00095240 -0.01789999
v 0.02135437 -0.00162607 -0.01789999
v 0.01898360 -0.00054978 -0.01789999
v 0.02194964 -0.00059506 -0.01789999
v 0.01913100 0.00000022 -0.01789999
v 0.02194964 0.00059551 -0.01789999
v 0.01898360 0.00055022 -0.01789999
v 0.02135437 0.00162655 -0.01789999
v 0.01858097 0.00095285 -0.01789999
v 0.01803100 0.00110018 -0.01789999
v 0.01449972 0.00555020 -0.01789999
v 0.01560562 0.00737530 -0.01789999
v 0.01571536 0.00487518 -0.01789999
v 0.00719976 0.00572342 -0.01789999
v 0.00567472 0.00891578 -0.01789999
v 0.00729972 0.00575018 -0.01789999
v 0.01493191 0.00900167 -0.01789999
v 0.01510703 0.00812149 -0.01789999
v 0.01447296 0.00565022 -0.01789999
v 0.01439976 0.00572342 -0.01789999
v 0.01429975 0.00575018 -0.01789999
v 0.00712657 0.00565022 -0.01789999
v 0.00737488 0.01560604 -0.01789999
v 0.00840592 0.01501077 -0.01789999
v 0.00959653 0.01501077 -0.01789999
v 0.01510703 0.00988185 -0.01789999
v 0.01062756 0.01560604 -0.01789999
v 0.01560562 0.01062798 -0.01789999
v 0.01858097 0.01707881 -0.01789999
v 0.01898360 0.01748144 -0.01789999
v 0.02138400 0.01640641 -0.01789999
v 0.01898360 0.01858144 -0.01789999
v 0.01858097 0.01898407 -0.01789999
v 0.02139604 0.02637451 -0.01789999
v 0.01803100 0.01913142 -0.01789999
v 0.01707834 0.01748144 -0.01789999
v 0.01748096 0.01707881 -0.01789999
v 0.01803100 0.01693141 -0.01789999
v 0.01748096 0.01898407 -0.01789999
v 0.01707834 0.01858144 -0.01789999
v 0.01693099 0.01803141 -0.01789999
v 0.01913100 0.01803141 -0.01789999
v 0.01571536 0.01073777 -0.01789999
v 0.02637410 0.03135257 -0.01789999
v 0.03016179 0.03514027 -0.01789999
v 0.03513979 0.03016221 -0.01789999
v 0.03800886 0.03492385 -0.01789999
v 0.03670680 0.03538644 -0.01789999
v 0.03835886 0.03501766 -0.01789999
v 0.03909850 0.03538644 -0.01789999
v 0.03924846 0.03189140 -0.01789999
v 0.03870886 0.03371143 -0.01789999
v 0.03896504 0.03396767 -0.01789999
v 0.03905886 0.03431767 -0.01789999
v 0.03896504 0.03466767 -0.01789999
v 0.03870886 0.03492385 -0.01789999
v 0.03775262 0.03466767 -0.01789999
v 0.03765887 0.03431767 -0.01789999
v 0.03623640 0.03096264 -0.01789999
v 0.03775262 0.03396767 -0.01789999
v 0.03800886 0.03371143 -0.01789999
v 0.03835886 0.03361761 -0.01789999
v 0.03796005 0.03146344 -0.01789999
v 0.03752487 0.03139060 -0.01789999
v 0.04034507 0.03269183 -0.01789999
v 0.04215830 0.03450500 -0.01789999
v 0.04304569 0.03578042 -0.01789999
v 0.03909850 0.03670722 -0.01789999
v 0.04343450 0.03728473 -0.01789999
v 0.03948819 0.03923243 -0.01789999
v 0.03923201 0.03948867 -0.01789999
v 0.03913819 0.03983867 -0.01789999
v 0.03909850 0.04357206 -0.01789999
v 0.03923201 0.04018867 -0.01789999
v 0.03983819 0.03913867 -0.01789999
v 0.04018819 0.03923243 -0.01789999
v 0.04357159 0.03909897 -0.01789999
v 0.03925472 0.03750520 -0.01789999
v 0.03902029 0.03663021 -0.01789999
v 0.04231530 0.04361391 -0.01789999
v 0.04310625 0.04310673 -0.01789999
v 0.04018819 0.04044485 -0.01789999
v 0.04044443 0.04018867 -0.01789999
v 0.04138487 0.04374480 -0.01789999
v 0.03983819 0.04053866 -0.01789999
v 0.03948819 0.04044485 -0.01789999
v 0.04044443 0.03948867 -0.01789999
v 0.04053819 0.03983867 -0.01789999
v 0.04374438 0.04138529 -0.01789999
v 0.04361343 0.04231572 -0.01789999
v 0.03269135 0.04034554 -0.01789999
v 0.03450459 0.04215872 -0.01789999
v 0.03577995 0.04304617 -0.01789999
v 0.03538596 0.03670722 -0.01789999
v 0.03431719 0.03765928 -0.01789999
v 0.03466719 0.03775310 -0.01789999
v 0.03466719 0.03896552 -0.01789999
v 0.03431719 0.03905928 -0.01789999
v 0.03189098 0.03924894 -0.01789999
v 0.03396719 0.03896552 -0.01789999
v 0.03371095 0.03870928 -0.01789999
v 0.03146296 0.03796046 -0.01789999
v 0.03361719 0.03835928 -0.01789999
v 0.03139019 0.03752529 -0.01789999
v 0.03371095 0.03800928 -0.01789999
v 0.03096216 0.03623688 -0.01789999
v 0.03396719 0.03775310 -0.01789999
v 0.03492343 0.03800928 -0.01789999
v 0.03501719 0.03835928 -0.01789999
v 0.03492343 0.03870928 -0.01789999
v 0.03538596 0.03538644 -0.01789999
v 0.00657451 0.01640641 -0.01789999
v 0.00567472 0.01640641 -0.01789999
v 0.00567472 0.01730614 -0.01789999
v 0.00254977 0.01640641 -0.01789999
v 0.00254977 0.02043116 -0.01789999
v -0.00255018 0.01640641 -0.01789999
v -0.00255018 0.02043116 -0.01789999
v -0.00657493 0.01640641 -0.01789999
v -0.00425017 0.01588141 -0.01789999
v -0.00737530 0.01560604 -0.01789999
v -0.00425017 0.01208144 -0.01789999
v -0.00840640 0.01501077 -0.01789999
v -0.00959694 0.01501077 -0.01789999
v -0.01062798 0.01560604 -0.01789999
v -0.01560604 0.01062798 -0.01789999
v -0.01707881 0.01748144 -0.01789999
v -0.01693141 0.01803141 -0.01789999
v -0.01803141 0.01913142 -0.01789999
v -0.02139651 0.02637451 -0.01789999
v -0.01748144 0.01898407 -0.01789999
v -0.01571583 0.02069383 -0.01789999
v -0.01707881 0.01858144 -0.01789999
v -0.02637451 0.02139651 -0.01789999
v -0.01898407 0.01858144 -0.01789999
v -0.01913142 0.01803141 -0.01789999
v -0.01858144 0.01707881 -0.01789999
v -0.01803141 0.01693141 -0.01789999
v -0.01748144 0.01707881 -0.01789999
v -0.01142841 0.01640641 -0.01789999
v -0.01898407 0.01748144 -0.01789999
v -0.01858144 0.01898407 -0.01789999
v -0.02637451 0.02637451 -0.01789999
v -0.02637451 0.03135257 -0.01789999
v -0.03016221 0.03514027 -0.01789999
v -0.03623688 0.03096264 -0.01789999
v -0.03670722 0.03538644 -0.01789999
v -0.03514027 0.03016221 -0.01789999
v -0.03135257 0.02637451 -0.01789999
v -0.03466767 0.03896552 -0.01789999
v -0.03492385 0.03870928 -0.01789999
v -0.03139060 0.03752529 -0.01789999
v -0.03371143 0.03800928 -0.01789999
v -0.03431767 0.03905928 -0.01789999
v -0.03396767 0.03896552 -0.01789999
v -0.03146344 0.03796046 -0.01789999
v -0.03361761 0.03835928 -0.01789999
v -0.03371143 0.03870928 -0.01789999
v -0.03575521 0.03750520 -0.01789999
v -0.03598964 0.03838020 -0.01789999
v -0.03501766 0.03835928 -0.01789999
v -0.03663021 0.03902071 -0.01789999
v -0.03492385 0.03800928 -0.01789999
v -0.03466767 0.03775310 -0.01789999
v -0.03431767 0.03765928 -0.01789999
v -0.03396767 0.03775310 -0.01789999
v -0.03728473 0.04343497 -0.01789999
v -0.03578042 0.04304617 -0.01789999
v -0.03450500 0.04215872 -0.01789999
v -0.03948867 0.03923243 -0.01789999
v -0.03923243 0.03948867 -0.01789999
v -0.03913867 0.03983867 -0.01789999
v -0.03909897 0.04357206 -0.01789999
v -0.03750520 0.03925520 -0.01789999
v -0.03670221 0.03906011 -0.01789999
v -0.04044485 0.04018867 -0.01789999
v -0.04053866 0.03983867 -0.01789999
v -0.04374480 0.04138529 -0.01789999
v -0.04044485 0.03948867 -0.01789999
v -0.04018867 0.03923243 -0.01789999
v -0.03983867 0.03913867 -0.01789999
v -0.03923243 0.04018867 -0.01789999
v -0.03948867 0.04044485 -0.01789999
v -0.04138529 0.04374480 -0.01789999
v -0.03983867 0.04053866 -0.01789999
v -0.04231572 0.04361391 -0.01789999
v -0.04018867 0.04044485 -0.01789999
v -0.04310673 0.04310673 -0.01789999
v -0.04361391 0.04231572 -0.01789999
v -0.03909897 0.03538644 -0.01789999
v -0.04034554 0.03269183 -0.01789999
v -0.03989690 0.03538644 -0.01789999
v -0.04215872 0.03450500 -0.01789999
v -0.04304617 0.03578042 -0.01789999
v -0.03775310 0.03466767 -0.01789999
v -0.03800928 0.03492385 -0.01789999
v -0.03835928 0.03501766 -0.01789999
v -0.03870928 0.03492385 -0.01789999
v -0.03896552 0.03466767 -0.01789999
v -0.03905928 0.03431767 -0.01789999
v -0.03924894 0.03189140 -0.01789999
v -0.03896552 0.03396767 -0.01789999
v -0.03870928 0.03371143 -0.01789999
v -0.03796046 0.03146344 -0.01789999
v -0.03835928 0.03361761 -0.01789999
v -0.03752529 0.03139060 -0.01789999
v -0.03800928 0.03371143 -0.01789999
v -0.03775310 0.03396767 -0.01789999
v -0.03765928 0.03431767 -0.01789999
v -0.00710016 0.00555020 -0.01789999
v -0.00712699 0.00565022 -0.01789999
v -0.00255018 0.00891578 -0.01789999
v -0.00720018 0.00572342 -0.01789999
v -0.00730020 0.00575018 -0.01789999
v -0.01440018 0.00572342 -0.01789999
v -0.01560604 0.00737530 -0.01789999
v -0.01430022 0.00575018 -0.01789999
v -0.01510745 0.00812149 -0.01789999
v -0.01493239 0.00900167 -0.01789999
v -0.01707881 0.00055022 -0.01789999
v -0.01748144 0.00095285 -0.01789999
v -0.01571583 0.00130022 -0.01789999
v -0.01898407 -0.00054978 -0.01789999
v -0.01858144 -0.00095240 -0.01789999
v -0.01810616 -0.00487476 -0.01789999
v -0.01447337 0.00565022 -0.01789999
v -0.01571583 0.00487518 -0.01789999
v -0.02135485 0.00162655 -0.01789999
v -0.01803141 0.00110018 -0.01789999
v -0.01858144 0.00095285 -0.01789999
v -0.01898407 0.00055022 -0.01789999
v -0.02185338 0.00088040 -0.01789999
v -0.01913142 0.00000022 -0.01789999
v -0.02135485 -0.00162607 -0.01789999
v -0.02185338 -0.00087995 -0.01789999
v -0.02202850 0.00000022 -0.01789999
v -0.01803141 -0.00109976 -0.01789999
v -0.01748144 -0.00095240 -0.01789999
v -0.01571583 -0.00487476 -0.01789999
v -0.01707881 -0.00054978 -0.01789999
v -0.01693141 0.00000022 -0.01789999
v -0.01560604 -0.00737488 -0.01789999
v -0.01450020 -0.00554973 -0.01789999
v -0.01560604 -0.01062756 -0.01789999
v -0.00255018 -0.01134037 -0.01789999
v -0.01501077 -0.00959653 -0.01789999
v -0.00720018 -0.00572294 -0.01789999
v -0.01501077 -0.00840592 -0.01789999
v -0.00730020 -0.00574976 -0.01789999
v -0.01447337 -0.00564974 -0.01789999
v -0.01440018 -0.00572294 -0.01789999
v -0.01430022 -0.00574976 -0.01789999
v -0.01898407 -0.01748096 -0.01789999
v -0.01858144 -0.01707834 -0.01789999
v -0.01693141 -0.01803100 -0.01789999
v -0.01707881 -0.01748096 -0.01789999
v -0.01748144 -0.01707834 -0.01789999
v -0.01803141 -0.01693099 -0.01789999
v -0.01913142 -0.01803100 -0.01789999
v -0.01898407 -0.01858097 -0.01789999
v -0.01858144 -0.01898360 -0.01789999
v -0.02139651 -0.02637410 -0.01789999
v -0.01803141 -0.01913100 -0.01789999
v -0.01571583 -0.02069342 -0.01789999
v -0.01748144 -0.01898360 -0.01789999
v -0.01707881 -0.01858097 -0.01789999
v -0.03096264 -0.03623640 -0.01789999
v -0.03598964 -0.03662973 -0.01789999
v -0.03663021 -0.03598922 -0.01789999
v -0.03905928 -0.03431719 -0.01789999
v -0.03896552 -0.03466719 -0.01789999
v -0.03765928 -0.03431719 -0.01789999
v -0.03775310 -0.03396719 -0.01789999
v -0.03623688 -0.03096216 -0.01789999
v -0.03800928 -0.03371095 -0.01789999
v -0.02637451 -0.03135210 -0.01789999
v -0.03016221 -0.03513979 -0.01789999
v -0.03514027 -0.03016179 -0.01789999
v -0.03924894 -0.03189098 -0.01789999
v -0.03870928 -0.03371095 -0.01789999
v -0.03896552 -0.03396719 -0.01789999
v -0.03835928 -0.03361719 -0.01789999
v -0.03796046 -0.03146296 -0.01789999
v -0.03752529 -0.03139019 -0.01789999
v -0.03838020 -0.03598922 -0.01789999
v -0.03835928 -0.03501719 -0.01789999
v -0.03750520 -0.03575474 -0.01789999
v -0.03800928 -0.03492343 -0.01789999
v -0.03775310 -0.03466719 -0.01789999
v -0.03902071 -0.03662973 -0.01789999
v -0.03870928 -0.03492343 -0.01789999
v -0.04034554 -0.03269135 -0.01789999
v -0.04304617 -0.03577995 -0.01789999
v -0.04215872 -0.03450459 -0.01789999
v -0.04018867 -0.03923201 -0.01789999
v -0.04044485 -0.03948819 -0.01789999
v -0.04374480 -0.04138487 -0.01789999
v -0.04053866 -0.03983819 -0.01789999
v -0.04361391 -0.04231530 -0.01789999
v -0.04044485 -0.04018819 -0.01789999
v -0.04310673 -0.04310625 -0.01789999
v -0.04018867 -0.04044443 -0.01789999
v -0.04231572 -0.04361343 -0.01789999
v -0.04138529 -0.04374438 -0.01789999
v -0.03983867 -0.04053819 -0.01789999
v -0.03728473 -0.04343450 -0.01789999
v -0.03670722 -0.03909850 -0.01789999
v -0.03269183 -0.04034507 -0.01789999
v -0.03670722 -0.03989648 -0.01789999
v -0.03450500 -0.04215830 -0.01789999
v -0.03492385 -0.03870886 -0.01789999
v -0.03466767 -0.03896504 -0.01789999
v -0.03431767 -0.03905886 -0.01789999
v -0.03189140 -0.03924846 -0.01789999
v -0.03396767 -0.03896504 -0.01789999
v -0.03371143 -0.03870886 -0.01789999
v -0.03146344 -0.03796005 -0.01789999
v -0.03361761 -0.03835886 -0.01789999
v -0.03139060 -0.03752487 -0.01789999
v -0.03371143 -0.03800886 -0.01789999
v -0.01062798 -0.01560562 -0.01789999
v -0.00988185 -0.01510703 -0.01789999
v -0.00900167 -0.01493191 -0.01789999
v -0.00737530 -0.01560562 -0.01789999
v -0.00812149 -0.01510703 -0.01789999
v 0.00254977 -0.02043074 -0.01789999
v 0.00254977 -0.01134037 -0.01789999
v -0.00059551 -0.02194964 -0.01789999
v 0.00059506 -0.02194964 -0.01789999
v 0.00812107 -0.01510703 -0.01789999
v 0.00737488 -0.01560562 -0.01789999
v 0.01062756 -0.01560562 -0.01789999
v 0.00988138 -0.01510703 -0.01789999
v 0.00900120 -0.01493191 -0.01789999
v 0.03431719 -0.03905886 -0.01789999
v 0.03189098 -0.03924846 -0.01789999
v 0.03396719 -0.03896504 -0.01789999
v 0.03371095 -0.03870886 -0.01789999
v 0.03396719 -0.03775262 -0.01789999
v 0.03371095 -0.03800886 -0.01789999
v 0.03361719 -0.03835886 -0.01789999
v 0.03146296 -0.03796005 -0.01789999
v 0.03139019 -0.03752487 -0.01789999
v 0.03466719 -0.03896504 -0.01789999
v 0.03492343 -0.03870886 -0.01789999
v 0.03501719 -0.03835886 -0.01789999
v 0.03492343 -0.03800886 -0.01789999
v 0.03269135 -0.04034507 -0.01789999
v -0.01450020 0.00555020 -0.01789999
v -0.01450020 0.00487518 -0.01789999
v -0.01450020 0.00170022 -0.01789999
v -0.01447337 0.00160020 -0.01789999
v -0.00400019 0.00000022 -0.01789999
v -0.00720018 0.00152701 -0.01789999
v -0.00712699 0.00160020 -0.01789999
v -0.00346428 0.00200021 -0.01789999
v -0.01440018 0.00152701 -0.01789999
v -0.01430022 0.00150019 -0.01789999
v -0.00730020 0.00150019 -0.01789999
v 0.00709975 0.00170022 -0.01789999
v 0.00712657 0.00160020 -0.01789999
v 0.00567472 0.00130022 -0.01789999
v 0.01439976 0.00152701 -0.01789999
v 0.01447296 0.00160020 -0.01789999
v 0.01449972 0.00170022 -0.01789999
v 0.01449972 0.00487518 -0.01789999
v 0.00719976 0.00152701 -0.01789999
v 0.00729972 0.00150019 -0.01789999
v 0.01429975 0.00150019 -0.01789999
v 0.01449972 -0.00554973 -0.01789999
v 0.01449972 -0.00487476 -0.01789999
v 0.01449972 -0.00169974 -0.01789999
v 0.01447296 -0.00159973 -0.01789999
v 0.01439976 -0.00152653 -0.01789999
v 0.01429975 -0.00149977 -0.01789999
v 0.00729972 -0.00149977 -0.01789999
v 0.00719976 -0.00152653 -0.01789999
v 0.00709975 -0.00487476 -0.01789999
v 0.00567472 -0.00487476 -0.01789999
v 0.00709975 -0.00169974 -0.01789999
v 0.00712657 -0.00159973 -0.01789999
v -0.01440018 -0.00152653 -0.01789999
v -0.01447337 -0.00159973 -0.01789999
v -0.01450020 -0.00169974 -0.01789999
v -0.01450020 -0.00487476 -0.01789999
v -0.00712699 -0.00159973 -0.01789999
v -0.00710016 -0.00169974 -0.01789999
v -0.00346428 -0.00199973 -0.01789999
v -0.00710016 -0.00487476 -0.01789999
v -0.00255018 -0.00487476 -0.01789999
v -0.00710016 -0.00554973 -0.01789999
v -0.00712699 -0.00564974 -0.01789999
v -0.00720018 -0.00152653 -0.01789999
v -0.00730020 -0.00149977 -0.01789999
v -0.01430022 -0.00149977 -0.01789999
v -0.01510745 0.00988185 -0.01789999
v -0.00255018 0.01208144 -0.01789999
v 0.00254977 0.00891578 -0.01789999
v 0.00254977 0.01208144 -0.01789999
v 0.00424975 0.01208144 -0.01789999
v 0.00424975 0.01588141 -0.01789999
v 0.00254977 0.01588141 -0.01789999
v -0.00255018 0.01588141 -0.01789999
v 0.03598922 -0.03837972 -0.01789999
v 0.03575474 -0.03750473 -0.01789999
v 0.03598922 -0.03662973 -0.01789999
v 0.03598922 0.03663021 -0.01789999
v 0.03662973 0.03598964 -0.01789999
v 0.03750473 0.03575521 -0.01789999
v 0.03837972 0.03598964 -0.01789999
v 0.03575474 0.03750520 -0.01789999
v 0.03750473 0.03925520 -0.01789999
v 0.03662973 0.03902071 -0.01789999
v 0.03598922 0.03838020 -0.01789999
v -0.03948867 -0.04044443 -0.01789999
v -0.03923243 -0.04018819 -0.01789999
v -0.03909897 -0.03989648 -0.01789999
v -0.03913867 -0.03983819 -0.01789999
v -0.03909897 -0.03909850 -0.01789999
v -0.03923243 -0.03948819 -0.01789999
v -0.03948867 -0.03923201 -0.01789999
v -0.03983867 -0.03913819 -0.01789999
v -0.00710016 0.00170022 -0.01789999
v -0.00710016 0.00487518 -0.01789999
v -0.00200021 0.00346428 -0.01789999
v -0.00255018 0.00487518 -0.01789999
v -0.00000022 0.00400019 -0.01789999
v 0.00254977 0.00487518 -0.01789999
v 0.00199973 0.00346428 -0.01789999
v 0.00346386 0.00200021 -0.01789999
v -0.00200021 -0.00346386 -0.01789999
v -0.00000022 -0.00399977 -0.01789999
v 0.00254977 -0.00487476 -0.01789999
v 0.00199973 -0.00346386 -0.01789999
v 0.00346386 -0.00199973 -0.01789999
v 0.00399977 0.00000022 -0.01789999
v -0.03902071 0.03663021 -0.01789999
v -0.03838020 0.03598964 -0.01789999
v -0.03750520 0.03575521 -0.01789999
v -0.03396767 -0.03775262 -0.01789999
v -0.03431767 -0.03765887 -0.01789999
v -0.03466767 -0.03775262 -0.01789999
v -0.03575521 -0.03750473 -0.01789999
v -0.03492385 -0.03800886 -0.01789999
v -0.03598964 -0.03837972 -0.01789999
v -0.03501766 -0.03835886 -0.01789999
v -0.03663021 -0.03902029 -0.01789999
v -0.03670221 -0.03905963 -0.01789999
v -0.03750520 -0.03925472 -0.01789999
v -0.03838020 -0.03902029 -0.01789999
v -0.03902071 -0.03837972 -0.01789999
v -0.03578042 -0.04304569 -0.01789999
v 0.03837972 -0.03902029 -0.01789999
v 0.03146296 -0.03796005 -0.01539999
v 0.03189098 -0.03924846 -0.01539999
v 0.03269135 -0.04034507 -0.01539999
v 0.03139019 -0.03752487 -0.01539999
v 0.03016179 -0.03513979 -0.01539999
v 0.03096216 -0.03623640 -0.01539999
v 0.02637410 -0.03135210 -0.01539999
v 0.02139604 -0.02637410 -0.01539999
v 0.01571536 -0.02069342 -0.01539999
v 0.01062756 -0.01560562 -0.01539999
v 0.00737488 -0.01560562 -0.01539999
v 0.00254977 -0.02043074 -0.01539999
v 0.00162607 -0.02135437 -0.01539999
v -0.00162655 -0.02135437 -0.01539999
v -0.00059551 -0.02194964 -0.01539999
v 0.00059506 -0.02194964 -0.01539999
v -0.00737530 -0.01560562 -0.01539999
v -0.01062798 -0.01560562 -0.01539999
v -0.01571583 -0.02069342 -0.01539999
v -0.02139651 -0.02637410 -0.01539999
v -0.02637451 -0.03135210 -0.01539999
v -0.03016221 -0.03513979 -0.01539999
v -0.03139060 -0.03752487 -0.01539999
v -0.03096264 -0.03623640 -0.01539999
v -0.03146344 -0.03796005 -0.01539999
v -0.03269183 -0.04034507 -0.01539999
v -0.03189140 -0.03924846 -0.01539999
v -0.03450500 -0.04215830 -0.01539999
v -0.03728473 -0.04343450 -0.01539999
v -0.03578042 -0.04304569 -0.01539999
v -0.04138529 -0.04374438 -0.01539999
v -0.04374480 -0.04138487 -0.01539999
v -0.04361391 -0.04231530 -0.01539999
v -0.04310673 -0.04310625 -0.01539999
v -0.04231572 -0.04361343 -0.01539999
v -0.04343497 -0.03728431 -0.01539999
v -0.04215872 -0.03450459 -0.01539999
v -0.04304617 -0.03577995 -0.01539999
v -0.04034554 -0.03269135 -0.01539999
v -0.03796046 -0.03146296 -0.01539999
v -0.03924894 -0.03189098 -0.01539999
v -0.03752529 -0.03139019 -0.01539999
v -0.03514027 -0.03016179 -0.01539999
v -0.03623688 -0.03096216 -0.01539999
v -0.01560604 -0.01062756 -0.01539999
v -0.01571583 -0.01073735 -0.01539999
v -0.01631885 -0.01134037 -0.01539999
v -0.02637451 -0.02139604 -0.01539999
v -0.03135257 -0.02637410 -0.01539999
v -0.01560604 -0.00737488 -0.01539999
v -0.01501077 -0.00840592 -0.01539999
v -0.01501077 -0.00959653 -0.01539999
v -0.01810616 -0.00487476 -0.01539999
v -0.02135485 -0.00162607 -0.01539999
v -0.02135485 0.00162655 -0.01539999
v -0.02185338 0.00088040 -0.01539999
v -0.02202850 0.00000022 -0.01539999
v -0.02185338 -0.00087995 -0.01539999
v -0.01560604 0.00737530 -0.01539999
v -0.01560604 0.01062798 -0.01539999
v -0.01510745 0.00988185 -0.01539999
v -0.01493239 0.00900167 -0.01539999
v -0.01510745 0.00812149 -0.01539999
v -0.01571583 0.01073777 -0.01539999
v -0.02138447 0.01640641 -0.01539999
v -0.02637451 0.02139651 -0.01539999
v -0.03135257 0.02637451 -0.01539999
v -0.03514027 0.03016221 -0.01539999
v -0.03752529 0.03139060 -0.01539999
v -0.03623688 0.03096264 -0.01539999
v -0.03796046 0.03146344 -0.01539999
v -0.04034554 0.03269183 -0.01539999
v -0.03924894 0.03189140 -0.01539999
v -0.04215872 0.03450500 -0.01539999
v -0.04343497 0.03728473 -0.01539999
v -0.04304617 0.03578042 -0.01539999
v -0.04374480 0.04138529 -0.01539999
v -0.04138529 0.04374480 -0.01539999
v -0.03909897 0.04357206 -0.01539999
v -0.03728473 0.04343497 -0.01539999
v -0.03450500 0.04215872 -0.01539999
v -0.03578042 0.04304617 -0.01539999
v -0.03269183 0.04034554 -0.01539999
v -0.04231572 0.04361391 -0.01539999
v -0.04310673 0.04310673 -0.01539999
v -0.04361391 0.04231572 -0.01539999
v -0.00988185 -0.01510703 -0.01539999
v -0.00900167 -0.01493191 -0.01539999
v -0.00812149 -0.01510703 -0.01539999
v 0.00812107 -0.01510703 -0.01539999
v 0.00900120 -0.01493191 -0.01539999
v 0.00988138 -0.01510703 -0.01539999
v -0.01803141 0.01913142 -0.01539999
v -0.01748144 0.01898407 -0.01539999
v -0.01707881 0.01858144 -0.01539999
v -0.01693141 0.01803141 -0.01539999
v -0.01707881 0.01748144 -0.01539999
v -0.01748144 0.01707881 -0.01539999
v -0.01803141 0.01693141 -0.01539999
v -0.01858144 0.01707881 -0.01539999
v -0.01898407 0.01748144 -0.01539999
v -0.01913142 0.01803141 -0.01539999
v -0.01898407 0.01858144 -0.01539999
v -0.01858144 0.01898407 -0.01539999
v 0.03750473 -0.03575474 -0.01539999
v 0.03837972 -0.03598922 -0.01539999
v 0.03902029 -0.03662973 -0.01539999
v 0.03905963 -0.03670179 -0.01539999
v 0.03925472 -0.03750473 -0.01539999
v 0.03902029 -0.03837972 -0.01539999
v 0.03837972 -0.03902029 -0.01539999
v 0.03750473 -0.03925472 -0.01539999
v 0.03662973 -0.03902029 -0.01539999
v 0.03598922 -0.03837972 -0.01539999
v 0.03575474 -0.03750473 -0.01539999
v 0.03598922 -0.03662973 -0.01539999
v 0.03662973 -0.03598922 -0.01539999
v 0.03983819 -0.03913819 -0.01539999
v 0.04018819 -0.03923201 -0.01539999
v 0.04044443 -0.03948819 -0.01539999
v 0.04053819 -0.03983819 -0.01539999
v 0.04044443 -0.04018819 -0.01539999
v 0.04018819 -0.04044443 -0.01539999
v 0.03983819 -0.04053819 -0.01539999
v 0.03948819 -0.04044443 -0.01539999
v 0.03923201 -0.04018819 -0.01539999
v 0.03913819 -0.03983819 -0.01539999
v 0.03923201 -0.03948819 -0.01539999
v 0.03948819 -0.03923201 -0.01539999
v 0.03431719 0.03905928 -0.01539999
v 0.03466719 0.03896552 -0.01539999
v 0.03492343 0.03870928 -0.01539999
v 0.03501719 0.03835928 -0.01539999
v 0.03492343 0.03800928 -0.01539999
v 0.03466719 0.03775310 -0.01539999
v 0.03431719 0.03765928 -0.01539999
v 0.03396719 0.03775310 -0.01539999
v 0.03371095 0.03800928 -0.01539999
v 0.03361719 0.03835928 -0.01539999
v 0.03371095 0.03870928 -0.01539999
v 0.03396719 0.03896552 -0.01539999
v 0.03983819 0.04053866 -0.01539999
v 0.04018819 0.04044485 -0.01539999
v 0.04044443 0.04018867 -0.01539999
v 0.04053819 0.03983867 -0.01539999
v 0.04044443 0.03948867 -0.01539999
v 0.04018819 0.03923243 -0.01539999
v 0.03983819 0.03913867 -0.01539999
v 0.03948819 0.03923243 -0.01539999
v 0.03923201 0.03948867 -0.01539999
v 0.03913819 0.03983867 -0.01539999
v 0.03923201 0.04018867 -0.01539999
v 0.03948819 0.04044485 -0.01539999
v 0.03835886 0.03501766 -0.01539999
v 0.03870886 0.03492385 -0.01539999
v 0.03896504 0.03466767 -0.01539999
v 0.03905886 0.03431767 -0.01539999
v 0.03896504 0.03396767 -0.01539999
v 0.03870886 0.03371143 -0.01539999
v 0.03835886 0.03361761 -0.01539999
v 0.03800886 0.03371143 -0.01539999
v 0.03775262 0.03396767 -0.01539999
v 0.03765887 0.03431767 -0.01539999
v 0.03775262 0.03466767 -0.01539999
v 0.03800886 0.03492385 -0.01539999
v -0.03750520 -0.03575474 -0.01539999
v -0.03663021 -0.03598922 -0.01539999
v -0.03598964 -0.03662973 -0.01539999
v -0.03575521 -0.03750473 -0.01539999
v -0.03598964 -0.03837972 -0.01539999
v -0.03663021 -0.03902029 -0.01539999
v -0.03670221 -0.03905963 -0.01539999
v -0.03750520 -0.03925472 -0.01539999
v -0.03838020 -0.03902029 -0.01539999
v -0.03902071 -0.03837972 -0.01539999
v -0.03925520 -0.03750473 -0.01539999
v -0.03906011 -0.03670179 -0.01539999
v -0.03902071 -0.03662973 -0.01539999
v -0.03838020 -0.03598922 -0.01539999
v -0.03750520 0.03925520 -0.01539999
v -0.03670221 0.03906011 -0.01539999
v -0.03663021 0.03902071 -0.01539999
v -0.03598964 0.03838020 -0.01539999
v -0.03575521 0.03750520 -0.01539999
v -0.03598964 0.03663021 -0.01539999
v -0.03663021 0.03598964 -0.01539999
v -0.03750520 0.03575521 -0.01539999
v -0.03838020 0.03598964 -0.01539999
v -0.03902071 0.03663021 -0.01539999
v -0.03925520 0.03750520 -0.01539999
v -0.03902071 0.03838020 -0.01539999
v -0.03838020 0.03902071 -0.01539999
v -0.03983867 0.04053866 -0.01539999
v -0.03948867 0.04044485 -0.01539999
v -0.03923243 0.04018867 -0.01539999
v -0.03913867 0.03983867 -0.01539999
v -0.03923243 0.03948867 -0.01539999
v -0.03948867 0.03923243 -0.01539999
v -0.03983867 0.03913867 -0.01539999
v -0.04018867 0.03923243 -0.01539999
v -0.04044485 0.03948867 -0.01539999
v -0.04053866 0.03983867 -0.01539999
v -0.04044485 0.04018867 -0.01539999
v -0.04018867 0.04044485 -0.01539999
v -0.00000022 0.01913142 -0.01539999
v 0.00054978 0.01898407 -0.01539999
v 0.00095240 0.01858144 -0.01539999
v 0.00109976 0.01803141 -0.01539999
v 0.00095240 0.01748144 -0.01539999
v 0.00054978 0.01707881 -0.01539999
v -0.00000022 0.01693141 -0.01539999
v -0.00055022 0.01707881 -0.01539999
v -0.00095285 0.01748144 -0.01539999
v -0.00110018 0.01803141 -0.01539999
v -0.00095285 0.01858144 -0.01539999
v -0.00055022 0.01898407 -0.01539999
v -0.00000022 -0.01693099 -0.01539999
v 0.00054978 -0.01707834 -0.01539999
v 0.00095240 -0.01748096 -0.01539999
v 0.00109976 -0.01803100 -0.01539999
v 0.00095240 -0.01858097 -0.01539999
v 0.00054978 -0.01898360 -0.01539999
v -0.00000022 -0.01913100 -0.01539999
v -0.00055022 -0.01898360 -0.01539999
v -0.00095285 -0.01858097 -0.01539999
v -0.00110018 -0.01803100 -0.01539999
v -0.00095285 -0.01748096 -0.01539999
v -0.00055022 -0.01707834 -0.01539999
v -0.01803141 0.00110018 -0.01539999
v -0.01748144 0.00095285 -0.01539999
v -0.01707881 0.00055022 -0.01539999
v -0.01693141 0.00000022 -0.01539999
v -0.01707881 -0.00054978 -0.01539999
v -0.01748144 -0.00095240 -0.01539999
v -0.01803141 -0.00109976 -0.01539999
v -0.01858144 -0.00095240 -0.01539999
v -0.01898407 -0.00054978 -0.01539999
v -0.01913142 0.00000022 -0.01539999
v -0.01898407 0.00055022 -0.01539999
v -0.01858144 0.00095285 -0.01539999
v 0.01803100 0.00110018 -0.01539999
v 0.01858097 0.00095285 -0.01539999
v 0.01898360 0.00055022 -0.01539999
v 0.01913100 0.00000022 -0.01539999
v 0.01898360 -0.00054978 -0.01539999
v 0.01858097 -0.00095240 -0.01539999
v 0.01803100 -0.00109976 -0.01539999
v 0.01748096 -0.00095240 -0.01539999
v 0.01707834 -0.00054978 -0.01539999
v 0.01693099 0.00000022 -0.01539999
v 0.01707834 0.00055022 -0.01539999
v 0.01748096 0.00095285 -0.01539999
v -0.00000022 0.00400019 -0.01539999
v 0.00199973 0.00346428 -0.01539999
v 0.00346386 0.00200021 -0.01539999
v 0.00399977 0.00000022 -0.01539999
v 0.00346386 -0.00199973 -0.01539999
v 0.00199973 -0.00346386 -0.01539999
v -0.00000022 -0.00399977 -0.01539999
v -0.00200021 -0.00346386 -0.01539999
v -0.00346428 -0.00199973 -0.01539999
v -0.00400019 0.00000022 -0.01539999
v -0.00346428 0.00200021 -0.01539999
v -0.00200021 0.00346428 -0.01539999
v -0.03431767 0.03905928 -0.01539999
v -0.03396767 0.03896552 -0.01539999
v -0.03371143 0.03870928 -0.01539999
v -0.03361761 0.03835928 -0.01539999
v -0.03371143 0.03800928 -0.01539999
v -0.03396767 0.03775310 -0.01539999
v -0.03431767 0.03765928 -0.01539999
v -0.03466767 0.03775310 -0.01539999
v -0.03492385 0.03800928 -0.01539999
v -0.03501766 0.03835928 -0.01539999
v -0.03492385 0.03870928 -0.01539999
v -0.03466767 0.03896552 -0.01539999
v -0.03835928 0.03501766 -0.01539999
v -0.03800928 0.03492385 -0.01539999
v -0.03775310 0.03466767 -0.01539999
v -0.03765928 0.03431767 -0.01539999
v -0.03775310 0.03396767 -0.01539999
v -0.03800928 0.03371143 -0.01539999
v -0.03835928 0.03361761 -0.01539999
v -0.03870928 0.03371143 -0.01539999
v -0.03896552 0.03396767 -0.01539999
v -0.03905928 0.03431767 -0.01539999
v -0.03896552 0.03466767 -0.01539999
v -0.03870928 0.03492385 -0.01539999
v -0.03835928 -0.03361719 -0.01539999
v -0.03800928 -0.03371095 -0.01539999
v -0.03775310 -0.03396719 -0.01539999
v -0.03765928 -0.03431719 -0.01539999
v -0.03775310 -0.03466719 -0.01539999
v -0.03800928 -0.03492343 -0.01539999
v -0.03835928 -0.03501719 -0.01539999
v -0.03870928 -0.03492343 -0.01539999
v -0.03896552 -0.03466719 -0.01539999
v -0.03905928 -0.03431719 -0.01539999
v -0.03896552 -0.03396719 -0.01539999
v -0.03870928 -0.03371095 -0.01539999
v -0.03983867 -0.03913819 -0.01539999
v -0.03948867 -0.03923201 -0.01539999
v -0.03923243 -0.03948819 -0.01539999
v -0.03913867 -0.03983819 -0.01539999
v -0.03923243 -0.04018819 -0.01539999
v -0.03948867 -0.04044443 -0.01539999
v -0.03983867 -0.04053819 -0.01539999
v -0.04018867 -0.04044443 -0.01539999
v -0.04044485 -0.04018819 -0.01539999
v -0.04053866 -0.03983819 -0.01539999
v -0.04044485 -0.03948819 -0.01539999
v -0.04018867 -0.03923201 -0.01539999
v -0.03431767 -0.03765887 -0.01539999
v -0.03396767 -0.03775262 -0.01539999
v -0.03371143 -0.03800886 -0.01539999
v -0.03361761 -0.03835886 -0.01539999
v -0.03371143 -0.03870886 -0.01539999
v -0.03396767 -0.03896504 -0.01539999
v -0.03431767 -0.03905886 -0.01539999
v -0.03466767 -0.03896504 -0.01539999
v -0.03492385 -0.03870886 -0.01539999
v -0.03501766 -0.03835886 -0.01539999
v -0.03492385 -0.03800886 -0.01539999
v -0.03466767 -0.03775262 -0.01539999
v 0.03750473 0.03925520 -0.01539999
v 0.03837972 0.03902071 -0.01539999
v 0.03902029 0.03838020 -0.01539999
v 0.03925472 0.03750520 -0.01539999
v 0.03902029 0.03663021 -0.01539999
v 0.03837972 0.03598964 -0.01539999
v 0.03750473 0.03575521 -0.01539999
v 0.03662973 0.03598964 -0.01539999
v 0.03598922 0.03663021 -0.01539999
v 0.03575474 0.03750520 -0.01539999
v 0.03598922 0.03838020 -0.01539999
v 0.03662973 0.03902071 -0.01539999
v 0.03431719 -0.03765887 -0.01539999
v 0.03466719 -0.03775262 -0.01539999
v 0.03492343 -0.03800886 -0.01539999
v 0.03501719 -0.03835886 -0.01539999
v 0.03492343 -0.03870886 -0.01539999
v 0.03466719 -0.03896504 -0.01539999
v 0.03431719 -0.03905886 -0.01539999
v 0.03396719 -0.03896504 -0.01539999
v 0.03371095 -0.03870886 -0.01539999
v 0.03361719 -0.03835886 -0.01539999
v 0.03371095 -0.03800886 -0.01539999
v 0.03396719 -0.03775262 -0.01539999
v 0.03835886 -0.03361719 -0.01539999
v 0.03870886 -0.03371095 -0.01539999
v 0.03896504 -0.03396719 -0.01539999
v 0.03905886 -0.03431719 -0.01539999
v 0.03896504 -0.03466719 -0.01539999
v 0.03870886 -0.03492343 -0.01539999
v 0.03835886 -0.03501719 -0.01539999
v 0.03800886 -0.03492343 -0.01539999
v 0.03775262 -0.03466719 -0.01539999
v 0.03765887 -0.03431719 -0.01539999
v 0.03775262 -0.03396719 -0.01539999
v 0.03800886 -0.03371095 -0.01539999
v 0.01803100 0.01913142 -0.01539999
v 0.01858097 0.01898407 -0.01539999
v 0.01898360 0.01858144 -0.01539999
v 0.01913100 0.01803141 -0.01539999
v 0.01898360 0.01748144 -0.01539999
v 0.01858097 0.01707881 -0.01539999
v 0.01803100 0.01693141 -0.01539999
v 0.01748096 0.01707881 -0.01539999
v 0.01707834 0.01748144 -0.01539999
v 0.01693099 0.01803141 -0.01539999
v 0.01707834 0.01858144 -0.01539999
v 0.01748096 0.01898407 -0.01539999
v 0.01803100 -0.01693099 -0.01539999
v 0.01858097 -0.01707834 -0.01539999
v 0.01898360 -0.01748096 -0.01539999
v 0.01913100 -0.01803100 -0.01539999
v 0.01898360 -0.01858097 -0.01539999
v 0.01858097 -0.01898360 -0.01539999
v 0.01803100 -0.01913100 -0.01539999
v 0.01748096 -0.01898360 -0.01539999
v 0.01707834 -0.01858097 -0.01539999
v 0.01693099 -0.01803100 -0.01539999
v 0.01707834 -0.01748096 -0.01539999
v 0.01748096 -0.01707834 -0.01539999
v -0.00425017 0.01208144 -0.01539999
v -0.00255018 0.01208144 -0.01539999
v 0.00254977 0.01208144 -0.01539999
v 0.00424975 0.01208144 -0.01539999
v 0.03450459 -0.04215830 -0.01539999
v 0.03577995 -0.04304569 -0.01539999
v 0.03728431 -0.04343450 -0.01539999
v 0.04138487 -0.04374438 -0.01539999
v 0.04231530 -0.04361343 -0.01539999
v 0.04310625 -0.04310625 -0.01539999
v 0.04361343 -0.04231530 -0.01539999
v 0.04374438 -0.04138487 -0.01539999
v 0.04343450 -0.03728431 -0.01539999
v 0.04357159 -0.03909850 -0.01539999
v 0.04304569 -0.03577995 -0.01539999
v 0.04215830 -0.03450459 -0.01539999
v 0.04034507 -0.03269135 -0.01539999
v 0.03924846 -0.03189098 -0.01539999
v 0.03796005 -0.03146296 -0.01539999
v 0.03752487 -0.03139019 -0.01539999
v 0.03623640 -0.03096216 -0.01539999
v 0.03513979 -0.03016179 -0.01539999
v 0.01560562 -0.01062756 -0.01539999
v 0.01571536 -0.01073735 -0.01539999
v 0.01631838 -0.01134037 -0.01539999
v 0.02637410 -0.02139604 -0.01539999
v 0.03135210 -0.02637410 -0.01539999
v 0.01510703 -0.00988138 -0.01539999
v 0.01493191 -0.00900120 -0.01539999
v 0.01510703 -0.00812107 -0.01539999
v 0.01560562 -0.00737488 -0.01539999
v 0.02135437 -0.00162607 -0.01539999
v 0.01810574 -0.00487476 -0.01539999
v 0.02194964 -0.00059506 -0.01539999
v 0.02194964 0.00059551 -0.01539999
v 0.02135437 0.00162655 -0.01539999
v 0.01560562 0.00737530 -0.01539999
v 0.01510703 0.00812149 -0.01539999
v 0.01493191 0.00900167 -0.01539999
v 0.01510703 0.00988185 -0.01539999
v 0.01560562 0.01062798 -0.01539999
v 0.03513979 0.03016221 -0.01539999
v 0.03135210 0.02637451 -0.01539999
v 0.02637410 0.02139651 -0.01539999
v 0.02138400 0.01640641 -0.01539999
v 0.01571536 0.01073777 -0.01539999
v 0.03623640 0.03096264 -0.01539999
v 0.03752487 0.03139060 -0.01539999
v 0.03796005 0.03146344 -0.01539999
v 0.03924846 0.03189140 -0.01539999
v 0.04034507 0.03269183 -0.01539999
v 0.04215830 0.03450500 -0.01539999
v 0.04304569 0.03578042 -0.01539999
v 0.04343450 0.03728473 -0.01539999
v 0.04374438 0.04138529 -0.01539999
v 0.04357159 0.03909897 -0.01539999
v 0.04361343 0.04231572 -0.01539999
v 0.04310625 0.04310673 -0.01539999
v 0.04231530 0.04361391 -0.01539999
v 0.04138487 0.04374480 -0.01539999
v 0.03909850 0.04357206 -0.01539999
v 0.03728431 0.04343497 -0.01539999
v 0.03577995 0.04304617 -0.01539999
v 0.03450459 0.04215872 -0.01539999
v 0.03269135 0.04034554 -0.01539999
v 0.03189098 0.03924894 -0.01539999
v 0.03146296 0.03796046 -0.01539999
v 0.03139019 0.03752529 -0.01539999
v 0.03096216 0.03623688 -0.01539999
v 0.03016179 0.03514027 -0.01539999
v 0.01062756 0.01560604 -0.01539999
v 0.01142793 0.01640641 -0.01539999
v 0.01571536 0.02069383 -0.01539999
v 0.02139604 0.02637451 -0.01539999
v 0.02637410 0.03135257 -0.01539999
v 0.00959653 0.01501077 -0.01539999
v 0.00840592 0.01501077 -0.01539999
v 0.00737488 0.01560604 -0.01539999
v 0.00162607 0.02135485 -0.01539999
v 0.00254977 0.02043116 -0.01539999
v 0.00567472 0.01730614 -0.01539999
v 0.00657451 0.01640641 -0.01539999
v 0.00087995 0.02185338 -0.01539999
v -0.00000022 0.02202850 -0.01539999
v -0.00088040 0.02185338 -0.01539999
v -0.00162655 0.02135485 -0.01539999
v -0.00737530 0.01560604 -0.01539999
v -0.00657493 0.01640641 -0.01539999
v -0.00255018 0.02043116 -0.01539999
v -0.00840640 0.01501077 -0.01539999
v -0.00959694 0.01501077 -0.01539999
v -0.01062798 0.01560604 -0.01539999
v -0.03016221 0.03514027 -0.01539999
v -0.02637451 0.03135257 -0.01539999
v -0.02139651 0.02637451 -0.01539999
v -0.01571583 0.02069383 -0.01539999
v -0.01142841 0.01640641 -0.01539999
v -0.03096264 0.03623688 -0.01539999
v -0.03139060 0.03752529 -0.01539999
v -0.03146344 0.03796046 -0.01539999
v -0.03189140 0.03924894 -0.01539999
v 0.00424975 0.01588141 -0.01539999
v -0.01803141 -0.01693099 -0.01539999
v -0.01748144 -0.01707834 -0.01539999
v -0.01707881 -0.01748096 -0.01539999
v -0.01693141 -0.01803100 -0.01539999
v -0.01707881 -0.01858097 -0.01539999
v -0.01748144 -0.01898360 -0.01539999
v -0.01803141 -0.01913100 -0.01539999
v -0.01858144 -0.01898360 -0.01539999
v -0.01898407 -0.01858097 -0.01539999
v -0.01913142 -0.01803100 -0.01539999
v -0.01898407 -0.01748096 -0.01539999
v -0.01858144 -0.01707834 -0.01539999
v 0.01429975 0.00575018 -0.01539999
v 0.01439976 0.00572342 -0.01539999
v 0.01447296 0.00565022 -0.01539999
v 0.01449972 0.00555020 -0.01539999
v 0.01449972 0.00487518 -0.01539999
v 0.01449972 0.00170022 -0.01539999
v 0.01447296 0.00160020 -0.01539999
v 0.01439976 0.00152701 -0.01539999
v 0.01429975 0.00150019 -0.01539999
v 0.01429975 -0.00149977 -0.01539999
v 0.01439976 -0.00152653 -0.01539999
v 0.01447296 -0.00159973 -0.01539999
v 0.01449972 -0.00169974 -0.01539999
v 0.01449972 -0.00487476 -0.01539999
v 0.01449972 -0.00554973 -0.01539999
v 0.01447296 -0.00564974 -0.01539999
v 0.01439976 -0.00572294 -0.01539999
v 0.01429975 -0.00574976 -0.01539999
v -0.01430022 -0.00574976 -0.01539999
v -0.01440018 -0.00572294 -0.01539999
v -0.01447337 -0.00564974 -0.01539999
v -0.01450020 -0.00554973 -0.01539999
v -0.01450020 -0.00487476 -0.01539999
v -0.01450020 -0.00169974 -0.01539999
v -0.01447337 -0.00159973 -0.01539999
v -0.01440018 -0.00152653 -0.01539999
v -0.01430022 -0.00149977 -0.01539999
v -0.01430022 0.00150019 -0.01539999
v -0.01440018 0.00152701 -0.01539999
v -0.01447337 0.00160020 -0.01539999
v -0.01450020 0.00170022 -0.01539999
v -0.01450020 0.00487518 -0.01539999
v -0.01450020 0.00555020 -0.01539999
v -0.01447337 0.00565022 -0.01539999
v -0.01440018 0.00572342 -0.01539999
v -0.01430022 0.00575018 -0.01539999
v -0.00425017 0.01588141 -0.01539999
v 0.00254977 0.01588141 -0.01539999
v -0.00255018 0.01588141 -0.01539999
v -0.00730020 -0.00149977 -0.01539999
v 0.00729972 0.00575018 -0.01539999
v 0.00729972 -0.00149977 -0.01539999
v 0.00729972 0.00150019 -0.01539999
v 0.00729972 -0.00574976 -0.01539999
v -0.00730020 0.00150019 -0.01539999
v -0.00730020 -0.00574976 -0.01539999
v -0.00730020 0.00575018 -0.01539999
v -0.00710016 0.00555020 -0.01539999
v -0.00712699 0.00565022 -0.01539999
v -0.00720018 0.00572342 -0.01539999
v -0.00710016 -0.00169974 -0.01539999
v -0.00712699 -0.00159973 -0.01539999
v -0.00720018 -0.00152653 -0.01539999
v -0.00710016 0.00487518 -0.01539999
v -0.00710016 0.00170022 -0.01539999
v -0.00712699 0.00160020 -0.01539999
v -0.00720018 0.00152701 -0.01539999
v -0.00710016 -0.00487476 -0.01539999
v -0.00710016 -0.00554973 -0.01539999
v -0.00712699 -0.00564974 -0.01539999
v -0.00720018 -0.00572294 -0.01539999
v 0.00709975 -0.00554973 -0.01539999
v 0.00712657 -0.00564974 -0.01539999
v 0.00719976 -0.00572294 -0.01539999
v 0.00709975 0.00170022 -0.01539999
v 0.00712657 0.00160020 -0.01539999
v 0.00719976 0.00152701 -0.01539999
v 0.00709975 -0.00487476 -0.01539999
v 0.00709975 -0.00169974 -0.01539999
v 0.00712657 -0.00159973 -0.01539999
v 0.00719976 -0.00152653 -0.01539999
v 0.00709975 0.00487518 -0.01539999
v 0.00709975 0.00555020 -0.01539999
v 0.00712657 0.00565022 -0.01539999
v 0.00719976 0.00572342 -0.01539999
v 0.03670680 -0.03989648 -0.01539999
v 0.03670680 -0.03909850 -0.01539999
v 0.03538596 -0.03909850 -0.01539999
v -0.03670722 -0.03909850 -0.01539999
v -0.03670722 0.03909897 -0.01539999
v -0.03909897 0.03670722 -0.01539999
v -0.03909897 0.03538644 -0.01539999
v 0.03909850 0.03909897 -0.01539999
v 0.03909850 -0.03909850 -0.01539999
v 0.03909850 -0.03670680 -0.01539999
v 0.00567472 -0.00487476 -0.01539999
v 0.02637410 0.02637451 -0.01539999
v 0.03670680 0.03538644 -0.01539999
v 0.03538596 0.03538644 -0.01539999
v 0.03909850 0.03670722 -0.01539999
v 0.03909850 0.03538644 -0.01539999
v 0.03538596 0.03670722 -0.01539999
v -0.01571583 0.01640641 -0.01539999
v -0.02637451 0.02637451 -0.01539999
v -0.03989690 -0.03670680 -0.01539999
v -0.03909897 -0.03670680 -0.01539999
v -0.03670722 -0.03989648 -0.01539999
v -0.03909897 -0.03989648 -0.01539999
v 0.03538596 -0.03670680 -0.01539999
v 0.01571536 -0.01134037 -0.01539999
v 0.02637410 -0.02637410 -0.01539999
v 0.00567472 -0.01134037 -0.01539999
v 0.00254977 -0.01134037 -0.01539999
v -0.00255018 -0.01134037 -0.01539999
v -0.01571583 -0.01134037 -0.01539999
v -0.02637451 -0.02637410 -0.01539999
v -0.03989690 -0.03909850 -0.01539999
v -0.00255018 -0.00487476 -0.01539999
v -0.01571583 -0.00487476 -0.01539999
v -0.01571583 0.00130022 -0.01539999
v -0.01571583 0.00487518 -0.01539999
v -0.00255018 0.00891578 -0.01539999
v -0.00255018 0.01640641 -0.01539999
v -0.03670722 0.03538644 -0.01539999
v -0.03989690 0.03909897 -0.01539999
v -0.03989690 0.03670722 -0.01539999
v -0.03989690 0.03538644 -0.01539999
v -0.03909897 0.03909897 -0.01539999
v 0.00254977 0.01640641 -0.01539999
v 0.00567472 0.00891578 -0.01539999
v 0.00567472 0.01640641 -0.01539999
v 0.01571536 0.01640641 -0.01539999
v 0.03538596 0.03909897 -0.01539999
v 0.03670680 0.03909897 -0.01539999
v 0.00567472 0.00487518 -0.01539999
v 0.01571536 0.00130022 -0.01539999
v 0.01571536 -0.00487476 -0.01539999
v 0.01571536 0.00487518 -0.01539999
v 0.03538596 -0.03989648 -0.01539999
v 0.00254977 0.00891578 -0.01539999
v 0.03909850 -0.03989648 -0.01539999
v -0.03909897 -0.03909850 -0.01539999
v 0.00567472 0.00130022 -0.01539999
v 0.00254977 -0.00487476 -0.01539999
v -0.00255018 0.00487518 -0.01539999
v 0.00254977 0.00487518 -0.01539999
v 0.04645031 0.00930017 -0.02519994
v 0.04645031 0.00930017 -0.02139997
v 0.04645031 -0.00869977 -0.02519994
v 0.04645031 -0.00869977 -0.02139997
v 0.04545032 0.00930017 -0.01966792
v 0.04618233 0.00930017 -0.02039998
v 0.04445028 0.00930017 -0.01940000
v -0.03954964 0.00930017 -0.01940000
v 0.04618233 0.00930017 -0.02619999
v 0.04545032 0.00930017 -0.02693200
v 0.04445028 0.00930017 -0.02719998
v -0.03954964 0.00930017 -0.02719998
v -0.04128170 0.00930017 -0.02039998
v -0.04054963 0.00930017 -0.01966792
v -0.04154962 0.00930017 -0.02139997
v -0.04154962 0.00930017 -0.02519994
v -0.04128170 0.00930017 -0.02619999
v -0.04054963 0.00930017 -0.02693200
v -0.04154962 -0.00869977 -0.02519994
v -0.04154962 -0.00869977 -0.02139997
v 0.04618233 -0.00869977 -0.02039998
v 0.04545032 -0.00869977 -0.01966792
v 0.04545032 -0.00869977 -0.02693200
v 0.04618233 -0.00869977 -0.02619999
v 0.04445028 -0.00869977 -0.02719998
v 0.04445028 -0.00869977 -0.01940000
v -0.03954964 -0.00869977 -0.01940000
v -0.03954964 -0.00869977 -0.02719998
v -0.04128170 -0.00869977 -0.02619999
v -0.04054963 -0.00869977 -0.02693200
v -0.04128170 -0.00869977 -0.02039998
v -0.04054963 -0.00869977 -0.01966792
v 0.02118653 -0.01725322 -0.01539999
v 0.02128100 -0.01803100 -0.01539999
v 0.01985597 -0.01803100 -0.01539999
v 0.02118653 -0.01880878 -0.01539999
v 0.01961147 -0.01894348 -0.01539999
v 0.02046364 -0.02018612 -0.01539999
v 0.01894348 -0.01961147 -0.01539999
v 0.01918345 -0.02106976 -0.01539999
v 0.01803100 -0.01985597 -0.01539999
v 0.01763921 -0.02125728 -0.01539999
v 0.01711845 -0.01961147 -0.01539999
v 0.01618474 -0.02070569 -0.01539999
v 0.01645046 -0.01894348 -0.01539999
v 0.01515322 -0.01954132 -0.01539999
v 0.01620596 -0.01803100 -0.01539999
v 0.01478099 -0.01803100 -0.01539999
v 0.01645046 -0.01711845 -0.01539999
v 0.01515322 -0.01652061 -0.01539999
v 0.01711845 -0.01645046 -0.01539999
v 0.01618474 -0.01535630 -0.01539999
v 0.01803100 -0.01620596 -0.01539999
v 0.01763921 -0.01480466 -0.01539999
v 0.01894348 -0.01645046 -0.01539999
v 0.01918345 -0.01499217 -0.01539999
v 0.01961147 -0.01711845 -0.01539999
v 0.02046364 -0.01587581 -0.01539999
v 0.01985597 -0.01803100 -0.00040000
v 0.01961147 -0.01894348 -0.00040000
v 0.01894348 -0.01961147 -0.00040000
v 0.01803100 -0.01985597 -0.00040000
v 0.01711845 -0.01961147 -0.00040000
v 0.01645046 -0.01894348 -0.00040000
v 0.01620596 -0.01803100 -0.00040000
v 0.01645046 -0.01711845 -0.00040000
v 0.01711845 -0.01645046 -0.00040000
v 0.01803100 -0.01620596 -0.00040000
v 0.01894348 -0.01645046 -0.00040000
v 0.01961147 -0.01711845 -0.00040000
v -0.01487541 -0.01725322 -0.01539999
v -0.01478099 -0.01803100 -0.01539999
v -0.01620596 -0.01803100 -0.01539999
v -0.01487541 -0.01880878 -0.01539999
v -0.01645046 -0.01894348 -0.01539999
v -0.01559829 -0.02018612 -0.01539999
v -0.01711845 -0.01961147 -0.01539999
v -0.01687848 -0.02106976 -0.01539999
v -0.01803100 -0.01985597 -0.01539999
v -0.01842272 -0.02125728 -0.01539999
v -0.01894348 -0.01961147 -0.01539999
v -0.01987719 -0.02070569 -0.01539999
v -0.01961147 -0.01894348 -0.01539999
v -0.02090871 -0.01954132 -0.01539999
v -0.01985597 -0.01803100 -0.01539999
v -0.02128100 -0.01803100 -0.01539999
v -0.01961147 -0.01711845 -0.01539999
v -0.02090871 -0.01652061 -0.01539999
v -0.01894348 -0.01645046 -0.01539999
v -0.01987719 -0.01535630 -0.01539999
v -0.01803100 -0.01620596 -0.01539999
v -0.01842272 -0.01480466 -0.01539999
v -0.01711845 -0.01645046 -0.01539999
v -0.01687848 -0.01499217 -0.01539999
v -0.01645046 -0.01711845 -0.01539999
v -0.01559829 -0.01587581 -0.01539999
v -0.01620596 -0.01803100 -0.00040000
v -0.01645046 -0.01894348 -0.00040000
v -0.01711845 -0.01961147 -0.00040000
v -0.01803100 -0.01985597 -0.00040000
v -0.01894348 -0.01961147 -0.00040000
v -0.01961147 -0.01894348 -0.00040000
v -0.01985597 -0.01803100 -0.00040000
v -0.01961147 -0.01711845 -0.00040000
v -0.01894348 -0.01645046 -0.00040000
v -0.01803100 -0.01620596 -0.00040000
v -0.01711845 -0.01645046 -0.00040000
v -0.01645046 -0.01711845 -0.00040000
v 0.02118653 0.01880878 -0.01539999
v 0.02128100 0.01803100 -0.01539999
v 0.01985597 0.01803100 -0.01539999
v 0.02118653 0.01725322 -0.01539999
v 0.01961147 0.01711845 -0.01539999
v 0.02046364 0.01587581 -0.01539999
v 0.01894348 0.01645046 -0.01539999
v 0.01918345 0.01499217 -0.01539999
v 0.01803100 0.01620596 -0.01539999
v 0.01763921 0.01480466 -0.01539999
v 0.01711845 0.01645046 -0.01539999
v 0.01618474 0.01535630 -0.01539999
v 0.01645046 0.01711845 -0.01539999
v 0.01515322 0.01652061 -0.01539999
v 0.01620596 0.01803100 -0.01539999
v 0.01478099 0.01803100 -0.01539999
v 0.01645046 0.01894348 -0.01539999
v 0.01515322 0.01954132 -0.01539999
v 0.01711845 0.01961147 -0.01539999
v 0.01618474 0.02070569 -0.01539999
v 0.01803100 0.01985597 -0.01539999
v 0.01763921 0.02125728 -0.01539999
v 0.01894348 0.01961147 -0.01539999
v 0.01918345 0.02106976 -0.01539999
v 0.01961147 0.01894348 -0.01539999
v 0.02046364 0.02018612 -0.01539999
v 0.01985597 0.01803100 -0.00040000
v 0.01961147 0.01711845 -0.00040000
v 0.01894348 0.01645046 -0.00040000
v 0.01803100 0.01620596 -0.00040000
v 0.01711845 0.01645046 -0.00040000
v 0.01645046 0.01711845 -0.00040000
v 0.01620596 0.01803100 -0.00040000
v 0.01645046 0.01894348 -0.00040000
v 0.01711845 0.01961147 -0.00040000
v 0.01803100 0.01985597 -0.00040000
v 0.01894348 0.01961147 -0.00040000
v 0.01961147 0.01894348 -0.00040000
v -0.01487541 0.01880878 -0.01539999
v -0.01478099 0.01803100 -0.01539999
v -0.01620596 0.01803100 -0.01539999
v -0.01487541 0.01725322 -0.01539999
v -0.01645046 0.01711845 -0.01539999
v -0.01559829 0.01587581 -0.01539999
v -0.01711845 0.01645046 -0.01539999
v -0.01687848 0.01499217 -0.01539999
v -0.01803100 0.01620596 -0.01539999
v -0.01842272 0.01480466 -0.01539999
v -0.01894348 0.01645046 -0.01539999
v -0.01987719 0.01535630 -0.01539999
v -0.01961147 0.01711845 -0.01539999
v -0.02090871 0.01652061 -0.01539999
v -0.01985597 0.01803100 -0.01539999
v -0.02128100 0.01803100 -0.01539999
v -0.01961147 0.01894348 -0.01539999
v -0.02090871 0.01954132 -0.01539999
v -0.01894348 0.01961147 -0.01539999
v -0.01987719 0.02070569 -0.01539999
v -0.01803100 0.01985597 -0.01539999
v -0.01842272 0.02125728 -0.01539999
v -0.01711845 0.01961147 -0.01539999
v -0.01687848 0.02106976 -0.01539999
v -0.01645046 0.01894348 -0.01539999
v -0.01559829 0.02018612 -0.01539999
v -0.01620596 0.01803100 -0.00040000
v -0.01645046 0.01711845 -0.00040000
v -0.01711845 0.01645046 -0.00040000
v -0.01803100 0.01620596 -0.00040000
v -0.01894348 0.01645046 -0.00040000
v -0.01961147 0.01711845 -0.00040000
v -0.01985597 0.01803100 -0.00040000
v -0.01961147 0.01894348 -0.00040000
v -0.01894348 0.01961147 -0.00040000
v -0.01803100 0.01985597 -0.00040000
v -0.01711845 0.01961147 -0.00040000
v -0.01645046 0.01894348 -0.00040000
v 0.03149998 0.00000000 0.00000000
v 0.03107035 0.00518471 0.00000000
v 0.00000000 0.00000000 0.00000000
v 0.03107035 -0.00518471 0.00000000
v 0.02485787 -0.01934766 0.00000000
v 0.02770340 -0.01499229 0.00000000
v 0.02979320 -0.01022803 0.00000000
v 0.01265341 -0.02884685 0.00000000
v 0.01722884 -0.02637070 0.00000000
v 0.02133435 -0.02317529 0.00000000
v -0.00260121 -0.03139239 0.00000000
v 0.00260121 -0.03139239 0.00000000
v 0.00773275 -0.03053605 0.00000000
v -0.01722884 -0.02637070 0.00000000
v -0.01265341 -0.02884685 0.00000000
v -0.00773275 -0.03053605 0.00000000
v -0.02770340 -0.01499229 0.00000000
v -0.02485787 -0.01934766 0.00000000
v -0.02133435 -0.02317529 0.00000000
v -0.03149998 0.00000000 0.00000000
v -0.03107035 -0.00518471 0.00000000
v -0.02979320 -0.01022803 0.00000000
v -0.02770340 0.01499229 0.00000000
v -0.02979320 0.01022803 0.00000000
v -0.03107035 0.00518471 0.00000000
v -0.01722884 0.02637070 0.00000000
v -0.02133435 0.02317529 0.00000000
v -0.02485787 0.01934766 0.00000000
v -0.00260121 0.03139239 0.00000000
v -0.00773275 0.03053605 0.00000000
v -0.01265341 0.02884685 0.00000000
v 0.01265341 0.02884685 0.00000000
v 0.00773275 0.03053605 0.00000000
v 0.00260121 0.03139239 0.00000000
v 0.02485787 0.01934766 0.00000000
v 0.02133435 0.02317529 0.00000000
v 0.01722884 0.02637070 0.00000000
v 0.02979320 0.01022803 0.00000000
v 0.02770340 0.01499229 0.00000000
v -0.03149998 0.00000000 0.00000000
v -0.03107035 -0.00518471 -0.00040000
v -0.02979320 -0.01022803 -0.00040000
v -0.02770340 -0.01499229 -0.00040000
v -0.02485787 -0.01934766 -0.00040000
v -0.02133435 -0.02317529 -0.00040000
v -0.01722884 -0.02637070 -0.00040000
v -0.01265341 -0.02884685 -0.00040000
v -0.00773275 -0.03053605 -0.00040000
v -0.00260121 -0.03139239 -0.00040000
v 0.00260121 -0.03139239 -0.00040000
v 0.00773275 -0.03053605 -0.00040000
v 0.01265341 -0.02884685 -0.00040000
v 0.01722884 -0.02637070 -0.00040000
v 0.02133435 -0.02317529 -0.00040000
v 0.02485787 -0.01934766 -0.00040000
v 0.02770340 -0.01499229 -0.00040000
v 0.02979320 -0.01022803 -0.00040000
v 0.03107035 -0.00518471 -0.00040000
v 0.03149998 0.00000000 -0.00040000
v 0.03149998 0.00000000 0.00000000
v 0.03107035 0.00518471 -0.00040000
v 0.02979320 0.01022803 -0.00040000
v 0.02770340 0.01499229 -0.00040000
v 0.02485787 0.01934766 -0.00040000
v 0.02133435 0.02317529 -0.00040000
v 0.01722884 0.02637070 -0.00040000
v 0.01265341 0.02884685 -0.00040000
v 0.00773275 0.03053605 -0.00040000
v 0.00260121 0.03139239 -0.00040000
v -0.00260121 0.03139239 -0.00040000
v -0.00773275 0.03053605 -0.00040000
v -0.01265341 0.02884685 -0.00040000
v -0.01722884 0.02637070 -0.00040000
v -0.02133435 0.02317529 -0.00040000
v -0.02485787 0.01934766 -0.00040000
v -0.02770340 0.01499229 -0.00040000
v -0.02979320 0.01022803 -0.00040000
v -0.03107035 0.00518471 -0.00040000
v -0.03149998 0.00000000 -0.00040000
v 0.01803100 -0.01803100 -0.00040000
v -0.01803100 -0.01803100 -0.00040000
v 0.01803100 0.01803100 -0.00040000
v -0.01803100 0.01803100 -0.00040000
v -0.02098727 0.01668089 -0.00239998
v -0.02124792 0.01756846 -0.00239998
v -0.02128100 0.01803100 -0.00239998
v -0.02048718 0.01590269 -0.00239998
v -0.02090871 0.01652061 -0.00239998
v -0.01842272 0.01480466 -0.00239998
v -0.01894658 0.01491260 -0.00239998
v -0.01978808 0.01529687 -0.00239998
v -0.01987719 0.01535630 -0.00239998
v -0.01711535 0.01491260 -0.00239998
v -0.01803100 0.01478099 -0.00239998
v -0.01627391 0.01529687 -0.00239998
v -0.01687848 0.01499217 -0.00239998
v -0.01507467 0.01668089 -0.00239998
v -0.01557481 0.01590269 -0.00239998
v -0.01481407 0.01849347 -0.00239998
v -0.01478099 0.01803100 -0.00239998
v -0.01481407 0.01756846 -0.00239998
v -0.01487541 0.01725322 -0.00239998
v -0.01507467 0.01938104 -0.00239998
v -0.01487541 0.01880878 -0.00239998
v -0.01627391 0.02076506 -0.00239998
v -0.01557481 0.02015924 -0.00239998
v -0.01842272 0.02125728 -0.00239998
v -0.01803100 0.02128100 -0.00239998
v -0.01711535 0.02114933 -0.00239998
v -0.01687848 0.02106976 -0.00239998
v -0.01978808 0.02076506 -0.00239998
v -0.01894658 0.02114933 -0.00239998
v -0.02048718 0.02015924 -0.00239998
v -0.01987719 0.02070569 -0.00239998
v -0.02124792 0.01849347 -0.00239998
v -0.02098727 0.01938104 -0.00239998
v -0.02090871 0.01954132 -0.00239998
v -0.01803100 0.02143323 -0.00163460
v -0.01898950 0.02129542 -0.00163460
v -0.01987034 0.02089309 -0.00163460
v -0.02060222 0.02025896 -0.00163460
v -0.02112579 0.01944434 -0.00163460
v -0.02139860 0.01851516 -0.00163460
v -0.02139860 0.01754677 -0.00163460
v -0.02112579 0.01661765 -0.00163460
v -0.02060222 0.01580297 -0.00163460
v -0.01987034 0.01516884 -0.00163460
v -0.01898950 0.01476657 -0.00163460
v -0.01803100 0.01462870 -0.00163460
v -0.01707243 0.01476657 -0.00163460
v -0.01619160 0.01516884 -0.00163460
v -0.01545971 0.01580297 -0.00163460
v -0.01493620 0.01661765 -0.00163460
v -0.01466333 0.01754677 -0.00163460
v -0.01466333 0.01851516 -0.00163460
v -0.01493620 0.01944434 -0.00163460
v -0.01545971 0.02025896 -0.00163460
v -0.01619160 0.02089309 -0.00163460
v -0.01707243 0.02129542 -0.00163460
v -0.01695030 0.02171140 -0.00098579
v -0.01595717 0.02125781 -0.00098579
v -0.01513206 0.02054286 -0.00098579
v -0.01454180 0.01962441 -0.00098579
v -0.01423424 0.01857686 -0.00098579
v -0.01423424 0.01748508 -0.00098579
v -0.01454180 0.01643753 -0.00098579
v -0.01513206 0.01551908 -0.00098579
v -0.01595717 0.01480412 -0.00098579
v -0.01695030 0.01435059 -0.00098579
v -0.01803100 0.01419520 -0.00098579
v -0.01911163 0.01435059 -0.00098579
v -0.02010476 0.01480412 -0.00098579
v -0.02092987 0.01551908 -0.00098579
v -0.02152013 0.01643753 -0.00098579
v -0.02182769 0.01748508 -0.00098579
v -0.02182769 0.01857686 -0.00098579
v -0.02152013 0.01962441 -0.00098579
v -0.02092987 0.02054286 -0.00098579
v -0.02010476 0.02125781 -0.00098579
v -0.01911163 0.02171140 -0.00098579
v -0.01803100 0.02186673 -0.00098579
v -0.01676750 0.02233397 -0.00055224
v -0.01560640 0.02180367 -0.00055224
v -0.01464170 0.02096778 -0.00055224
v -0.01395159 0.01989394 -0.00055224
v -0.01359200 0.01866918 -0.00055224
v -0.01359200 0.01739275 -0.00055224
v -0.01395159 0.01616799 -0.00055224
v -0.01464170 0.01509416 -0.00055224
v -0.01560640 0.01425826 -0.00055224
v -0.01676750 0.01372802 -0.00055224
v -0.01803100 0.01354634 -0.00055224
v -0.01929444 0.01372802 -0.00055224
v -0.02045553 0.01425826 -0.00055224
v -0.02142024 0.01509416 -0.00055224
v -0.02211034 0.01616799 -0.00055224
v -0.02246993 0.01739275 -0.00055224
v -0.02246993 0.01866918 -0.00055224
v -0.02211034 0.01989394 -0.00055224
v -0.02142024 0.02096778 -0.00055224
v -0.02045553 0.02180367 -0.00055224
v -0.01929444 0.02233397 -0.00055224
v -0.01803100 0.02251559 -0.00055224
v -0.01655185 0.02306830 -0.00040000
v -0.01519262 0.02244758 -0.00040000
v -0.01406329 0.02146899 -0.00040000
v -0.01325541 0.02021193 -0.00040000
v -0.01283442 0.01877814 -0.00040000
v -0.01283442 0.01728379 -0.00040000
v -0.01325541 0.01585006 -0.00040000
v -0.01406329 0.01459294 -0.00040000
v -0.01519262 0.01361441 -0.00040000
v -0.01655185 0.01299363 -0.00040000
v -0.01803100 0.01278096 -0.00040000
v -0.01951009 0.01299363 -0.00040000
v -0.02086931 0.01361441 -0.00040000
v -0.02199864 0.01459294 -0.00040000
v -0.02280652 0.01585006 -0.00040000
v -0.02322751 0.01728379 -0.00040000
v -0.02322751 0.01877814 -0.00040000
v -0.02280652 0.02021193 -0.00040000
v -0.02199864 0.02146899 -0.00040000
v -0.02086931 0.02244758 -0.00040000
v -0.01951009 0.02306830 -0.00040000
v -0.01803100 0.02328097 -0.00040000
v 0.01507467 0.01668089 -0.00239998
v 0.01481407 0.01756846 -0.00239998
v 0.01478099 0.01803100 -0.00239998
v 0.01557481 0.01590269 -0.00239998
v 0.01515322 0.01652061 -0.00239998
v 0.01763921 0.01480466 -0.00239998
v 0.01711535 0.01491260 -0.00239998
v 0.01627391 0.01529687 -0.00239998
v 0.01618474 0.01535630 -0.00239998
v 0.01894658 0.01491260 -0.00239998
v 0.01803100 0.01478099 -0.00239998
v 0.01978808 0.01529687 -0.00239998
v 0.01918345 0.01499217 -0.00239998
v 0.02098727 0.01668089 -0.00239998
v 0.02048718 0.01590269 -0.00239998
v 0.02124792 0.01849347 -0.00239998
v 0.02128100 0.01803100 -0.00239998
v 0.02124792 0.01756846 -0.00239998
v 0.02118653 0.01725322 -0.00239998
v 0.02098727 0.01938104 -0.00239998
v 0.02118653 0.01880878 -0.00239998
v 0.01978808 0.02076506 -0.00239998
v 0.02048718 0.02015924 -0.00239998
v 0.01763921 0.02125728 -0.00239998
v 0.01803100 0.02128100 -0.00239998
v 0.01894658 0.02114933 -0.00239998
v 0.01918345 0.02106976 -0.00239998
v 0.01627391 0.02076506 -0.00239998
v 0.01711535 0.02114933 -0.00239998
v 0.01557481 0.02015924 -0.00239998
v 0.01618474 0.02070569 -0.00239998
v 0.01481407 0.01849347 -0.00239998
v 0.01507467 0.01938104 -0.00239998
v 0.01515322 0.01954132 -0.00239998
v 0.01803100 0.02143323 -0.00163460
v 0.01707243 0.02129542 -0.00163460
v 0.01619160 0.02089309 -0.00163460
v 0.01545971 0.02025896 -0.00163460
v 0.01493620 0.01944434 -0.00163460
v 0.01466333 0.01851516 -0.00163460
v 0.01466333 0.01754677 -0.00163460
v 0.01493620 0.01661765 -0.00163460
v 0.01545971 0.01580297 -0.00163460
v 0.01619160 0.01516884 -0.00163460
v 0.01707243 0.01476657 -0.00163460
v 0.01803100 0.01462870 -0.00163460
v 0.01898950 0.01476657 -0.00163460
v 0.01987034 0.01516884 -0.00163460
v 0.02060222 0.01580297 -0.00163460
v 0.02112579 0.01661765 -0.00163460
v 0.02139860 0.01754677 -0.00163460
v 0.02139860 0.01851516 -0.00163460
v 0.02112579 0.01944434 -0.00163460
v 0.02060222 0.02025896 -0.00163460
v 0.01987034 0.02089309 -0.00163460
v 0.01898950 0.02129542 -0.00163460
v 0.01911163 0.02171140 -0.00098579
v 0.02010476 0.02125781 -0.00098579
v 0.02092987 0.02054286 -0.00098579
v 0.02152013 0.01962441 -0.00098579
v 0.02182769 0.01857686 -0.00098579
v 0.02182769 0.01748508 -0.00098579
v 0.02152013 0.01643753 -0.00098579
v 0.02092987 0.01551908 -0.00098579
v 0.02010476 0.01480412 -0.00098579
v 0.01911163 0.01435059 -0.00098579
v 0.01803100 0.01419520 -0.00098579
v 0.01695030 0.01435059 -0.00098579
v 0.01595717 0.01480412 -0.00098579
v 0.01513206 0.01551908 -0.00098579
v 0.01454180 0.01643753 -0.00098579
v 0.01423424 0.01748508 -0.00098579
v 0.01423424 0.01857686 -0.00098579
v 0.01454180 0.01962441 -0.00098579
v 0.01513206 0.02054286 -0.00098579
v 0.01595717 0.02125781 -0.00098579
v 0.01695030 0.02171140 -0.00098579
v 0.01803100 0.02186673 -0.00098579
v 0.01929444 0.02233397 -0.00055224
v 0.02045553 0.02180367 -0.00055224
v 0.02142024 0.02096778 -0.00055224
v 0.02211034 0.01989394 -0.00055224
v 0.02246993 0.01866918 -0.00055224
v 0.02246993 0.01739275 -0.00055224
v 0.02211034 0.01616799 -0.00055224
v 0.02142024 0.01509416 -0.00055224
v 0.02045553 0.01425826 -0.00055224
v 0.01929444 0.01372802 -0.00055224
v 0.01803100 0.01354634 -0.00055224
v 0.01676750 0.01372802 -0.00055224
v 0.01560640 0.01425826 -0.00055224
v 0.01464170 0.01509416 -0.00055224
v 0.01395159 0.01616799 -0.00055224
v 0.01359200 0.01739275 -0.00055224
v 0.01359200 0.01866918 -0.00055224
v 0.01395159 0.01989394 -0.00055224
v 0.01464170 0.02096778 -0.00055224
v 0.01560640 0.02180367 -0.00055224
v 0.01676750 0.02233397 -0.00055224
v 0.01803100 0.02251559 -0.00055224
v 0.01951009 0.02306830 -0.00040000
v 0.02086931 0.02244758 -0.00040000
v 0.02199864 0.02146899 -0.00040000
v 0.02280652 0.02021193 -0.00040000
v 0.02322751 0.01877814 -0.00040000
v 0.02322751 0.01728379 -0.00040000
v 0.02280652 0.01585006 -0.00040000
v 0.02199864 0.01459294 -0.00040000
v 0.02086931 0.01361441 -0.00040000
v 0.01951009 0.01299363 -0.00040000
v 0.01803100 0.01278096 -0.00040000
v 0.01655185 0.01299363 -0.00040000
v 0.01519262 0.01361441 -0.00040000
v 0.01406329 0.01459294 -0.00040000
v 0.01325541 0.01585006 -0.00040000
v 0.01283442 0.01728379 -0.00040000
v 0.01283442 0.01877814 -0.00040000
v 0.01325541 0.02021193 -0.00040000
v 0.01406329 0.02146899 -0.00040000
v 0.01519262 0.02244758 -0.00040000
v 0.01655185 0.02306830 -0.00040000
v 0.01803100 0.02328097 -0.00040000
v 0.01507467 -0.01938104 -0.00239998
v 0.01481407 -0.01849347 -0.00239998
v 0.01478099 -0.01803100 -0.00239998
v 0.01557481 -0.02015924 -0.00239998
v 0.01515322 -0.01954132 -0.00239998
v 0.01763921 -0.02125728 -0.00239998
v 0.01711535 -0.02114933 -0.00239998
v 0.01627391 -0.02076506 -0.00239998
v 0.01618474 -0.02070569 -0.00239998
v 0.01894658 -0.02114933 -0.00239998
v 0.01803100 -0.02128100 -0.00239998
v 0.01978808 -0.02076506 -0.00239998
v 0.01918345 -0.02106976 -0.00239998
v 0.02098727 -0.01938104 -0.00239998
v 0.02048718 -0.02015924 -0.00239998
v 0.02124792 -0.01756846 -0.00239998
v 0.02128100 -0.01803100 -0.00239998
v 0.02124792 -0.01849347 -0.00239998
v 0.02118653 -0.01880878 -0.00239998
v 0.02098727 -0.01668089 -0.00239998
v 0.02118653 -0.01725322 -0.00239998
v 0.01978808 -0.01529687 -0.00239998
v 0.02048718 -0.01590269 -0.00239998
v 0.01763921 -0.01480466 -0.00239998
v 0.01803100 -0.01478099 -0.00239998
v 0.01894658 -0.01491260 -0.00239998
v 0.01918345 -0.01499217 -0.00239998
v 0.01627391 -0.01529687 -0.00239998
v 0.01711535 -0.01491260 -0.00239998
v 0.01557481 -0.01590269 -0.00239998
v 0.01618474 -0.01535630 -0.00239998
v 0.01481407 -0.01756846 -0.00239998
v 0.01507467 -0.01668089 -0.00239998
v 0.01515322 -0.01652061 -0.00239998
v 0.01803100 -0.01462870 -0.00163460
v 0.01707243 -0.01476657 -0.00163460
v 0.01619160 -0.01516884 -0.00163460
v 0.01545971 -0.01580297 -0.00163460
v 0.01493620 -0.01661765 -0.00163460
v 0.01466333 -0.01754677 -0.00163460
v 0.01466333 -0.01851516 -0.00163460
v 0.01493620 -0.01944434 -0.00163460
v 0.01545971 -0.02025896 -0.00163460
v 0.01619160 -0.02089309 -0.00163460
v 0.01707243 -0.02129542 -0.00163460
v 0.01803100 -0.02143323 -0.00163460
v 0.01898950 -0.02129542 -0.00163460
v 0.01987034 -0.02089309 -0.00163460
v 0.02060222 -0.02025896 -0.00163460
v 0.02112579 -0.01944434 -0.00163460
v 0.02139860 -0.01851516 -0.00163460
v 0.02139860 -0.01754677 -0.00163460
v 0.02112579 -0.01661765 -0.00163460
v 0.02060222 -0.01580297 -0.00163460
v 0.01987034 -0.01516884 -0.00163460
v 0.01898950 -0.01476657 -0.00163460
v 0.01911163 -0.01435059 -0.00098579
v 0.02010476 -0.01480412 -0.00098579
v 0.02092987 -0.01551908 -0.00098579
v 0.02152013 -0.01643753 -0.00098579
v 0.02182769 -0.01748508 -0.00098579
v 0.02182769 -0.01857686 -0.00098579
v 0.02152013 -0.01962441 -0.00098579
v 0.02092987 -0.02054286 -0.00098579
v 0.02010476 -0.02125781 -0.00098579
v 0.01911163 -0.02171140 -0.00098579
v 0.01803100 -0.02186673 -0.00098579
v 0.01695030 -0.02171140 -0.00098579
v 0.01595717 -0.02125781 -0.00098579
v 0.01513206 -0.02054286 -0.00098579
v 0.01454180 -0.01962441 -0.00098579
v 0.01423424 -0.01857686 -0.00098579
v 0.01423424 -0.01748508 -0.00098579
v 0.01454180 -0.01643753 -0.00098579
v 0.01513206 -0.01551908 -0.00098579
v 0.01595717 -0.01480412 -0.00098579
v 0.01695030 -0.01435059 -0.00098579
v 0.01803100 -0.01419520 -0.00098579
v 0.01929444 -0.01372802 -0.00055224
v 0.02045553 -0.01425826 -0.00055224
v 0.02142024 -0.01509416 -0.00055224
v 0.02211034 -0.01616799 -0.00055224
v 0.02246993 -0.01739275 -0.00055224
v 0.02246993 -0.01866918 -0.00055224
v 0.02211034 -0.01989394 -0.00055224
v 0.02142024 -0.02096778 -0.00055224
v 0.02045553 -0.02180367 -0.00055224
v 0.01929444 -0.02233397 -0.00055224
v 0.01803100 -0.02251559 -0.00055224
v 0.01676750 -0.02233397 -0.00055224
v 0.01560640 -0.02180367 -0.00055224
v 0.01464170 -0.02096778 -0.00055224
v 0.01395159 -0.01989394 -0.00055224
v 0.01359200 -0.01866918 -0.00055224
v 0.01359200 -0.01739275 -0.00055224
v 0.01395159 -0.01616799 -0.00055224
v 0.01464170 -0.01509416 -0.00055224
v 0.01560640 -0.01425826 -0.00055224
v 0.01676750 -0.01372802 -0.00055224
v 0.01803100 -0.01354634 -0.00055224
v 0.01951009 -0.01299363 -0.00040000
v 0.02086931 -0.01361441 -0.00040000
v 0.02199864 -0.01459294 -0.00040000
v 0.02280652 -0.01585006 -0.00040000
v 0.02322751 -0.01728379 -0.00040000
v 0.02322751 -0.01877814 -0.00040000
v 0.02280652 -0.02021193 -0.00040000
v 0.02199864 -0.02146899 -0.00040000
v 0.02086931 -0.02244758 -0.00040000
v 0.01951009 -0.02306830 -0.00040000
v 0.01803100 -0.02328097 -0.00040000
v 0.01655185 -0.02306830 -0.00040000
v 0.01519262 -0.02244758 -0.00040000
v 0.01406329 -0.02146899 -0.00040000
v 0.01325541 -0.02021193 -0.00040000
v 0.01283442 -0.01877814 -0.00040000
v 0.01283442 -0.01728379 -0.00040000
v 0.01325541 -0.01585006 -0.00040000
v 0.01406329 -0.01459294 -0.00040000
v 0.01519262 -0.01361441 -0.00040000
v 0.01655185 -0.01299363 -0.00040000
v 0.01803100 -0.01278096 -0.00040000
v -0.02098727 -0.01938104 -0.00239998
v -0.02124792 -0.01849347 -0.00239998
v -0.02128100 -0.01803100 -0.00239998
v -0.02048718 -0.02015924 -0.00239998
v -0.02090871 -0.01954132 -0.00239998
v -0.01842272 -0.02125728 -0.00239998
v -0.01894658 -0.02114933 -0.00239998
v -0.01978808 -0.02076506 -0.00239998
v -0.01987719 -0.02070569 -0.00239998
v -0.01711535 -0.02114933 -0.00239998
v -0.01803100 -0.02128100 -0.00239998
v -0.01627391 -0.02076506 -0.00239998
v -0.01687848 -0.02106976 -0.00239998
v -0.01507467 -0.01938104 -0.00239998
v -0.01557481 -0.02015924 -0.00239998
v -0.01481407 -0.01756846 -0.00239998
v -0.01478099 -0.01803100 -0.00239998
v -0.01481407 -0.01849347 -0.00239998
v -0.01487541 -0.01880878 -0.00239998
v -0.01507467 -0.01668089 -0.00239998
v -0.01487541 -0.01725322 -0.00239998
v -0.01627391 -0.01529687 -0.00239998
v -0.01557481 -0.01590269 -0.00239998
v -0.01842272 -0.01480466 -0.00239998
v -0.01803100 -0.01478099 -0.00239998
v -0.01711535 -0.01491260 -0.00239998
v -0.01687848 -0.01499217 -0.00239998
v -0.01978808 -0.01529687 -0.00239998
v -0.01894658 -0.01491260 -0.00239998
v -0.02048718 -0.01590269 -0.00239998
v -0.01987719 -0.01535630 -0.00239998
v -0.02124792 -0.01756846 -0.00239998
v -0.02098727 -0.01668089 -0.00239998
v -0.02090871 -0.01652061 -0.00239998
v -0.01325541 -0.01585006 -0.00040000
v -0.01406329 -0.01459294 -0.00040000
v -0.01803100 -0.01278096 -0.00040000
v -0.01951009 -0.01299363 -0.00040000
v -0.02086931 -0.01361441 -0.00040000
v -0.01283442 -0.01877814 -0.00040000
v -0.02322751 -0.01877814 -0.00040000
v -0.02322751 -0.01728379 -0.00040000
v -0.02280652 -0.01585006 -0.00040000
v -0.02199864 -0.01459294 -0.00040000
v -0.02280652 -0.02021193 -0.00040000
v -0.02199864 -0.02146899 -0.00040000
v -0.02086931 -0.02244758 -0.00040000
v -0.01325541 -0.02021193 -0.00040000
v -0.01406329 -0.02146899 -0.00040000
v -0.01519262 -0.02244758 -0.00040000
v -0.01655185 -0.02306830 -0.00040000
v -0.01803100 -0.02328097 -0.00040000
v -0.01951009 -0.02306830 -0.00040000
v -0.01283442 -0.01728379 -0.00040000
v -0.01655185 -0.01299363 -0.00040000
v -0.01519262 -0.01361441 -0.00040000
v -0.01803100 -0.01462870 -0.00163460
v -0.01898950 -0.01476657 -0.00163460
v -0.01987034 -0.01516884 -0.00163460
v -0.02060222 -0.01580297 -0.00163460
v -0.02112579 -0.01661765 -0.00163460
v -0.02139860 -0.01754677 -0.00163460
v -0.02139860 -0.01851516 -0.00163460
v -0.02112579 -0.01944434 -0.00163460
v -0.02060222 -0.02025896 -0.00163460
v -0.01987034 -0.02089309 -0.00163460
v -0.01898950 -0.02129542 -0.00163460
v -0.01803100 -0.02143323 -0.00163460
v -0.01707243 -0.02129542 -0.00163460
v -0.01619160 -0.02089309 -0.00163460
v -0.01545971 -0.02025896 -0.00163460
v -0.01493620 -0.01944434 -0.00163460
v -0.01466333 -0.01851516 -0.00163460
v -0.01466333 -0.01754677 -0.00163460
v -0.01493620 -0.01661765 -0.00163460
v -0.01545971 -0.01580297 -0.00163460
v -0.01619160 -0.01516884 -0.00163460
v -0.01707243 -0.01476657 -0.00163460
v -0.01695030 -0.01435059 -0.00098579
v -0.01595717 -0.01480412 -0.00098579
v -0.01513206 -0.01551908 -0.00098579
v -0.01454180 -0.01643753 -0.00098579
v -0.01423424 -0.01748508 -0.00098579
v -0.01423424 -0.01857686 -0.00098579
v -0.01454180 -0.01962441 -0.00098579
v -0.01513206 -0.02054286 -0.00098579
v -0.01595717 -0.02125781 -0.00098579
v -0.01695030 -0.02171140 -0.00098579
v -0.01803100 -0.02186673 -0.00098579
v -0.01911163 -0.02171140 -0.00098579
v -0.02010476 -0.02125781 -0.00098579
v -0.02092987 -0.02054286 -0.00098579
v -0.02152013 -0.01962441 -0.00098579
v -0.02182769 -0.01857686 -0.00098579
v -0.02182769 -0.01748508 -0.00098579
v -0.02152013 -0.01643753 -0.00098579
v -0.02092987 -0.01551908 -0.00098579
v -0.02010476 -0.01480412 -0.00098579
v -0.01911163 -0.01435059 -0.00098579
v -0.01803100 -0.01419520 -0.00098579
v -0.01676750 -0.01372802 -0.00055224
v -0.01560640 -0.01425826 -0.00055224
v -0.01464170 -0.01509416 -0.00055224
v -0.01395159 -0.01616799 -0.00055224
v -0.01359200 -0.01739275 -0.00055224
v -0.01359200 -0.01866918 -0.00055224
v -0.01395159 -0.01989394 -0.00055224
v -0.01464170 -0.02096778 -0.00055224
v -0.01560640 -0.02180367 -0.00055224
v -0.01676750 -0.02233397 -0.00055224
v -0.01803100 -0.02251559 -0.00055224
v -0.01929444 -0.02233397 -0.00055224
v -0.02045553 -0.02180367 -0.00055224
v -0.02142024 -0.02096778 -0.00055224
v -0.02211034 -0.01989394 -0.00055224
v -0.02246993 -0.01866918 -0.00055224
v -0.02246993 -0.01739275 -0.00055224
v -0.02211034 -0.01616799 -0.00055224
v -0.02142024 -0.01509416 -0.00055224
v -0.02045553 -0.01425826 -0.00055224
v -0.01929444 -0.01372802 -0.00055224
v -0.01803100 -0.01354634 -0.00055224
v -0.03753322 -0.03825420 -0.00767922
v -0.03761059 -0.03824728 -0.00767922
v -0.03761059 -0.03824728 -0.01239997
v -0.03679215 -0.03727221 -0.00767922
v -0.03677350 -0.03733998 -0.00767922
v -0.03677350 -0.03733998 -0.01239997
v -0.03676825 -0.03736531 -0.00767922
v -0.03675651 -0.03746068 -0.00767922
v -0.03675699 -0.03755682 -0.00767922
v -0.03678077 -0.03769886 -0.01239997
v -0.03682774 -0.03718292 -0.00767922
v -0.03693389 -0.03701883 -0.01239997
v -0.03687447 -0.03709894 -0.00767922
v -0.03722518 -0.03680896 -0.01239997
v -0.03722518 -0.03680896 -0.00767922
v -0.03715473 -0.03684169 -0.00767922
v -0.03707283 -0.03689193 -0.00767922
v -0.03699803 -0.03695225 -0.00767922
v -0.03693151 -0.03702163 -0.00767922
v -0.03758060 -0.03675854 -0.01239997
v -0.03758060 -0.03675854 -0.00767922
v -0.03752523 -0.03675502 -0.00767922
v -0.03742921 -0.03675860 -0.00767922
v -0.03733438 -0.03677445 -0.00767922
v -0.03724241 -0.03680229 -0.00767922
v -0.03796964 -0.03691589 -0.00767922
v -0.03791874 -0.03687906 -0.00767922
v -0.03791874 -0.03687906 -0.01239997
v -0.03789055 -0.03686130 -0.00767922
v -0.03780514 -0.03681731 -0.00767922
v -0.03771477 -0.03678464 -0.00767922
v -0.03762096 -0.03676372 -0.00767922
v -0.03804117 -0.03698009 -0.00767922
v -0.03816211 -0.03714293 -0.01239997
v -0.03810387 -0.03705298 -0.00767922
v -0.03825503 -0.03748965 -0.01239997
v -0.03825503 -0.03748965 -0.00767922
v -0.03824853 -0.03740489 -0.00767922
v -0.03822964 -0.03731065 -0.01239997
v -0.03822964 -0.03731065 -0.00767922
v -0.03819888 -0.03721958 -0.00767922
v -0.03815668 -0.03713321 -0.00767922
v -0.03817617 -0.03783982 -0.01239997
v -0.03817617 -0.03783982 -0.00767922
v -0.03820186 -0.03778249 -0.00767922
v -0.03823167 -0.03769111 -0.00767922
v -0.03824955 -0.03759670 -0.00767922
v -0.03825521 -0.03750073 -0.00767922
v -0.03794360 -0.03811329 -0.01239997
v -0.03794360 -0.03811329 -0.00767922
v -0.03797596 -0.03808861 -0.00767922
v -0.03804671 -0.03802365 -0.00767922
v -0.03810864 -0.03795009 -0.00767922
v -0.03816062 -0.03786927 -0.00767922
v -0.03762882 -0.03824448 -0.00767922
v -0.03772240 -0.03822261 -0.00767922
v -0.03781247 -0.03818893 -0.00767922
v -0.03789740 -0.03814405 -0.00767922
v -0.03743720 -0.03825163 -0.00767922
v -0.03725343 -0.03821122 -0.01239997
v -0.03734219 -0.03823685 -0.00767922
v -0.03695392 -0.03801327 -0.01239997
v -0.03695392 -0.03801327 -0.00767922
v -0.03700393 -0.03806263 -0.00767922
v -0.03707939 -0.03812217 -0.00767922
v -0.03716182 -0.03817152 -0.00767922
v -0.03724992 -0.03820997 -0.00767922
v -0.03676980 -0.03765207 -0.00767922
v -0.03678077 -0.03769886 -0.00767922
v -0.03679466 -0.03774487 -0.00767922
v -0.03683120 -0.03783375 -0.00767922
v -0.03687882 -0.03791725 -0.00767922
v -0.03693670 -0.03799396 -0.00767922
v -0.03510487 -0.03680264 -0.01439994
v -0.03500449 -0.03747630 -0.01439994
v -0.03462833 -0.03678727 -0.01439994
v -0.03897058 -0.03547817 -0.01439994
v -0.03956496 -0.03537201 -0.01439994
v -0.03946298 -0.03594863 -0.01439994
v -0.03997486 -0.03586405 -0.01439994
v -0.03981024 -0.03653454 -0.01439994
v -0.04026955 -0.03643256 -0.01439994
v -0.03768312 -0.03449839 -0.01439994
v -0.03678774 -0.03462785 -0.01439994
v -0.03767639 -0.03416341 -0.01439994
v -0.03697067 -0.03394514 -0.01439994
v -0.03782612 -0.03386366 -0.01439994
v -0.04022461 -0.03925424 -0.01439994
v -0.03990900 -0.03914177 -0.01439994
v -0.03978753 -0.03852713 -0.01439994
v -0.03696852 -0.03994739 -0.01439994
v -0.03764742 -0.04000157 -0.01439994
v -0.03769123 -0.04046392 -0.01439994
v -0.03538334 -0.03618109 -0.01439994
v -0.03942710 -0.03910499 -0.01439994
v -0.03832226 -0.04035496 -0.01439994
v -0.03831583 -0.03987061 -0.01439994
v -0.03892403 -0.03956419 -0.01439994
v -0.03535372 -0.03877979 -0.01439994
v -0.03494387 -0.03867161 -0.01439994
v -0.03501749 -0.03834474 -0.01439994
v -0.03718167 -0.03349262 -0.01439994
v -0.03753471 -0.03313958 -0.01439994
v -0.03809797 -0.03366780 -0.01439994
v -0.03798723 -0.03292858 -0.01439994
v -0.03842967 -0.03362071 -0.01439994
v -0.03848457 -0.03288507 -0.01439994
v -0.03874528 -0.03373318 -0.01439994
v -0.04114156 -0.03923064 -0.01439994
v -0.04127079 -0.03971290 -0.01439994
v -0.04053848 -0.03982412 -0.01439994
v -0.04122728 -0.04021030 -0.01439994
v -0.04046487 -0.04015094 -0.01439994
v -0.04101628 -0.04066276 -0.01439994
v -0.04024779 -0.04040616 -0.01439994
v -0.04066324 -0.04101586 -0.01439994
v -0.03993701 -0.04053127 -0.01439994
v -0.03364151 -0.03854000 -0.01439994
v -0.03288549 -0.03848415 -0.01439994
v -0.03363472 -0.03820502 -0.01439994
v -0.03292900 -0.03798675 -0.01439994
v -0.03378444 -0.03790533 -0.01439994
v -0.03898555 -0.03462994 -0.01439994
v -0.03905916 -0.03430312 -0.01439994
v -0.03979146 -0.03419190 -0.01439994
v -0.03903543 -0.03413599 -0.01439994
v -0.03966224 -0.03370964 -0.01439994
v -0.03897243 -0.03397947 -0.01439994
v -0.03937584 -0.03330063 -0.01439994
v -0.03896689 -0.03301429 -0.01439994
v -0.03484946 -0.03618633 -0.01439994
v -0.03519445 -0.03564685 -0.01439994
v -0.03581911 -0.03565770 -0.01439994
v -0.03564727 -0.03519403 -0.01439994
v -0.03637999 -0.03527128 -0.01439994
v -0.03618675 -0.03484898 -0.01439994
v -0.03702425 -0.03505051 -0.01439994
v -0.03770422 -0.03501182 -0.01439994
v -0.03784477 -0.03479182 -0.01439994
v -0.03812432 -0.03497660 -0.01439994
v -0.03836947 -0.03515797 -0.01439994
v -0.03845763 -0.03501027 -0.01439994
v -0.03876847 -0.03488516 -0.01439994
v -0.03974795 -0.03468930 -0.01439994
v -0.04051482 -0.03965705 -0.01439994
v -0.04045176 -0.03950047 -0.01439994
v -0.04085522 -0.03882163 -0.01439994
v -0.04035538 -0.03832185 -0.01439994
v -0.04046434 -0.03769081 -0.01439994
v -0.03997874 -0.03787344 -0.01439994
v -0.04043531 -0.03705114 -0.01439994
v -0.03998649 -0.03719246 -0.01439994
v -0.03992086 -0.03685748 -0.01439994
v -0.03957730 -0.03918880 -0.01439994
v -0.03930544 -0.03938466 -0.01439994
v -0.03915578 -0.03968441 -0.01439994
v -0.03916251 -0.04001939 -0.01439994
v -0.03882211 -0.04085475 -0.01439994
v -0.03932416 -0.04031282 -0.01439994
v -0.03923106 -0.04114115 -0.01439994
v -0.03960365 -0.04049760 -0.01439994
v -0.03971338 -0.04127037 -0.01439994
v -0.04021072 -0.04122686 -0.01439994
v -0.03470361 -0.03777486 -0.01439994
v -0.03438800 -0.03766238 -0.01439994
v -0.03394556 -0.03697019 -0.01439994
v -0.03405630 -0.03770947 -0.01439994
v -0.03349304 -0.03718119 -0.01439994
v -0.03314000 -0.03753429 -0.01439994
v -0.03508955 -0.03815203 -0.01439994
v -0.03499376 -0.03817766 -0.01439994
v -0.03493076 -0.03802114 -0.01439994
v -0.03441601 -0.03905189 -0.01439994
v -0.03419232 -0.03979098 -0.01439994
v -0.03408265 -0.03901821 -0.01439994
v -0.03371006 -0.03966176 -0.01439994
v -0.03380316 -0.03883349 -0.01439994
v -0.03330111 -0.03937542 -0.01439994
v -0.03301471 -0.03896641 -0.01439994
v -0.03472679 -0.03892683 -0.01439994
v -0.03537249 -0.03956454 -0.01439994
v -0.03468972 -0.03974747 -0.01439994
v -0.03705155 -0.04043483 -0.01439994
v -0.03643304 -0.04026913 -0.01439994
v -0.03632944 -0.03971201 -0.01439994
v -0.03586447 -0.03997445 -0.01439994
v -0.03577750 -0.03931295 -0.01439994
v -0.03916251 -0.04001939 -0.01539999
v -0.03832226 -0.04035496 -0.01539999
v -0.03932416 -0.04031282 -0.01539999
v -0.03960365 -0.04049760 -0.01539999
v -0.03882211 -0.04085475 -0.01539999
v -0.03923106 -0.04114115 -0.01539999
v -0.03971338 -0.04127037 -0.01539999
v -0.03586447 -0.03997445 -0.01539999
v -0.03643304 -0.04026913 -0.01539999
v -0.03915578 -0.03968441 -0.01539999
v -0.03705155 -0.04043483 -0.01539999
v -0.03769123 -0.04046392 -0.01539999
v -0.03930544 -0.03938466 -0.01539999
v -0.03957730 -0.03918880 -0.01539999
v -0.04035538 -0.03832185 -0.01539999
v -0.03990900 -0.03914177 -0.01539999
v -0.04085522 -0.03882163 -0.01539999
v -0.04022461 -0.03925424 -0.01539999
v -0.04114156 -0.03923064 -0.01539999
v -0.03405630 -0.03770947 -0.01539999
v -0.03438800 -0.03766238 -0.01539999
v -0.03462833 -0.03678727 -0.01539999
v -0.03470361 -0.03777486 -0.01539999
v -0.03493076 -0.03802114 -0.01539999
v -0.03586310 -0.03794473 -0.01539999
v -0.03499376 -0.03817766 -0.01539999
v -0.03609496 -0.03845411 -0.01539999
v -0.03501749 -0.03834474 -0.01539999
v -0.03647959 -0.03886055 -0.01539999
v -0.03494387 -0.03867161 -0.01539999
v -0.03697544 -0.03912007 -0.01539999
v -0.03537249 -0.03956454 -0.01539999
v -0.03472679 -0.03892683 -0.01539999
v -0.03468972 -0.03974747 -0.01539999
v -0.03441601 -0.03905189 -0.01539999
v -0.03419232 -0.03979098 -0.01539999
v -0.03408265 -0.03901821 -0.01539999
v -0.03363472 -0.03820502 -0.01539999
v -0.03288549 -0.03848415 -0.01539999
v -0.03364151 -0.03854000 -0.01539999
v -0.03301471 -0.03896641 -0.01539999
v -0.03380316 -0.03883349 -0.01539999
v -0.03330111 -0.03937542 -0.01539999
v -0.03371006 -0.03966176 -0.01539999
v -0.03776186 -0.03582423 -0.01539999
v -0.03956496 -0.03537201 -0.01539999
v -0.03720229 -0.03583192 -0.01539999
v -0.03845763 -0.03501027 -0.01539999
v -0.03667557 -0.03602093 -0.01539999
v -0.03812432 -0.03497660 -0.01539999
v -0.03784477 -0.03479182 -0.01539999
v -0.03394556 -0.03697019 -0.01539999
v -0.03349304 -0.03718119 -0.01539999
v -0.03378444 -0.03790533 -0.01539999
v -0.03314000 -0.03753429 -0.01539999
v -0.03292900 -0.03798675 -0.01539999
v -0.03993701 -0.04053127 -0.01539999
v -0.04021072 -0.04122686 -0.01539999
v -0.04024779 -0.04040616 -0.01539999
v -0.04066324 -0.04101586 -0.01539999
v -0.04046487 -0.04015094 -0.01539999
v -0.03752863 -0.03920459 -0.01539999
v -0.03807926 -0.03910487 -0.01539999
v -0.03856772 -0.03883177 -0.01539999
v -0.04045176 -0.03950047 -0.01539999
v -0.04051482 -0.03965705 -0.01539999
v -0.04127079 -0.03971290 -0.01539999
v -0.04053848 -0.03982412 -0.01539999
v -0.04122728 -0.04021030 -0.01539999
v -0.04101628 -0.04066276 -0.01539999
v -0.03829365 -0.03599864 -0.01539999
v -0.03873991 -0.03633624 -0.01539999
v -0.03997486 -0.03586405 -0.01539999
v -0.03905242 -0.03680050 -0.01539999
v -0.04026955 -0.03643256 -0.01539999
v -0.03914725 -0.03706473 -0.01539999
v -0.04043531 -0.03705114 -0.01539999
v -0.03919732 -0.03734105 -0.01539999
v -0.04046434 -0.03769081 -0.01539999
v -0.03915876 -0.03789931 -0.01539999
v -0.03894108 -0.03841489 -0.01539999
v -0.03809797 -0.03366780 -0.01539999
v -0.03753471 -0.03313958 -0.01539999
v -0.03782612 -0.03386366 -0.01539999
v -0.03718167 -0.03349262 -0.01539999
v -0.03767639 -0.03416341 -0.01539999
v -0.03697067 -0.03394514 -0.01539999
v -0.03768312 -0.03449839 -0.01539999
v -0.03979146 -0.03419190 -0.01539999
v -0.03966224 -0.03370964 -0.01539999
v -0.03897243 -0.03397947 -0.01539999
v -0.03937584 -0.03330063 -0.01539999
v -0.03874528 -0.03373318 -0.01539999
v -0.03896689 -0.03301429 -0.01539999
v -0.03842967 -0.03362071 -0.01539999
v -0.03848457 -0.03288507 -0.01539999
v -0.03798723 -0.03292858 -0.01539999
v -0.03903543 -0.03413599 -0.01539999
v -0.03905916 -0.03430312 -0.01539999
v -0.03974795 -0.03468930 -0.01539999
v -0.03898555 -0.03462994 -0.01539999
v -0.03876847 -0.03488516 -0.01539999
v -0.03618675 -0.03484898 -0.01539999
v -0.03564727 -0.03519403 -0.01539999
v -0.03623872 -0.03637069 -0.01539999
v -0.03519445 -0.03564685 -0.01539999
v -0.03593909 -0.03684335 -0.01539999
v -0.03484946 -0.03618633 -0.01539999
v -0.03580921 -0.03738772 -0.01539999
v -0.03678774 -0.03462785 -0.01539999
v -0.03586310 -0.03794473 -0.01439994
v -0.03609496 -0.03845411 -0.01439994
v -0.03647959 -0.03886055 -0.01439994
v -0.03697544 -0.03912007 -0.01439994
v -0.03752863 -0.03920459 -0.01439994
v -0.03807926 -0.03910487 -0.01439994
v -0.03856772 -0.03883177 -0.01439994
v -0.03894108 -0.03841489 -0.01439994
v -0.03915876 -0.03789931 -0.01439994
v -0.03919732 -0.03734105 -0.01439994
v -0.03914725 -0.03706473 -0.01439994
v -0.03905242 -0.03680050 -0.01439994
v -0.03873991 -0.03633624 -0.01439994
v -0.03829365 -0.03599864 -0.01439994
v -0.03776186 -0.03582423 -0.01439994
v -0.03720229 -0.03583192 -0.01439994
v -0.03667557 -0.03602093 -0.01439994
v -0.03623872 -0.03637069 -0.01439994
v -0.03593909 -0.03684335 -0.01439994
v -0.03580921 -0.03738772 -0.01439994
v -0.03538334 -0.03618109 -0.01239997
v -0.03581911 -0.03565770 -0.01239997
v -0.03981024 -0.03653454 -0.01239997
v -0.03836947 -0.03515797 -0.01239997
v -0.03897058 -0.03547817 -0.01239997
v -0.03946298 -0.03594863 -0.01239997
v -0.03500449 -0.03747630 -0.01239997
v -0.03510487 -0.03680264 -0.01239997
v -0.03637999 -0.03527128 -0.01239997
v -0.03702425 -0.03505051 -0.01239997
v -0.03770422 -0.03501182 -0.01239997
v -0.03831583 -0.03987061 -0.01239997
v -0.03764742 -0.04000157 -0.01239997
v -0.03535372 -0.03877979 -0.01239997
v -0.03508955 -0.03815203 -0.01239997
v -0.03696852 -0.03994739 -0.01239997
v -0.03632944 -0.03971201 -0.01239997
v -0.03577750 -0.03931295 -0.01239997
v -0.03942710 -0.03910499 -0.01239997
v -0.03892403 -0.03956419 -0.01239997
v -0.03992086 -0.03685748 -0.01239997
v -0.03998649 -0.03719246 -0.01239997
v -0.03997874 -0.03787344 -0.01239997
v -0.03978753 -0.03852713 -0.01239997
v -0.03750520 -0.03750473 -0.01439994
v -0.03758370 -0.03600680 -0.00749510
v -0.03754442 -0.03675580 -0.00743145
v -0.03745025 -0.03675675 -0.00743145
v -0.03878182 -0.03595310 -0.00755715
v -0.03864032 -0.03610295 -0.00753027
v -0.03849136 -0.03603094 -0.00752646
v -0.04132544 -0.03578919 -0.00800014
v -0.04094421 -0.03589135 -0.00789934
v -0.04087960 -0.03560334 -0.00791788
v -0.03940558 -0.03630363 -0.00759149
v -0.03893917 -0.03642863 -0.00752890
v -0.03880709 -0.03625631 -0.00753027
v -0.03899526 -0.03767716 -0.00749510
v -0.03825020 -0.03759098 -0.00743145
v -0.03825515 -0.03749692 -0.00743145
v -0.04142451 -0.03766411 -0.00793040
v -0.04137820 -0.03746420 -0.00791788
v -0.04218822 -0.03745949 -0.00814253
v -0.03905808 -0.04330033 -0.00859940
v -0.03881525 -0.04335999 -0.00859940
v -0.03877377 -0.04320502 -0.00853759
v -0.03622853 -0.03905636 -0.00755715
v -0.03637003 -0.03890651 -0.00753027
v -0.03651905 -0.03897851 -0.00752646
v -0.03368496 -0.03922027 -0.00800014
v -0.03406620 -0.03911811 -0.00789934
v -0.03413081 -0.03940612 -0.00791788
v -0.03560483 -0.03870588 -0.00759149
v -0.03607124 -0.03858089 -0.00752890
v -0.03620332 -0.03875321 -0.00753027
v -0.03358590 -0.03734540 -0.00793040
v -0.03363215 -0.03754532 -0.00791788
v -0.03282213 -0.03755003 -0.00814253
v -0.03595227 -0.03170919 -0.00859940
v -0.03619509 -0.03164952 -0.00859940
v -0.03623664 -0.03180450 -0.00853759
v -0.03694283 -0.03471565 -0.00769251
v -0.03715467 -0.03523057 -0.00759959
v -0.03714865 -0.03573656 -0.00753027
v -0.03728473 -0.03571611 -0.00753003
v -0.03736388 -0.03601139 -0.00749510
v -0.03664267 -0.03331977 -0.00802350
v -0.03674191 -0.03369021 -0.00792217
v -0.03673964 -0.03370791 -0.00791788
v -0.03694736 -0.03445702 -0.00774193
v -0.03701323 -0.03470277 -0.00769246
v -0.03659766 -0.03480815 -0.00769251
v -0.03646439 -0.03458642 -0.00774193
v -0.03626978 -0.03383380 -0.00791788
v -0.03625893 -0.03381961 -0.00792217
v -0.03615969 -0.03344917 -0.00802350
v -0.03688091 -0.03614085 -0.00749510
v -0.03680175 -0.03584551 -0.00753003
v -0.03692984 -0.03579521 -0.00753027
v -0.03667169 -0.03535997 -0.00759959
v -0.03653025 -0.03483223 -0.00769246
v -0.03684419 -0.03715032 -0.00743145
v -0.03626310 -0.03662800 -0.00749731
v -0.03689384 -0.03707027 -0.00743145
v -0.03629410 -0.03661972 -0.00749510
v -0.03693389 -0.03701883 -0.00743145
v -0.03640103 -0.03648942 -0.00749510
v -0.03695315 -0.03699707 -0.00743145
v -0.03653699 -0.03635907 -0.00749510
v -0.03702110 -0.03693193 -0.00743145
v -0.03668826 -0.03624677 -0.00749510
v -0.03709673 -0.03687572 -0.00743145
v -0.03685235 -0.03615427 -0.00749510
v -0.03717875 -0.03682953 -0.00743145
v -0.03680503 -0.03723597 -0.00743145
v -0.03591430 -0.03672146 -0.00752646
v -0.03595364 -0.03671097 -0.00752276
v -0.03603512 -0.03720676 -0.00749510
v -0.03572529 -0.03728979 -0.00752890
v -0.03575348 -0.03707450 -0.00753027
v -0.03525888 -0.03741472 -0.00759149
v -0.03562378 -0.03679931 -0.00755715
v -0.03582125 -0.03685832 -0.00753027
v -0.03553092 -0.03682422 -0.00756812
v -0.03476375 -0.03702980 -0.00768089
v -0.03466010 -0.03753453 -0.00769251
v -0.03399842 -0.03723484 -0.00783235
v -0.03467881 -0.03717774 -0.00769251
v -0.03257709 -0.03813332 -0.00823158
v -0.03206533 -0.03775280 -0.00839293
v -0.03182244 -0.03833556 -0.00850117
v -0.03171163 -0.03829836 -0.00854063
v -0.03172087 -0.03836274 -0.00854057
v -0.03157275 -0.03840243 -0.00859940
v -0.03156071 -0.03831905 -0.00859940
v -0.03152805 -0.03802770 -0.00859940
v -0.03151822 -0.03789943 -0.00859940
v -0.03448677 -0.03762161 -0.00772637
v -0.03372025 -0.03782701 -0.00789934
v -0.03333902 -0.03792917 -0.00800014
v -0.03690308 -0.03795194 -0.00743145
v -0.03619837 -0.03824108 -0.00749510
v -0.03685176 -0.03787291 -0.00743145
v -0.03611642 -0.03807151 -0.00749510
v -0.03681081 -0.03778815 -0.00743145
v -0.03605633 -0.03789299 -0.00749510
v -0.03678077 -0.03769886 -0.00743145
v -0.03601908 -0.03770834 -0.00749510
v -0.03676211 -0.03760653 -0.00743145
v -0.03600525 -0.03752046 -0.00749510
v -0.03675526 -0.03751260 -0.00743145
v -0.03601515 -0.03733235 -0.00749510
v -0.03676015 -0.03741854 -0.00743145
v -0.03677684 -0.03732585 -0.00743145
v -0.03696388 -0.03802388 -0.00743145
v -0.03638106 -0.03849786 -0.00749510
v -0.03630095 -0.03839910 -0.00749510
v -0.03522098 -0.03920114 -0.00769251
v -0.03502637 -0.03890150 -0.00769251
v -0.03483271 -0.03891277 -0.00772637
v -0.03292310 -0.03942441 -0.00823158
v -0.03342694 -0.03980708 -0.00814253
v -0.03419065 -0.03960239 -0.00793040
v -0.03460323 -0.03949189 -0.00783235
v -0.03216838 -0.03962665 -0.00850117
v -0.03209102 -0.03971421 -0.00854063
v -0.03206682 -0.03965383 -0.00854057
v -0.03194999 -0.03977179 -0.00859940
v -0.03191870 -0.03969353 -0.00859940
v -0.03267014 -0.04000985 -0.00839293
v -0.03212296 -0.04015648 -0.00859940
v -0.03206735 -0.04004043 -0.00859940
v -0.03536850 -0.03928679 -0.00768089
v -0.03613573 -0.03908127 -0.00756812
v -0.03703320 -0.03808760 -0.00743145
v -0.03710997 -0.03814214 -0.00743145
v -0.03655838 -0.03896796 -0.00752276
v -0.03719300 -0.03818666 -0.00743145
v -0.03686791 -0.03888505 -0.00749731
v -0.03725343 -0.03821122 -0.00743145
v -0.03705662 -0.03893613 -0.00749510
v -0.03689891 -0.03887677 -0.00749510
v -0.03728091 -0.03822040 -0.00743145
v -0.03737241 -0.03824287 -0.00743145
v -0.03723955 -0.03898102 -0.00749510
v -0.03746592 -0.03825372 -0.00743145
v -0.03742671 -0.03900271 -0.00749510
v -0.03756010 -0.03825271 -0.00743145
v -0.03761506 -0.03900074 -0.00749510
v -0.03764653 -0.03899806 -0.00749510
v -0.03806757 -0.04029387 -0.00769251
v -0.03785574 -0.03977894 -0.00759959
v -0.03786170 -0.03927290 -0.00753027
v -0.03772562 -0.03929340 -0.00753003
v -0.03836774 -0.04168975 -0.00802350
v -0.03826850 -0.04131925 -0.00792217
v -0.03827077 -0.04130154 -0.00791788
v -0.03806298 -0.04055249 -0.00774193
v -0.03799718 -0.04030668 -0.00769246
v -0.03929823 -0.04323059 -0.00859940
v -0.03841269 -0.04020136 -0.00769251
v -0.03854596 -0.04042309 -0.00774193
v -0.03874057 -0.04117566 -0.00791788
v -0.03875142 -0.04118984 -0.00792217
v -0.03885072 -0.04156029 -0.00802350
v -0.03812950 -0.03886866 -0.00749510
v -0.03820860 -0.03916400 -0.00753003
v -0.03808051 -0.03921431 -0.00753027
v -0.03833872 -0.03964954 -0.00759959
v -0.03848010 -0.04017728 -0.00769246
v -0.03774440 -0.03821557 -0.00743145
v -0.03783160 -0.03817999 -0.00743145
v -0.03815805 -0.03885525 -0.00749510
v -0.03791368 -0.03813374 -0.00743145
v -0.03832215 -0.03876274 -0.00749510
v -0.03794360 -0.03811329 -0.00743145
v -0.03847336 -0.03865045 -0.00749510
v -0.03798931 -0.03807759 -0.00743145
v -0.03805726 -0.03801238 -0.00743145
v -0.03816616 -0.03785914 -0.00743145
v -0.03874725 -0.03838145 -0.00749731
v -0.03811657 -0.03793919 -0.00743145
v -0.03871625 -0.03838980 -0.00749510
v -0.03860932 -0.03852003 -0.00749510
v -0.03897529 -0.03780275 -0.00749510
v -0.03928512 -0.03771972 -0.00752890
v -0.03925687 -0.03793501 -0.00753027
v -0.03975152 -0.03759473 -0.00759149
v -0.04024666 -0.03797972 -0.00768089
v -0.03947943 -0.03818529 -0.00756812
v -0.03918915 -0.03815114 -0.00753027
v -0.03938663 -0.03821015 -0.00755715
v -0.03909611 -0.03828799 -0.00752646
v -0.04035025 -0.03747493 -0.00769251
v -0.04101192 -0.03777468 -0.00783235
v -0.04033160 -0.03783178 -0.00769251
v -0.04243326 -0.03687620 -0.00823158
v -0.04294502 -0.03725671 -0.00839293
v -0.04318797 -0.03667396 -0.00850117
v -0.04329872 -0.03671115 -0.00854063
v -0.04328954 -0.03664678 -0.00854057
v -0.04343765 -0.03660708 -0.00859940
v -0.04344969 -0.03669047 -0.00859940
v -0.04348236 -0.03698182 -0.00859940
v -0.04349219 -0.03711009 -0.00859940
v -0.04052364 -0.03738784 -0.00772637
v -0.04129016 -0.03718250 -0.00789934
v -0.04167139 -0.03708034 -0.00800014
v -0.03823357 -0.03768366 -0.00743145
v -0.03819960 -0.03722137 -0.00743145
v -0.03895407 -0.03711652 -0.00749510
v -0.03822964 -0.03731065 -0.00743145
v -0.03899133 -0.03730118 -0.00749510
v -0.03824824 -0.03740298 -0.00743145
v -0.03899645 -0.03734326 -0.00749510
v -0.03900510 -0.03748905 -0.00749510
v -0.03810733 -0.03705757 -0.00743145
v -0.03881204 -0.03676837 -0.00749510
v -0.03815859 -0.03713655 -0.00743145
v -0.03887742 -0.03689897 -0.00749510
v -0.03889399 -0.03693801 -0.00749510
v -0.03804653 -0.03698563 -0.00743145
v -0.03862935 -0.03651165 -0.00749510
v -0.03870940 -0.03661042 -0.00749510
v -0.03978937 -0.03580832 -0.00769251
v -0.03998398 -0.03610801 -0.00769251
v -0.04017770 -0.03609675 -0.00772637
v -0.04208731 -0.03558504 -0.00823158
v -0.04158347 -0.03520244 -0.00814253
v -0.04081976 -0.03540706 -0.00793040
v -0.04040718 -0.03551763 -0.00783235
v -0.04284203 -0.03538286 -0.00850117
v -0.04291933 -0.03529524 -0.00854063
v -0.04294359 -0.03535562 -0.00854057
v -0.04306042 -0.03523772 -0.00859940
v -0.04309171 -0.03531593 -0.00859940
v -0.04234027 -0.03499966 -0.00839293
v -0.04288744 -0.03485304 -0.00859940
v -0.04294306 -0.03496903 -0.00859940
v -0.03964185 -0.03572267 -0.00768089
v -0.03887468 -0.03592824 -0.00756812
v -0.03795373 -0.03607338 -0.00749510
v -0.03811150 -0.03613275 -0.00749510
v -0.03781741 -0.03682285 -0.00743145
v -0.03814250 -0.03612446 -0.00749731
v -0.03845202 -0.03604149 -0.00752276
v -0.03772950 -0.03678905 -0.00743145
v -0.03763800 -0.03676658 -0.00743145
v -0.03777080 -0.03602844 -0.00749510
v -0.03758060 -0.03675854 -0.00743145
v -0.03820538 -0.03777354 -0.00743145
v -0.03817617 -0.03783982 -0.00743145
v -0.03905677 -0.03829854 -0.00752276
v -0.03765344 -0.03823995 -0.00743145
v -0.03722518 -0.03680896 -0.00743145
v -0.03726595 -0.03679394 -0.00743145
v -0.03735697 -0.03676956 -0.00743145
v -0.03797721 -0.03692191 -0.00743145
v -0.03791874 -0.03687906 -0.00743145
v -0.03790038 -0.03686732 -0.00743145
v -0.03761059 -0.03824728 -0.00743145
v -0.03852760 -0.04228633 -0.00820655
v -0.03901058 -0.04215693 -0.00820655
v -0.03857171 -0.04245102 -0.00826144
v -0.03905469 -0.04232162 -0.00826144
v -0.03925669 -0.04307562 -0.00853759
v -0.03571212 -0.03177893 -0.00859940
v -0.03575366 -0.03193390 -0.00853759
v -0.03595572 -0.03268790 -0.00826144
v -0.03643870 -0.03255850 -0.00826144
v -0.03599983 -0.03285259 -0.00820655
v -0.03648281 -0.03272318 -0.00820655
v -0.03739535 -0.03600877 -0.00749510
v -0.03960859 -0.03573161 -0.00795013
v -0.03960263 -0.03592187 -0.00792676
v -0.04036086 -0.03553003 -0.00810492
v -0.03327804 -0.03742784 -0.00830096
v -0.03383356 -0.03728872 -0.00815487
v -0.03404480 -0.03722244 -0.00810492
v -0.03598260 -0.03722083 -0.00775993
v -0.03596544 -0.03721344 -0.00776219
v -0.03561753 -0.03731864 -0.00780642
v -0.03596347 -0.03860974 -0.00780642
v -0.03631740 -0.03852689 -0.00776219
v -0.03632855 -0.03851193 -0.00775993
v -0.03554171 -0.03924041 -0.00792545
v -0.03551346 -0.03921878 -0.00792676
v -0.03545099 -0.03926473 -0.00794130
v -0.03756129 -0.03900372 -0.00775397
v -0.03821110 -0.03917324 -0.00779438
v -0.03814703 -0.03893405 -0.00776219
v -0.03795909 -0.03900462 -0.00776219
v -0.04173237 -0.03758162 -0.00830096
v -0.04118317 -0.03748512 -0.00815487
v -0.04096561 -0.03778707 -0.00810492
v -0.04243713 -0.03687512 -0.00852865
v -0.04320400 -0.03673899 -0.00880438
v -0.04319459 -0.03667217 -0.00880438
v -0.03900516 -0.03749674 -0.00775397
v -0.04284864 -0.03538107 -0.00880438
v -0.04282337 -0.03531849 -0.00880438
v -0.04209119 -0.03558403 -0.00852865
v -0.04264104 -0.03491908 -0.00880438
v -0.04188776 -0.03512090 -0.00853425
v -0.04184454 -0.03565013 -0.00844735
v -0.04161798 -0.03519320 -0.00844699
v -0.04132580 -0.03578913 -0.00828981
v -0.04112756 -0.03532457 -0.00830096
v -0.04082459 -0.03592342 -0.00815457
v -0.04070019 -0.03568279 -0.00815487
v -0.04055267 -0.03599625 -0.00808817
v -0.03982096 -0.03619235 -0.00793314
v -0.03904694 -0.03639972 -0.00780642
v -0.03886961 -0.03592962 -0.00783425
v -0.03870248 -0.03660118 -0.00775397
v -0.03880822 -0.03676170 -0.00775397
v -0.03889256 -0.03693443 -0.00775397
v -0.03895407 -0.03711652 -0.00775397
v -0.03899180 -0.03730499 -0.00775397
v -0.03897529 -0.03780275 -0.00775397
v -0.03899389 -0.03768861 -0.00775397
v -0.04016691 -0.03748345 -0.00793314
v -0.03939288 -0.03769087 -0.00780642
v -0.04011309 -0.03782683 -0.00792676
v -0.03947436 -0.03818666 -0.00783425
v -0.04021340 -0.03798866 -0.00795013
v -0.04089862 -0.03728741 -0.00808817
v -0.04324579 -0.03717613 -0.00880438
v -0.04249256 -0.03737795 -0.00853425
v -0.04222279 -0.03745025 -0.00844699
v -0.04219049 -0.03694123 -0.00844735
v -0.04167175 -0.03708022 -0.00828981
v -0.04117053 -0.03721451 -0.00815457
v -0.03879672 -0.03836822 -0.00776052
v -0.03901720 -0.03830915 -0.00778097
v -0.03887468 -0.03826642 -0.00776219
v -0.03935134 -0.03821963 -0.00781852
v -0.03896087 -0.03808504 -0.00776219
v -0.03902310 -0.03789412 -0.00776219
v -0.03871625 -0.03838980 -0.00775397
v -0.03871208 -0.03839546 -0.00775397
v -0.03858828 -0.03854250 -0.00775397
v -0.03844666 -0.03867250 -0.00775397
v -0.03828960 -0.03878331 -0.00775397
v -0.03812950 -0.03886866 -0.00775397
v -0.03842276 -0.03996318 -0.00792605
v -0.03826630 -0.04001981 -0.00792676
v -0.03857052 -0.04102510 -0.00815487
v -0.03861629 -0.04068553 -0.00808096
v -0.03887224 -0.04202210 -0.00844753
v -0.03882426 -0.04146164 -0.00828499
v -0.03869634 -0.04098433 -0.00815487
v -0.03923350 -0.04298889 -0.00880438
v -0.03903001 -0.04222941 -0.00852621
v -0.03896647 -0.04199242 -0.00844753
v -0.03848350 -0.04212182 -0.00844753
v -0.03854703 -0.04235881 -0.00852621
v -0.03917068 -0.04300826 -0.00880438
v -0.03875052 -0.04311829 -0.00880438
v -0.03834128 -0.04159104 -0.00828499
v -0.03821343 -0.04111373 -0.00815487
v -0.03793978 -0.04009258 -0.00792605
v -0.03813332 -0.04081493 -0.00808096
v -0.03776353 -0.03905034 -0.00776219
v -0.03772813 -0.03930264 -0.00779438
v -0.03764653 -0.03899806 -0.00775397
v -0.03736913 -0.03899854 -0.00775397
v -0.03717923 -0.03896892 -0.00775397
v -0.03699469 -0.03891521 -0.00775397
v -0.03689891 -0.03887677 -0.00775397
v -0.03681844 -0.03889828 -0.00776052
v -0.03678780 -0.03889793 -0.00776219
v -0.03661555 -0.03879475 -0.00776219
v -0.03675740 -0.03891468 -0.00776583
v -0.03643298 -0.03900158 -0.00779855
v -0.03614079 -0.03907990 -0.00783425
v -0.03645789 -0.03867042 -0.00776219
v -0.03605771 -0.03910213 -0.00784546
v -0.03540176 -0.03927791 -0.00795013
v -0.03531062 -0.03895002 -0.00792676
v -0.03464955 -0.03947943 -0.00810492
v -0.03326392 -0.03957521 -0.00844753
v -0.03233802 -0.04002720 -0.00880438
v -0.03236937 -0.04009044 -0.00880438
v -0.03443348 -0.03952765 -0.00815487
v -0.03388279 -0.03968489 -0.00830096
v -0.03420001 -0.03911823 -0.00815487
v -0.03339236 -0.03981631 -0.00844699
v -0.03312265 -0.03988862 -0.00853425
v -0.03291922 -0.03942549 -0.00852865
v -0.03216177 -0.03962844 -0.00880438
v -0.03230613 -0.03996074 -0.00880438
v -0.03445768 -0.03901320 -0.00808817
v -0.03368461 -0.03922039 -0.00828981
v -0.03316581 -0.03935939 -0.00844735
v -0.03518939 -0.03881716 -0.00793314
v -0.03638106 -0.03849786 -0.00775397
v -0.03636825 -0.03848320 -0.00775397
v -0.03625243 -0.03832978 -0.00775397
v -0.03615725 -0.03816276 -0.00775397
v -0.03608417 -0.03798502 -0.00775397
v -0.03603440 -0.03779935 -0.00775397
v -0.03601390 -0.03766626 -0.00775397
v -0.03600883 -0.03760886 -0.00775397
v -0.03600776 -0.03741663 -0.00775397
v -0.03603136 -0.03722590 -0.00775397
v -0.03601539 -0.03701889 -0.00776219
v -0.03603512 -0.03720676 -0.00775397
v -0.03279691 -0.03783231 -0.00844753
v -0.03278762 -0.03755927 -0.00844699
v -0.03251785 -0.03763157 -0.00853425
v -0.03181576 -0.03833729 -0.00880438
v -0.03257328 -0.03813433 -0.00852865
v -0.03177464 -0.03797733 -0.00880438
v -0.03176903 -0.03790378 -0.00880438
v -0.03176462 -0.03783339 -0.00880438
v -0.03383606 -0.03776001 -0.00815487
v -0.03545290 -0.03684508 -0.00784546
v -0.03493696 -0.03698337 -0.00792545
v -0.03492331 -0.03701621 -0.00792676
v -0.03484624 -0.03700768 -0.00794130
v -0.03488200 -0.03735041 -0.00792676
v -0.03479701 -0.03702086 -0.00795013
v -0.03281986 -0.03806829 -0.00844735
v -0.03333866 -0.03792929 -0.00828981
v -0.03411173 -0.03772211 -0.00808817
v -0.03484344 -0.03752607 -0.00793314
v -0.03553599 -0.03682285 -0.00783425
v -0.03582823 -0.03674453 -0.00779855
v -0.03608971 -0.03683239 -0.00776219
v -0.03615260 -0.03665763 -0.00776583
v -0.03618735 -0.03665691 -0.00776219
v -0.03621369 -0.03664124 -0.00776052
v -0.03635787 -0.03653854 -0.00775397
v -0.03629410 -0.03661972 -0.00775397
v -0.03649085 -0.03639972 -0.00775397
v -0.03664046 -0.03627908 -0.00775397
v -0.03680431 -0.03617858 -0.00775397
v -0.03688091 -0.03614085 -0.00775397
v -0.03695613 -0.03603702 -0.00776219
v -0.03658765 -0.03504627 -0.00792605
v -0.03679931 -0.03583627 -0.00779438
v -0.03714835 -0.03597885 -0.00776219
v -0.03690677 -0.03494608 -0.00792676
v -0.03639411 -0.03432399 -0.00808096
v -0.03666764 -0.03392338 -0.00815487
v -0.03631401 -0.03402519 -0.00815487
v -0.03577691 -0.03202062 -0.00880438
v -0.03598040 -0.03278011 -0.00852621
v -0.03643041 -0.03290909 -0.00844753
v -0.03604394 -0.03301709 -0.00844753
v -0.03618615 -0.03354787 -0.00828499
v -0.03652685 -0.03288769 -0.00844753
v -0.03646337 -0.03265064 -0.00852621
v -0.03619575 -0.03190582 -0.00880438
v -0.03625988 -0.03189122 -0.00880438
v -0.03666907 -0.03341847 -0.00828499
v -0.03679698 -0.03389573 -0.00815487
v -0.03734636 -0.03594601 -0.00776219
v -0.03734374 -0.03593623 -0.00776344
v -0.03728228 -0.03570681 -0.00779438
v -0.03707063 -0.03491687 -0.00792605
v -0.03687703 -0.03419458 -0.00808096
v -0.03773665 -0.03602272 -0.00775397
v -0.03754526 -0.03600525 -0.00775397
v -0.03792428 -0.03606450 -0.00775397
v -0.03811150 -0.03613275 -0.00775397
v -0.03810501 -0.03612989 -0.00775397
v -0.03819191 -0.03611117 -0.00776052
v -0.03831034 -0.03616034 -0.00776219
v -0.03841239 -0.03605210 -0.00778097
v -0.03847569 -0.03627437 -0.00776219
v -0.03874659 -0.03596258 -0.00781852
v -0.03862506 -0.03640860 -0.00776219
v -0.03862935 -0.03651165 -0.00775397
v -0.03736388 -0.03601139 -0.00775397
v -0.04309171 -0.03531593 -0.00889999
v -0.04294306 -0.03496903 -0.01239943
v -0.04330074 -0.03595185 -0.00889999
v -0.04330074 -0.03595185 -0.01239943
v -0.04343765 -0.03660708 -0.00889999
v -0.04348236 -0.03698182 -0.01239943
v -0.04348236 -0.03802770 -0.00889999
v -0.04349219 -0.03711009 -0.00889999
v -0.04348236 -0.03802770 -0.01239943
v -0.04330074 -0.03905767 -0.01239943
v -0.04330074 -0.03905767 -0.00889999
v -0.04294306 -0.04004043 -0.01239943
v -0.04294306 -0.04004043 -0.00889999
v -0.04242008 -0.04094618 -0.01239943
v -0.04242008 -0.04094618 -0.00889999
v -0.04174786 -0.04174739 -0.01239943
v -0.04174786 -0.04174739 -0.00889999
v -0.04094666 -0.04241967 -0.01239943
v -0.04094666 -0.04241967 -0.00889999
v -0.04004091 -0.04294258 -0.01239943
v -0.04004091 -0.04294258 -0.00889999
v -0.03929823 -0.04323059 -0.00889999
v -0.03802812 -0.04348194 -0.00889999
v -0.03881525 -0.04335999 -0.00889999
v -0.03905808 -0.04330033 -0.01239943
v -0.03259027 -0.04094618 -0.01239943
v -0.03326255 -0.04174739 -0.00889999
v -0.03326255 -0.04174739 -0.01239943
v -0.03406375 -0.04241967 -0.00889999
v -0.03406375 -0.04241967 -0.01239943
v -0.03496950 -0.04294258 -0.00889999
v -0.03496950 -0.04294258 -0.01239943
v -0.03595227 -0.04330033 -0.00889999
v -0.03595227 -0.04330033 -0.01239943
v -0.03698223 -0.04348194 -0.00889999
v -0.03698223 -0.04348194 -0.01239943
v -0.03802812 -0.04348194 -0.01239943
v -0.03212296 -0.04015648 -0.00889999
v -0.03206735 -0.04004043 -0.01239943
v -0.03259027 -0.04094618 -0.00889999
v -0.03191870 -0.03969353 -0.00889999
v -0.03170967 -0.03905767 -0.00889999
v -0.03170967 -0.03905767 -0.01239943
v -0.03157275 -0.03840243 -0.00889999
v -0.03152805 -0.03802770 -0.01239943
v -0.03152805 -0.03698182 -0.00889999
v -0.03151822 -0.03789943 -0.00889999
v -0.03152805 -0.03698182 -0.01239943
v -0.03170967 -0.03595185 -0.01239943
v -0.03170967 -0.03595185 -0.00889999
v -0.03206735 -0.03496903 -0.01239943
v -0.03206735 -0.03496903 -0.00889999
v -0.03259027 -0.03406327 -0.01239943
v -0.03259027 -0.03406327 -0.00889999
v -0.03326255 -0.03326213 -0.01239943
v -0.03326255 -0.03326213 -0.00889999
v -0.03406375 -0.03258985 -0.01239943
v -0.03406375 -0.03258985 -0.00889999
v -0.03496950 -0.03206688 -0.01239943
v -0.03496950 -0.03206688 -0.00889999
v -0.03571212 -0.03177893 -0.00889999
v -0.03698223 -0.03152757 -0.00889999
v -0.03619509 -0.03164952 -0.00889999
v -0.03595227 -0.03170919 -0.01239943
v -0.04242008 -0.03406327 -0.01239943
v -0.04174786 -0.03326213 -0.00889999
v -0.04174786 -0.03326213 -0.01239943
v -0.04094666 -0.03258985 -0.00889999
v -0.04094666 -0.03258985 -0.01239943
v -0.04004091 -0.03206688 -0.00889999
v -0.04004091 -0.03206688 -0.01239943
v -0.03905808 -0.03170919 -0.00889999
v -0.03905808 -0.03170919 -0.01239943
v -0.03802812 -0.03152757 -0.00889999
v -0.03802812 -0.03152757 -0.01239943
v -0.03698223 -0.03152757 -0.01239943
v -0.04288744 -0.03485304 -0.00889999
v -0.04242008 -0.03406327 -0.00889999
v -0.04317033 -0.03652042 -0.01239943
v -0.04290348 -0.03552466 -0.01239943
v -0.04246318 -0.03459256 -0.01239943
v -0.04186356 -0.03375411 -0.01239943
v -0.04112380 -0.03303617 -0.01239943
v -0.04026776 -0.03246182 -0.01239943
v -0.03932291 -0.03204959 -0.01239943
v -0.03831964 -0.03181272 -0.01239943
v -0.03729021 -0.03175878 -0.01239943
v -0.03626769 -0.03188949 -0.01239943
v -0.03528493 -0.03220069 -0.01239943
v -0.03437352 -0.03268241 -0.01239943
v -0.03356277 -0.03331905 -0.01239943
v -0.03287875 -0.03409028 -0.01239943
v -0.03234344 -0.03497123 -0.01239943
v -0.03197401 -0.03593361 -0.01239943
v -0.03178238 -0.03694647 -0.01239943
v -0.03177464 -0.03797733 -0.01239943
v -0.03195112 -0.03899294 -0.01239943
v -0.03230613 -0.03996074 -0.01239943
v -0.03282821 -0.04084962 -0.01239943
v -0.03350061 -0.04163098 -0.01239943
v -0.03430175 -0.04227972 -0.01239943
v -0.03520584 -0.04277497 -0.01239943
v -0.03618383 -0.04310083 -0.01239943
v -0.03720426 -0.04324686 -0.01239943
v -0.03823441 -0.04320830 -0.01239943
v -0.03924107 -0.04298645 -0.01239943
v -0.04019200 -0.04258841 -0.01239943
v -0.04105651 -0.04202699 -0.01239943
v -0.04180693 -0.04132020 -0.01239943
v -0.04241907 -0.04049074 -0.01239943
v -0.04287326 -0.03956538 -0.01239943
v -0.04315495 -0.03857374 -0.01239943
v -0.04325503 -0.03754776 -0.01239943
v -0.03577691 -0.03202062 -0.00889999
v -0.03625988 -0.03189122 -0.00889999
v -0.03176462 -0.03783339 -0.00889999
v -0.03528493 -0.03220069 -0.00889999
v -0.03437352 -0.03268241 -0.00889999
v -0.03356277 -0.03331905 -0.00889999
v -0.03287875 -0.03409028 -0.00889999
v -0.03234344 -0.03497123 -0.00889999
v -0.03197401 -0.03593361 -0.00889999
v -0.03178238 -0.03694647 -0.00889999
v -0.03216177 -0.03962844 -0.00889999
v -0.03181576 -0.03833729 -0.00889999
v -0.03195112 -0.03899294 -0.00889999
v -0.03875052 -0.04311829 -0.00889999
v -0.03923350 -0.04298889 -0.00889999
v -0.03236937 -0.04009044 -0.00889999
v -0.03282821 -0.04084962 -0.00889999
v -0.03350061 -0.04163098 -0.00889999
v -0.03430175 -0.04227972 -0.00889999
v -0.03520584 -0.04277497 -0.00889999
v -0.03618383 -0.04310083 -0.00889999
v -0.03720426 -0.04324686 -0.00889999
v -0.03823441 -0.04320830 -0.00889999
v -0.04324579 -0.03717613 -0.00889999
v -0.04319459 -0.03667217 -0.00889999
v -0.04317033 -0.03652042 -0.00889999
v -0.04325503 -0.03754776 -0.00889999
v -0.04315495 -0.03857374 -0.00889999
v -0.04287326 -0.03956538 -0.00889999
v -0.04241907 -0.04049074 -0.00889999
v -0.04180693 -0.04132020 -0.00889999
v -0.04105651 -0.04202699 -0.00889999
v -0.04019200 -0.04258841 -0.00889999
v -0.03924107 -0.04298645 -0.00889999
v -0.04290348 -0.03552466 -0.00889999
v -0.04284864 -0.03538107 -0.00889999
v -0.03626769 -0.03188949 -0.00889999
v -0.03729021 -0.03175878 -0.00889999
v -0.03831964 -0.03181272 -0.00889999
v -0.03932291 -0.03204959 -0.00889999
v -0.04026776 -0.03246182 -0.00889999
v -0.04112380 -0.03303617 -0.00889999
v -0.04186356 -0.03375411 -0.00889999
v -0.04246318 -0.03459256 -0.00889999
v -0.04264104 -0.03491908 -0.00889999
v -0.03822964 -0.03731065 -0.00489998
v -0.03825503 -0.03748965 -0.00489998
v -0.03750520 -0.03750473 -0.00489998
v -0.03816211 -0.03714293 -0.00489998
v -0.03722518 -0.03680896 -0.00489998
v -0.03758060 -0.03675854 -0.00489998
v -0.03791874 -0.03687906 -0.00489998
v -0.03678077 -0.03769886 -0.00489998
v -0.03677350 -0.03733998 -0.00489998
v -0.03693389 -0.03701883 -0.00489998
v -0.03761059 -0.03824728 -0.00489998
v -0.03725343 -0.03821122 -0.00489998
v -0.03695392 -0.03801327 -0.00489998
v -0.03817617 -0.03783982 -0.00489998
v -0.03794360 -0.03811329 -0.00489998
v -0.04294341 -0.03604757 -0.00889999
v -0.04310905 -0.03696256 -0.01239943
v -0.04310905 -0.03696256 -0.00889999
v -0.04312187 -0.03789234 -0.01239943
v -0.04312187 -0.03789234 -0.00889999
v -0.04298150 -0.03881150 -0.01239943
v -0.04298150 -0.03881150 -0.00889999
v -0.04269170 -0.03969508 -0.01239943
v -0.04269170 -0.03969508 -0.00889999
v -0.04226046 -0.04051887 -0.01239943
v -0.04226046 -0.04051887 -0.00889999
v -0.04169952 -0.04126042 -0.01239943
v -0.04169952 -0.04126042 -0.00889999
v -0.04102414 -0.04189956 -0.01239943
v -0.04102414 -0.04189956 -0.00889999
v -0.04025280 -0.04241883 -0.01239943
v -0.04025280 -0.04241883 -0.00889999
v -0.03940647 -0.04280406 -0.01239943
v -0.03940647 -0.04280406 -0.00889999
v -0.03850829 -0.04304474 -0.01239943
v -0.03850829 -0.04304474 -0.00889999
v -0.03758275 -0.04313427 -0.01239943
v -0.03758275 -0.04313427 -0.00889999
v -0.03665512 -0.04307025 -0.01239943
v -0.03665512 -0.04307025 -0.00889999
v -0.03575068 -0.04285442 -0.01239943
v -0.03575068 -0.04285442 -0.00889999
v -0.03489404 -0.04249268 -0.01239943
v -0.03489404 -0.04249268 -0.00889999
v -0.03410869 -0.04199486 -0.01239943
v -0.03410869 -0.04199486 -0.00889999
v -0.03341597 -0.04137462 -0.01239943
v -0.03341597 -0.04137462 -0.00889999
v -0.03283476 -0.04064875 -0.01239943
v -0.03283476 -0.04064875 -0.00889999
v -0.03238099 -0.03983712 -0.01239943
v -0.03238099 -0.03983712 -0.00889999
v -0.03206700 -0.03896194 -0.01239943
v -0.03206700 -0.03896194 -0.00889999
v -0.03190129 -0.03804695 -0.01239943
v -0.03190129 -0.03804695 -0.00889999
v -0.03188848 -0.03711718 -0.01239943
v -0.03188848 -0.03711718 -0.00889999
v -0.03202891 -0.03619796 -0.01239943
v -0.03202891 -0.03619796 -0.00889999
v -0.03231865 -0.03531444 -0.01239943
v -0.03231865 -0.03531444 -0.00889999
v -0.03274995 -0.03449064 -0.01239943
v -0.03274995 -0.03449064 -0.00889999
v -0.03331089 -0.03374904 -0.01239943
v -0.03331089 -0.03374904 -0.00889999
v -0.03398627 -0.03310990 -0.01239943
v -0.03398627 -0.03310990 -0.00889999
v -0.03475761 -0.03259068 -0.01239943
v -0.03475761 -0.03259068 -0.00889999
v -0.03560394 -0.03220546 -0.01239943
v -0.03560394 -0.03220546 -0.00889999
v -0.03650212 -0.03196477 -0.01239943
v -0.03650212 -0.03196477 -0.00889999
v -0.03742760 -0.03187525 -0.01239943
v -0.03742760 -0.03187525 -0.00889999
v -0.03835529 -0.03193926 -0.01239943
v -0.03835529 -0.03193926 -0.00889999
v -0.03925973 -0.03215509 -0.01239943
v -0.03925973 -0.03215509 -0.00889999
v -0.04011631 -0.03251683 -0.01239943
v -0.04011631 -0.03251683 -0.00889999
v -0.04090172 -0.03301459 -0.01239943
v -0.04090172 -0.03301459 -0.00889999
v -0.04159444 -0.03363490 -0.01239943
v -0.04159444 -0.03363490 -0.00889999
v -0.04217559 -0.03436076 -0.01239943
v -0.04217559 -0.03436076 -0.00889999
v -0.04262942 -0.03517234 -0.01239943
v -0.04262942 -0.03517234 -0.00889999
v -0.04294341 -0.03604757 -0.01239943
v -0.03378152 -0.03810745 -0.01239943
v -0.03397905 -0.03884464 -0.01239943
v -0.03432095 -0.03952705 -0.01239943
v -0.03479319 -0.04012662 -0.01239943
v -0.03537648 -0.04061889 -0.01239943
v -0.03450286 -0.03522109 -0.01239943
v -0.03410464 -0.03587216 -0.01239943
v -0.03384560 -0.03659009 -0.01239943
v -0.03373640 -0.03734552 -0.01239943
v -0.03604698 -0.04098361 -0.01239943
v -0.03677707 -0.04120594 -0.01239943
v -0.03753703 -0.04127675 -0.01239943
v -0.03829568 -0.04119312 -0.01239943
v -0.03902196 -0.04095852 -0.01239943
v -0.04105347 -0.03878492 -0.01239943
v -0.04123854 -0.03804445 -0.01239943
v -0.04127073 -0.03728187 -0.01239943
v -0.04114878 -0.03652846 -0.01239943
v -0.04087769 -0.03581500 -0.01239943
v -0.04046851 -0.03517067 -0.01239943
v -0.03785508 -0.03374886 -0.01239943
v -0.03709191 -0.03375530 -0.01239943
v -0.03634560 -0.03391528 -0.01239943
v -0.03564679 -0.03422218 -0.01239943
v -0.03502404 -0.03466343 -0.01239943
v -0.03993803 -0.03462195 -0.01239943
v -0.03930789 -0.03419125 -0.01239943
v -0.03860402 -0.03389620 -0.01239943
v -0.03968620 -0.04058247 -0.01239943
v -0.04026108 -0.04008042 -0.01239943
v -0.04072314 -0.03947299 -0.01239943
v -0.04114878 -0.03652846 -0.00889999
v -0.04127073 -0.03728187 -0.00889999
v -0.04123854 -0.03804445 -0.00889999
v -0.04105347 -0.03878492 -0.00889999
v -0.04072314 -0.03947299 -0.00889999
v -0.04026108 -0.04008042 -0.00889999
v -0.03968620 -0.04058247 -0.00889999
v -0.03902196 -0.04095852 -0.00889999
v -0.03829568 -0.04119312 -0.00889999
v -0.03753703 -0.04127675 -0.00889999
v -0.03677707 -0.04120594 -0.00889999
v -0.03604698 -0.04098361 -0.00889999
v -0.03537648 -0.04061889 -0.00889999
v -0.03479319 -0.04012662 -0.00889999
v -0.03432095 -0.03952705 -0.00889999
v -0.03397905 -0.03884464 -0.00889999
v -0.03378152 -0.03810745 -0.00889999
v -0.03373640 -0.03734552 -0.00889999
v -0.03384560 -0.03659009 -0.00889999
v -0.03410464 -0.03587216 -0.00889999
v -0.03450286 -0.03522109 -0.00889999
v -0.03502404 -0.03466343 -0.00889999
v -0.03564679 -0.03422218 -0.00889999
v -0.03634560 -0.03391528 -0.00889999
v -0.03709191 -0.03375530 -0.00889999
v -0.03785508 -0.03374886 -0.00889999
v -0.03860402 -0.03389620 -0.00889999
v -0.03930789 -0.03419125 -0.00889999
v -0.03993803 -0.03462195 -0.00889999
v -0.04046851 -0.03517067 -0.00889999
v -0.04087769 -0.03581500 -0.00889999
v 0.03753280 0.03825467 -0.00767922
v 0.03761011 0.03824776 -0.00767922
v 0.03761011 0.03824776 -0.01239997
v 0.03679168 0.03727269 -0.00767922
v 0.03677308 0.03734040 -0.00767922
v 0.03677308 0.03734040 -0.01239997
v 0.03676784 0.03736579 -0.00767922
v 0.03675603 0.03746116 -0.00767922
v 0.03675657 0.03755724 -0.00767922
v 0.03678029 0.03769934 -0.01239997
v 0.03682732 0.03718340 -0.00767922
v 0.03693348 0.03701925 -0.01239997
v 0.03687399 0.03709942 -0.00767922
v 0.03722470 0.03680944 -0.01239997
v 0.03722470 0.03680944 -0.00767922
v 0.03715431 0.03684210 -0.00767922
v 0.03707236 0.03689235 -0.00767922
v 0.03699755 0.03695267 -0.00767922
v 0.03693109 0.03702211 -0.00767922
v 0.03758013 0.03675901 -0.01239997
v 0.03758013 0.03675901 -0.00767922
v 0.03752475 0.03675544 -0.00767922
v 0.03742873 0.03675907 -0.00767922
v 0.03733396 0.03677493 -0.00767922
v 0.03724199 0.03680276 -0.00767922
v 0.03796923 0.03691631 -0.00767922
v 0.03791826 0.03687947 -0.00767922
v 0.03791826 0.03687947 -0.01239997
v 0.03789013 0.03686177 -0.00767922
v 0.03780466 0.03681778 -0.00767922
v 0.03771430 0.03678506 -0.00767922
v 0.03762048 0.03676420 -0.00767922
v 0.03804069 0.03698056 -0.00767922
v 0.03816169 0.03714334 -0.01239997
v 0.03810340 0.03705340 -0.00767922
v 0.03825461 0.03749006 -0.01239997
v 0.03825461 0.03749006 -0.00767922
v 0.03824806 0.03740531 -0.00767922
v 0.03822916 0.03731107 -0.01239997
v 0.03822916 0.03731107 -0.00767922
v 0.03819841 0.03722006 -0.00767922
v 0.03815627 0.03713369 -0.00767922
v 0.03817570 0.03784030 -0.01239997
v 0.03817570 0.03784030 -0.00767922
v 0.03820145 0.03778290 -0.00767922
v 0.03823125 0.03769153 -0.00767922
v 0.03824907 0.03759711 -0.00767922
v 0.03825473 0.03750121 -0.00767922
v 0.03794312 0.03811371 -0.01239997
v 0.03794312 0.03811371 -0.00767922
v 0.03797549 0.03808903 -0.00767922
v 0.03804630 0.03802406 -0.00767922
v 0.03810822 0.03795057 -0.00767922
v 0.03816020 0.03786975 -0.00767922
v 0.03762841 0.03824496 -0.00767922
v 0.03772199 0.03822302 -0.00767922
v 0.03781199 0.03818935 -0.00767922
v 0.03789699 0.03814446 -0.00767922
v 0.03743672 0.03825211 -0.00767922
v 0.03725296 0.03821170 -0.01239997
v 0.03734177 0.03823727 -0.00767922
v 0.03695350 0.03801375 -0.01239997
v 0.03695350 0.03801375 -0.00767922
v 0.03700351 0.03806310 -0.00767922
v 0.03707897 0.03812259 -0.00767922
v 0.03716140 0.03817200 -0.00767922
v 0.03724950 0.03821045 -0.00767922
v 0.03676933 0.03765249 -0.00767922
v 0.03678029 0.03769934 -0.00767922
v 0.03679424 0.03774535 -0.00767922
v 0.03683078 0.03783422 -0.00767922
v 0.03687840 0.03791767 -0.00767922
v 0.03693628 0.03799438 -0.00767922
v 0.03510445 0.03680312 -0.01439994
v 0.03500401 0.03747671 -0.01439994
v 0.03462785 0.03678774 -0.01439994
v 0.03897011 0.03547859 -0.01439994
v 0.03956454 0.03537249 -0.01439994
v 0.03946256 0.03594911 -0.01439994
v 0.03997445 0.03586447 -0.01439994
v 0.03980976 0.03653502 -0.01439994
v 0.04026913 0.03643304 -0.01439994
v 0.03768271 0.03449881 -0.01439994
v 0.03678727 0.03462833 -0.01439994
v 0.03767597 0.03416383 -0.01439994
v 0.03697019 0.03394556 -0.01439994
v 0.03782564 0.03386408 -0.01439994
v 0.04022419 0.03925466 -0.01439994
v 0.03990858 0.03914219 -0.01439994
v 0.03978711 0.03852760 -0.01439994
v 0.03696811 0.03994780 -0.01439994
v 0.03764700 0.04000204 -0.01439994
v 0.03769081 0.04046434 -0.01439994
v 0.03538286 0.03618156 -0.01439994
v 0.03942662 0.03910547 -0.01439994
v 0.03832185 0.04035538 -0.01439994
v 0.03831535 0.03987109 -0.01439994
v 0.03892362 0.03956460 -0.01439994
v 0.03535330 0.03878021 -0.01439994
v 0.03494346 0.03867208 -0.01439994
v 0.03501707 0.03834521 -0.01439994
v 0.03718119 0.03349304 -0.01439994
v 0.03753429 0.03314000 -0.01439994
v 0.03809750 0.03366827 -0.01439994
v 0.03798675 0.03292900 -0.01439994
v 0.03842920 0.03362119 -0.01439994
v 0.03848415 0.03288549 -0.01439994
v 0.03874480 0.03373366 -0.01439994
v 0.04114115 0.03923106 -0.01439994
v 0.04127037 0.03971338 -0.01439994
v 0.04053807 0.03982454 -0.01439994
v 0.04122686 0.04021072 -0.01439994
v 0.04046446 0.04015141 -0.01439994
v 0.04101586 0.04066324 -0.01439994
v 0.04024738 0.04040664 -0.01439994
v 0.04066276 0.04101628 -0.01439994
v 0.03993654 0.04053169 -0.01439994
v 0.03364104 0.03854048 -0.01439994
v 0.03288507 0.03848457 -0.01439994
v 0.03363430 0.03820550 -0.01439994
v 0.03292858 0.03798723 -0.01439994
v 0.03378397 0.03790575 -0.01439994
v 0.03898507 0.03463041 -0.01439994
v 0.03905868 0.03430354 -0.01439994
v 0.03979098 0.03419232 -0.01439994
v 0.03903502 0.03413647 -0.01439994
v 0.03966176 0.03371006 -0.01439994
v 0.03897202 0.03397989 -0.01439994
v 0.03937542 0.03330111 -0.01439994
v 0.03896641 0.03301471 -0.01439994
v 0.03484898 0.03618675 -0.01439994
v 0.03519403 0.03564727 -0.01439994
v 0.03581869 0.03565812 -0.01439994
v 0.03564685 0.03519445 -0.01439994
v 0.03637951 0.03527176 -0.01439994
v 0.03618633 0.03484946 -0.01439994
v 0.03702384 0.03505098 -0.01439994
v 0.03770381 0.03501224 -0.01439994
v 0.03784435 0.03479230 -0.01439994
v 0.03812384 0.03497701 -0.01439994
v 0.03836899 0.03515839 -0.01439994
v 0.03845721 0.03501069 -0.01439994
v 0.03876799 0.03488558 -0.01439994
v 0.03974747 0.03468972 -0.01439994
v 0.04051434 0.03965747 -0.01439994
v 0.04045134 0.03950095 -0.01439994
v 0.04085475 0.03882211 -0.01439994
v 0.04035496 0.03832226 -0.01439994
v 0.04046392 0.03769123 -0.01439994
v 0.03997832 0.03787392 -0.01439994
v 0.04043483 0.03705155 -0.01439994
v 0.03998607 0.03719288 -0.01439994
v 0.03992044 0.03685790 -0.01439994
v 0.03957682 0.03918927 -0.01439994
v 0.03930503 0.03938513 -0.01439994
v 0.03915530 0.03968483 -0.01439994
v 0.03916203 0.04001981 -0.01439994
v 0.03882163 0.04085522 -0.01439994
v 0.03932368 0.04031330 -0.01439994
v 0.03923064 0.04114156 -0.01439994
v 0.03960323 0.04049801 -0.01439994
v 0.03971290 0.04127079 -0.01439994
v 0.04021030 0.04122728 -0.01439994
v 0.03470313 0.03777533 -0.01439994
v 0.03438758 0.03766286 -0.01439994
v 0.03394514 0.03697067 -0.01439994
v 0.03405582 0.03770989 -0.01439994
v 0.03349262 0.03718167 -0.01439994
v 0.03313958 0.03753471 -0.01439994
v 0.03508907 0.03815245 -0.01439994
v 0.03499335 0.03817814 -0.01439994
v 0.03493034 0.03802156 -0.01439994
v 0.03441554 0.03905236 -0.01439994
v 0.03419190 0.03979146 -0.01439994
v 0.03408223 0.03901869 -0.01439994
v 0.03370964 0.03966224 -0.01439994
v 0.03380268 0.03883391 -0.01439994
v 0.03330063 0.03937584 -0.01439994
v 0.03301429 0.03896689 -0.01439994
v 0.03472638 0.03892725 -0.01439994
v 0.03537201 0.03956496 -0.01439994
v 0.03468930 0.03974795 -0.01439994
v 0.03705114 0.04043531 -0.01439994
v 0.03643256 0.04026955 -0.01439994
v 0.03632897 0.03971248 -0.01439994
v 0.03586405 0.03997486 -0.01439994
v 0.03577709 0.03931337 -0.01439994
v 0.03916203 0.04001981 -0.01539999
v 0.03832185 0.04035538 -0.01539999
v 0.03932368 0.04031330 -0.01539999
v 0.03960323 0.04049801 -0.01539999
v 0.03882163 0.04085522 -0.01539999
v 0.03923064 0.04114156 -0.01539999
v 0.03971290 0.04127079 -0.01539999
v 0.03586405 0.03997486 -0.01539999
v 0.03643256 0.04026955 -0.01539999
v 0.03915530 0.03968483 -0.01539999
v 0.03705114 0.04043531 -0.01539999
v 0.03769081 0.04046434 -0.01539999
v 0.03930503 0.03938513 -0.01539999
v 0.03957682 0.03918927 -0.01539999
v 0.04035496 0.03832226 -0.01539999
v 0.03990858 0.03914219 -0.01539999
v 0.04085475 0.03882211 -0.01539999
v 0.04022419 0.03925466 -0.01539999
v 0.04114115 0.03923106 -0.01539999
v 0.03405582 0.03770989 -0.01539999
v 0.03438758 0.03766286 -0.01539999
v 0.03462785 0.03678774 -0.01539999
v 0.03470313 0.03777533 -0.01539999
v 0.03493034 0.03802156 -0.01539999
v 0.03586268 0.03794521 -0.01539999
v 0.03499335 0.03817814 -0.01539999
v 0.03609448 0.03845453 -0.01539999
v 0.03501707 0.03834521 -0.01539999
v 0.03647917 0.03886097 -0.01539999
v 0.03494346 0.03867208 -0.01539999
v 0.03697496 0.03912055 -0.01539999
v 0.03537201 0.03956496 -0.01539999
v 0.03472638 0.03892725 -0.01539999
v 0.03468930 0.03974795 -0.01539999
v 0.03441554 0.03905236 -0.01539999
v 0.03419190 0.03979146 -0.01539999
v 0.03408223 0.03901869 -0.01539999
v 0.03363430 0.03820550 -0.01539999
v 0.03288507 0.03848457 -0.01539999
v 0.03364104 0.03854048 -0.01539999
v 0.03301429 0.03896689 -0.01539999
v 0.03380268 0.03883391 -0.01539999
v 0.03330063 0.03937584 -0.01539999
v 0.03370964 0.03966224 -0.01539999
v 0.03776144 0.03582471 -0.01539999
v 0.03956454 0.03537249 -0.01539999
v 0.03720188 0.03583240 -0.01539999
v 0.03845721 0.03501069 -0.01539999
v 0.03667509 0.03602141 -0.01539999
v 0.03812384 0.03497701 -0.01539999
v 0.03784435 0.03479230 -0.01539999
v 0.03394514 0.03697067 -0.01539999
v 0.03349262 0.03718167 -0.01539999
v 0.03378397 0.03790575 -0.01539999
v 0.03313958 0.03753471 -0.01539999
v 0.03292858 0.03798723 -0.01539999
v 0.03993654 0.04053169 -0.01539999
v 0.04021030 0.04122728 -0.01539999
v 0.04024738 0.04040664 -0.01539999
v 0.04066276 0.04101628 -0.01539999
v 0.04046446 0.04015141 -0.01539999
v 0.03752815 0.03920501 -0.01539999
v 0.03807884 0.03910535 -0.01539999
v 0.03856730 0.03883224 -0.01539999
v 0.04045134 0.03950095 -0.01539999
v 0.04051434 0.03965747 -0.01539999
v 0.04127037 0.03971338 -0.01539999
v 0.04053807 0.03982454 -0.01539999
v 0.04122686 0.04021072 -0.01539999
v 0.04101586 0.04066324 -0.01539999
v 0.03829318 0.03599905 -0.01539999
v 0.03873950 0.03633671 -0.01539999
v 0.03997445 0.03586447 -0.01539999
v 0.03905200 0.03680092 -0.01539999
v 0.04026913 0.03643304 -0.01539999
v 0.03914684 0.03706520 -0.01539999
v 0.04043483 0.03705155 -0.01539999
v 0.03919684 0.03734147 -0.01539999
v 0.04046392 0.03769123 -0.01539999
v 0.03915834 0.03789979 -0.01539999
v 0.03894060 0.03841531 -0.01539999
v 0.03809750 0.03366827 -0.01539999
v 0.03753429 0.03314000 -0.01539999
v 0.03782564 0.03386408 -0.01539999
v 0.03718119 0.03349304 -0.01539999
v 0.03767597 0.03416383 -0.01539999
v 0.03697019 0.03394556 -0.01539999
v 0.03768271 0.03449881 -0.01539999
v 0.03979098 0.03419232 -0.01539999
v 0.03966176 0.03371006 -0.01539999
v 0.03897202 0.03397989 -0.01539999
v 0.03937542 0.03330111 -0.01539999
v 0.03874480 0.03373366 -0.01539999
v 0.03896641 0.03301471 -0.01539999
v 0.03842920 0.03362119 -0.01539999
v 0.03848415 0.03288549 -0.01539999
v 0.03798675 0.03292900 -0.01539999
v 0.03903502 0.03413647 -0.01539999
v 0.03905868 0.03430354 -0.01539999
v 0.03974747 0.03468972 -0.01539999
v 0.03898507 0.03463041 -0.01539999
v 0.03876799 0.03488558 -0.01539999
v 0.03618633 0.03484946 -0.01539999
v 0.03564685 0.03519445 -0.01539999
v 0.03623825 0.03637117 -0.01539999
v 0.03519403 0.03564727 -0.01539999
v 0.03593868 0.03684383 -0.01539999
v 0.03484898 0.03618675 -0.01539999
v 0.03580880 0.03738814 -0.01539999
v 0.03678727 0.03462833 -0.01539999
v 0.03586268 0.03794521 -0.01439994
v 0.03609448 0.03845453 -0.01439994
v 0.03647917 0.03886097 -0.01439994
v 0.03697496 0.03912055 -0.01439994
v 0.03752815 0.03920501 -0.01439994
v 0.03807884 0.03910535 -0.01439994
v 0.03856730 0.03883224 -0.01439994
v 0.03894060 0.03841531 -0.01439994
v 0.03915834 0.03789979 -0.01439994
v 0.03919684 0.03734147 -0.01439994
v 0.03914684 0.03706520 -0.01439994
v 0.03905200 0.03680092 -0.01439994
v 0.03873950 0.03633671 -0.01439994
v 0.03829318 0.03599905 -0.01439994
v 0.03776144 0.03582471 -0.01439994
v 0.03720188 0.03583240 -0.01439994
v 0.03667509 0.03602141 -0.01439994
v 0.03623825 0.03637117 -0.01439994
v 0.03593868 0.03684383 -0.01439994
v 0.03580880 0.03738814 -0.01439994
v 0.03538286 0.03618156 -0.01239997
v 0.03581869 0.03565812 -0.01239997
v 0.03980976 0.03653502 -0.01239997
v 0.03836899 0.03515839 -0.01239997
v 0.03897011 0.03547859 -0.01239997
v 0.03946256 0.03594911 -0.01239997
v 0.03500401 0.03747671 -0.01239997
v 0.03510445 0.03680312 -0.01239997
v 0.03637951 0.03527176 -0.01239997
v 0.03702384 0.03505098 -0.01239997
v 0.03770381 0.03501224 -0.01239997
v 0.03831535 0.03987109 -0.01239997
v 0.03764700 0.04000204 -0.01239997
v 0.03535330 0.03878021 -0.01239997
v 0.03508907 0.03815245 -0.01239997
v 0.03696811 0.03994780 -0.01239997
v 0.03632897 0.03971248 -0.01239997
v 0.03577709 0.03931337 -0.01239997
v 0.03942662 0.03910547 -0.01239997
v 0.03892362 0.03956460 -0.01239997
v 0.03992044 0.03685790 -0.01239997
v 0.03998607 0.03719288 -0.01239997
v 0.03997832 0.03787392 -0.01239997
v 0.03978711 0.03852760 -0.01239997
v 0.03750473 0.03750520 -0.01439994
v 0.03758323 0.03600722 -0.00749510
v 0.03754401 0.03675621 -0.00743145
v 0.03744983 0.03675723 -0.00743145
v 0.03878140 0.03595358 -0.00755715
v 0.03863990 0.03610342 -0.00753027
v 0.03849089 0.03603142 -0.00752646
v 0.04132497 0.03578966 -0.00800014
v 0.04094374 0.03589183 -0.00789934
v 0.04087918 0.03560382 -0.00791788
v 0.03940510 0.03630411 -0.00759149
v 0.03893870 0.03642904 -0.00752890
v 0.03880661 0.03625673 -0.00753027
v 0.03899478 0.03767758 -0.00749510
v 0.03824979 0.03759139 -0.00743145
v 0.03825473 0.03749734 -0.00743145
v 0.04142409 0.03766459 -0.00793040
v 0.04137778 0.03746461 -0.00791788
v 0.04218780 0.03745990 -0.00814253
v 0.03905767 0.04330074 -0.00859940
v 0.03881484 0.04336041 -0.00859940
v 0.03877329 0.04320544 -0.00853759
v 0.03622812 0.03905683 -0.00755715
v 0.03636962 0.03890699 -0.00753027
v 0.03651863 0.03897899 -0.00752646
v 0.03368449 0.03922075 -0.00800014
v 0.03406572 0.03911858 -0.00789934
v 0.03413033 0.03940659 -0.00791788
v 0.03560441 0.03870630 -0.00759149
v 0.03607076 0.03858131 -0.00752890
v 0.03620284 0.03875362 -0.00753027
v 0.03358542 0.03734582 -0.00793040
v 0.03363174 0.03754574 -0.00791788
v 0.03282171 0.03755044 -0.00814253
v 0.03595185 0.03170967 -0.00859940
v 0.03619468 0.03164994 -0.00859940
v 0.03623616 0.03180491 -0.00853759
v 0.03694236 0.03471606 -0.00769251
v 0.03715419 0.03523099 -0.00759959
v 0.03714823 0.03573703 -0.00753027
v 0.03728431 0.03571653 -0.00753003
v 0.03736340 0.03601187 -0.00749510
v 0.03664219 0.03332024 -0.00802350
v 0.03674149 0.03369069 -0.00792217
v 0.03673917 0.03370839 -0.00791788
v 0.03694695 0.03445744 -0.00774193
v 0.03701281 0.03470325 -0.00769246
v 0.03659725 0.03480857 -0.00769251
v 0.03646397 0.03458684 -0.00774193
v 0.03626936 0.03383427 -0.00791788
v 0.03625851 0.03382009 -0.00792217
v 0.03615927 0.03344964 -0.00802350
v 0.03688049 0.03614127 -0.00749510
v 0.03680133 0.03584593 -0.00753003
v 0.03692942 0.03579568 -0.00753027
v 0.03667122 0.03536045 -0.00759959
v 0.03652983 0.03483265 -0.00769246
v 0.03684377 0.03715080 -0.00743145
v 0.03626269 0.03662848 -0.00749731
v 0.03689342 0.03707075 -0.00743145
v 0.03629368 0.03662014 -0.00749510
v 0.03693348 0.03701925 -0.00743145
v 0.03640061 0.03648990 -0.00749510
v 0.03695267 0.03699755 -0.00743145
v 0.03653657 0.03635948 -0.00749510
v 0.03702068 0.03693234 -0.00743145
v 0.03668779 0.03624719 -0.00749510
v 0.03709626 0.03687620 -0.00743145
v 0.03685188 0.03615474 -0.00749510
v 0.03717833 0.03682994 -0.00743145
v 0.03680455 0.03723645 -0.00743145
v 0.03591382 0.03672194 -0.00752646
v 0.03595316 0.03671139 -0.00752276
v 0.03603464 0.03720718 -0.00749510
v 0.03572481 0.03729021 -0.00752890
v 0.03575307 0.03707492 -0.00753027
v 0.03525841 0.03741520 -0.00759149
v 0.03562331 0.03679978 -0.00755715
v 0.03582078 0.03685879 -0.00753027
v 0.03553050 0.03682464 -0.00756812
v 0.03476327 0.03703022 -0.00768089
v 0.03465968 0.03753501 -0.00769251
v 0.03399801 0.03723526 -0.00783235
v 0.03467839 0.03717815 -0.00769251
v 0.03257668 0.03813374 -0.00823158
v 0.03206491 0.03775328 -0.00839293
v 0.03182196 0.03833597 -0.00850117
v 0.03171122 0.03829878 -0.00854063
v 0.03172045 0.03836321 -0.00854057
v 0.03157228 0.03840291 -0.00859940
v 0.03156024 0.03831946 -0.00859940
v 0.03152757 0.03802812 -0.00859940
v 0.03151774 0.03789985 -0.00859940
v 0.03448629 0.03762209 -0.00772637
v 0.03371977 0.03782749 -0.00789934
v 0.03333854 0.03792959 -0.00800014
v 0.03690266 0.03795236 -0.00743145
v 0.03619796 0.03824156 -0.00749510
v 0.03685134 0.03787338 -0.00743145
v 0.03611594 0.03807193 -0.00749510
v 0.03681033 0.03778856 -0.00743145
v 0.03605586 0.03789341 -0.00749510
v 0.03678029 0.03769934 -0.00743145
v 0.03601861 0.03770875 -0.00749510
v 0.03676170 0.03760701 -0.00743145
v 0.03600484 0.03752088 -0.00749510
v 0.03675478 0.03751307 -0.00743145
v 0.03601467 0.03733277 -0.00749510
v 0.03675973 0.03741902 -0.00743145
v 0.03677642 0.03732627 -0.00743145
v 0.03696340 0.03802430 -0.00743145
v 0.03638058 0.03849834 -0.00749510
v 0.03630053 0.03839951 -0.00749510
v 0.03522056 0.03920161 -0.00769251
v 0.03502595 0.03890192 -0.00769251
v 0.03483223 0.03891319 -0.00772637
v 0.03292262 0.03942489 -0.00823158
v 0.03342646 0.03980749 -0.00814253
v 0.03419017 0.03960287 -0.00793040
v 0.03460276 0.03949230 -0.00783235
v 0.03216797 0.03962707 -0.00850117
v 0.03209060 0.03971469 -0.00854063
v 0.03206640 0.03965431 -0.00854057
v 0.03194952 0.03977227 -0.00859940
v 0.03191822 0.03969401 -0.00859940
v 0.03266966 0.04001027 -0.00839293
v 0.03212249 0.04015690 -0.00859940
v 0.03206688 0.04004091 -0.00859940
v 0.03536808 0.03928726 -0.00768089
v 0.03613525 0.03908169 -0.00756812
v 0.03703278 0.03808808 -0.00743145
v 0.03710955 0.03814262 -0.00743145
v 0.03655797 0.03896844 -0.00752276
v 0.03719252 0.03818714 -0.00743145
v 0.03686743 0.03888553 -0.00749731
v 0.03725296 0.03821170 -0.00743145
v 0.03705620 0.03893655 -0.00749510
v 0.03689843 0.03887718 -0.00749510
v 0.03728049 0.03822088 -0.00743145
v 0.03737193 0.03824335 -0.00743145
v 0.03723913 0.03898149 -0.00749510
v 0.03746551 0.03825414 -0.00743145
v 0.03742623 0.03900313 -0.00749510
v 0.03755968 0.03825318 -0.00743145
v 0.03761458 0.03900116 -0.00749510
v 0.03764605 0.03899854 -0.00749510
v 0.03806716 0.04029428 -0.00769251
v 0.03785532 0.03977936 -0.00759959
v 0.03786128 0.03927338 -0.00753027
v 0.03772521 0.03929388 -0.00753003
v 0.03836727 0.04169017 -0.00802350
v 0.03826802 0.04131972 -0.00792217
v 0.03827035 0.04130202 -0.00791788
v 0.03806257 0.04055291 -0.00774193
v 0.03799670 0.04030716 -0.00769246
v 0.03929781 0.04323101 -0.00859940
v 0.03841227 0.04020184 -0.00769251
v 0.03854554 0.04042351 -0.00774193
v 0.03874015 0.04117614 -0.00791788
v 0.03875100 0.04119032 -0.00792217
v 0.03885024 0.04156076 -0.00802350
v 0.03812903 0.03886914 -0.00749510
v 0.03820818 0.03916442 -0.00753003
v 0.03808009 0.03921473 -0.00753027
v 0.03833824 0.03964996 -0.00759959
v 0.03847968 0.04017776 -0.00769246
v 0.03774398 0.03821605 -0.00743145
v 0.03783118 0.03818041 -0.00743145
v 0.03815758 0.03885567 -0.00749510
v 0.03791320 0.03813421 -0.00743145
v 0.03832173 0.03876322 -0.00749510
v 0.03794312 0.03811371 -0.00743145
v 0.03847295 0.03865087 -0.00749510
v 0.03798884 0.03807806 -0.00743145
v 0.03805685 0.03801286 -0.00743145
v 0.03816574 0.03785961 -0.00743145
v 0.03874683 0.03838193 -0.00749731
v 0.03811609 0.03793966 -0.00743145
v 0.03871583 0.03839021 -0.00749510
v 0.03860890 0.03852051 -0.00749510
v 0.03897488 0.03780317 -0.00749510
v 0.03928464 0.03772020 -0.00752890
v 0.03925645 0.03793543 -0.00753027
v 0.03975105 0.03759521 -0.00759149
v 0.04024618 0.03798019 -0.00768089
v 0.03947901 0.03818571 -0.00756812
v 0.03918868 0.03815162 -0.00753027
v 0.03938615 0.03821063 -0.00755715
v 0.03909569 0.03828847 -0.00752646
v 0.04034984 0.03747540 -0.00769251
v 0.04101151 0.03777509 -0.00783235
v 0.04033112 0.03783220 -0.00769251
v 0.04243284 0.03687661 -0.00823158
v 0.04294461 0.03725713 -0.00839293
v 0.04318749 0.03667443 -0.00850117
v 0.04329830 0.03671157 -0.00854063
v 0.04328906 0.03664720 -0.00854057
v 0.04343724 0.03660750 -0.00859940
v 0.04344922 0.03669089 -0.00859940
v 0.04348194 0.03698223 -0.00859940
v 0.04349178 0.03711050 -0.00859940
v 0.04052323 0.03738832 -0.00772637
v 0.04128974 0.03718292 -0.00789934
v 0.04167097 0.03708076 -0.00800014
v 0.03823310 0.03768408 -0.00743145
v 0.03819912 0.03722178 -0.00743145
v 0.03895366 0.03711694 -0.00749510
v 0.03822916 0.03731107 -0.00743145
v 0.03899085 0.03730159 -0.00749510
v 0.03824782 0.03740340 -0.00743145
v 0.03899604 0.03734368 -0.00749510
v 0.03900468 0.03748947 -0.00749510
v 0.03810685 0.03705805 -0.00743145
v 0.03881156 0.03676885 -0.00749510
v 0.03815817 0.03713703 -0.00743145
v 0.03887701 0.03689938 -0.00749510
v 0.03889358 0.03693842 -0.00749510
v 0.03804606 0.03698611 -0.00743145
v 0.03862887 0.03651207 -0.00749510
v 0.03870898 0.03661084 -0.00749510
v 0.03978896 0.03580880 -0.00769251
v 0.03998357 0.03610843 -0.00769251
v 0.04017722 0.03609716 -0.00772637
v 0.04208689 0.03558552 -0.00823158
v 0.04158300 0.03520286 -0.00814253
v 0.04081928 0.03540754 -0.00793040
v 0.04040676 0.03551805 -0.00783235
v 0.04284155 0.03538328 -0.00850117
v 0.04291892 0.03529572 -0.00854063
v 0.04294312 0.03535610 -0.00854057
v 0.04306000 0.03523814 -0.00859940
v 0.04309123 0.03531640 -0.00859940
v 0.04233980 0.03500008 -0.00839293
v 0.04288697 0.03485351 -0.00859940
v 0.04294258 0.03496950 -0.00859940
v 0.03964143 0.03572314 -0.00768089
v 0.03887420 0.03592872 -0.00756812
v 0.03795331 0.03607386 -0.00749510
v 0.03811103 0.03613317 -0.00749510
v 0.03781694 0.03682327 -0.00743145
v 0.03814208 0.03612488 -0.00749731
v 0.03845155 0.03604197 -0.00752276
v 0.03772902 0.03678953 -0.00743145
v 0.03763759 0.03676706 -0.00743145
v 0.03777039 0.03602892 -0.00749510
v 0.03758013 0.03675901 -0.00743145
v 0.03820496 0.03777396 -0.00743145
v 0.03817570 0.03784030 -0.00743145
v 0.03905636 0.03829902 -0.00752276
v 0.03765296 0.03824037 -0.00743145
v 0.03722470 0.03680944 -0.00743145
v 0.03726553 0.03679436 -0.00743145
v 0.03735649 0.03676998 -0.00743145
v 0.03797674 0.03692233 -0.00743145
v 0.03791826 0.03687947 -0.00743145
v 0.03789997 0.03686779 -0.00743145
v 0.03761011 0.03824776 -0.00743145
v 0.03852713 0.04228675 -0.00820655
v 0.03901010 0.04215735 -0.00820655
v 0.03857129 0.04245144 -0.00826144
v 0.03905421 0.04232203 -0.00826144
v 0.03925627 0.04307603 -0.00853759
v 0.03571170 0.03177940 -0.00859940
v 0.03575325 0.03193438 -0.00853759
v 0.03595525 0.03268837 -0.00826144
v 0.03643822 0.03255897 -0.00826144
v 0.03599941 0.03285306 -0.00820655
v 0.03648233 0.03272366 -0.00820655
v 0.03739488 0.03600925 -0.00749510
v 0.03960818 0.03573203 -0.00795013
v 0.03960222 0.03592228 -0.00792676
v 0.04036039 0.03553050 -0.00810492
v 0.03327757 0.03742831 -0.00830096
v 0.03383308 0.03728914 -0.00815487
v 0.03404432 0.03722286 -0.00810492
v 0.03598213 0.03722125 -0.00775993
v 0.03596502 0.03721386 -0.00776219
v 0.03561705 0.03731912 -0.00780642
v 0.03596299 0.03861021 -0.00780642
v 0.03631699 0.03852736 -0.00776219
v 0.03632807 0.03851240 -0.00775993
v 0.03554129 0.03924083 -0.00792545
v 0.03551298 0.03921920 -0.00792676
v 0.03545051 0.03926515 -0.00794130
v 0.03756082 0.03900414 -0.00775397
v 0.03821063 0.03917372 -0.00779438
v 0.03814655 0.03893452 -0.00776219
v 0.03795862 0.03900510 -0.00776219
v 0.04173189 0.03758209 -0.00830096
v 0.04118269 0.03748553 -0.00815487
v 0.04096513 0.03778755 -0.00810492
v 0.04243665 0.03687560 -0.00852865
v 0.04320353 0.03673946 -0.00880438
v 0.04319417 0.03667265 -0.00880438
v 0.03900474 0.03749716 -0.00775397
v 0.04284822 0.03538149 -0.00880438
v 0.04282289 0.03531897 -0.00880438
v 0.04209071 0.03558450 -0.00852865
v 0.04264056 0.03491950 -0.00880438
v 0.04188734 0.03512132 -0.00853425
v 0.04184412 0.03565055 -0.00844735
v 0.04161757 0.03519362 -0.00844699
v 0.04132533 0.03578954 -0.00828981
v 0.04112714 0.03532505 -0.00830096
v 0.04082411 0.03592383 -0.00815457
v 0.04069977 0.03568321 -0.00815487
v 0.04055225 0.03599673 -0.00808817
v 0.03982055 0.03619277 -0.00793314
v 0.03904646 0.03640019 -0.00780642
v 0.03886914 0.03593003 -0.00783425
v 0.03870207 0.03660160 -0.00775397
v 0.03880774 0.03676217 -0.00775397
v 0.03889209 0.03693485 -0.00775397
v 0.03895366 0.03711694 -0.00775397
v 0.03899139 0.03730541 -0.00775397
v 0.03897488 0.03780317 -0.00775397
v 0.03899341 0.03768908 -0.00775397
v 0.04016649 0.03748387 -0.00793314
v 0.03939247 0.03769129 -0.00780642
v 0.04011267 0.03782731 -0.00792676
v 0.03947395 0.03818708 -0.00783425
v 0.04021292 0.03798907 -0.00795013
v 0.04089820 0.03728783 -0.00808817
v 0.04324537 0.03717654 -0.00880438
v 0.04249209 0.03737837 -0.00853425
v 0.04222232 0.03745067 -0.00844699
v 0.04219007 0.03694164 -0.00844735
v 0.04167133 0.03708070 -0.00828981
v 0.04117012 0.03721499 -0.00815457
v 0.03879624 0.03836870 -0.00776052
v 0.03901672 0.03830963 -0.00778097
v 0.03887426 0.03826689 -0.00776219
v 0.03935086 0.03822004 -0.00781852
v 0.03896039 0.03808552 -0.00776219
v 0.03902268 0.03789460 -0.00776219
v 0.03871583 0.03839021 -0.00775397
v 0.03871166 0.03839594 -0.00775397
v 0.03858780 0.03854292 -0.00775397
v 0.03844624 0.03867292 -0.00775397
v 0.03828918 0.03878372 -0.00775397
v 0.03812903 0.03886914 -0.00775397
v 0.03842228 0.03996366 -0.00792605
v 0.03826588 0.04002028 -0.00792676
v 0.03857004 0.04102551 -0.00815487
v 0.03861588 0.04068595 -0.00808096
v 0.03887176 0.04202252 -0.00844753
v 0.03882384 0.04146212 -0.00828499
v 0.03869593 0.04098480 -0.00815487
v 0.03923302 0.04298931 -0.00880438
v 0.03902953 0.04222989 -0.00852621
v 0.03896605 0.04199284 -0.00844753
v 0.03848308 0.04212230 -0.00844753
v 0.03854656 0.04235929 -0.00852621
v 0.03917020 0.04300874 -0.00880438
v 0.03875005 0.04311871 -0.00880438
v 0.03834086 0.04159152 -0.00828499
v 0.03821295 0.04111421 -0.00815487
v 0.03793936 0.04009306 -0.00792605
v 0.03813290 0.04081535 -0.00808096
v 0.03776311 0.03905081 -0.00776219
v 0.03772765 0.03930312 -0.00779438
v 0.03764605 0.03899854 -0.00775397
v 0.03736871 0.03899902 -0.00775397
v 0.03717881 0.03896933 -0.00775397
v 0.03699421 0.03891563 -0.00775397
v 0.03689843 0.03887718 -0.00775397
v 0.03681802 0.03889876 -0.00776052
v 0.03678739 0.03889840 -0.00776219
v 0.03661507 0.03879523 -0.00776219
v 0.03675693 0.03891509 -0.00776583
v 0.03643256 0.03900206 -0.00779855
v 0.03614032 0.03908032 -0.00783425
v 0.03645741 0.03867083 -0.00776219
v 0.03605723 0.03910261 -0.00784546
v 0.03540134 0.03927832 -0.00795013
v 0.03531020 0.03895044 -0.00792676
v 0.03464913 0.03947991 -0.00810492
v 0.03326350 0.03957569 -0.00844753
v 0.03233760 0.04002767 -0.00880438
v 0.03236889 0.04009085 -0.00880438
v 0.03443300 0.03952813 -0.00815487
v 0.03388237 0.03968536 -0.00830096
v 0.03419953 0.03911870 -0.00815487
v 0.03339195 0.03981673 -0.00844699
v 0.03312218 0.03988903 -0.00853425
v 0.03291881 0.03942590 -0.00852865
v 0.03216129 0.03962886 -0.00880438
v 0.03230565 0.03996121 -0.00880438
v 0.03445726 0.03901368 -0.00808817
v 0.03368413 0.03922080 -0.00828981
v 0.03316539 0.03935980 -0.00844735
v 0.03518897 0.03881764 -0.00793314
v 0.03638058 0.03849834 -0.00775397
v 0.03636777 0.03848361 -0.00775397
v 0.03625202 0.03833019 -0.00775397
v 0.03615677 0.03816324 -0.00775397
v 0.03608369 0.03798544 -0.00775397
v 0.03603398 0.03779977 -0.00775397
v 0.03601348 0.03766667 -0.00775397
v 0.03600835 0.03760927 -0.00775397
v 0.03600734 0.03741711 -0.00775397
v 0.03603088 0.03722631 -0.00775397
v 0.03601491 0.03701937 -0.00776219
v 0.03603464 0.03720718 -0.00775397
v 0.03279644 0.03783273 -0.00844753
v 0.03278720 0.03755974 -0.00844699
v 0.03251743 0.03763198 -0.00853425
v 0.03181535 0.03833776 -0.00880438
v 0.03257280 0.03813481 -0.00852865
v 0.03177422 0.03797775 -0.00880438
v 0.03176862 0.03790426 -0.00880438
v 0.03176414 0.03783386 -0.00880438
v 0.03383564 0.03776043 -0.00815487
v 0.03545248 0.03684556 -0.00784546
v 0.03493648 0.03698378 -0.00792545
v 0.03492283 0.03701668 -0.00792676
v 0.03484576 0.03700810 -0.00794130
v 0.03488159 0.03735083 -0.00792676
v 0.03479653 0.03702133 -0.00795013
v 0.03281944 0.03806871 -0.00844735
v 0.03333818 0.03792971 -0.00828981
v 0.03411132 0.03772258 -0.00808817
v 0.03484302 0.03752648 -0.00793314
v 0.03553557 0.03682327 -0.00783425
v 0.03582775 0.03674501 -0.00779855
v 0.03608930 0.03683280 -0.00776219
v 0.03615218 0.03665804 -0.00776583
v 0.03618687 0.03665733 -0.00776219
v 0.03621327 0.03664171 -0.00776052
v 0.03635740 0.03653895 -0.00775397
v 0.03629368 0.03662014 -0.00775397
v 0.03649038 0.03640019 -0.00775397
v 0.03663998 0.03627955 -0.00775397
v 0.03680384 0.03617900 -0.00775397
v 0.03688049 0.03614127 -0.00775397
v 0.03695571 0.03603750 -0.00776219
v 0.03658717 0.03504675 -0.00792605
v 0.03679883 0.03583669 -0.00779438
v 0.03714787 0.03597933 -0.00776219
v 0.03690636 0.03494650 -0.00792676
v 0.03639364 0.03432440 -0.00808096
v 0.03666716 0.03392386 -0.00815487
v 0.03631359 0.03402560 -0.00815487
v 0.03577649 0.03202110 -0.00880438
v 0.03597998 0.03278052 -0.00852621
v 0.03642994 0.03290951 -0.00844753
v 0.03604346 0.03301751 -0.00844753
v 0.03618568 0.03354829 -0.00828499
v 0.03652644 0.03288811 -0.00844753
v 0.03646290 0.03265112 -0.00852621
v 0.03619533 0.03190630 -0.00880438
v 0.03625941 0.03189164 -0.00880438
v 0.03666865 0.03341889 -0.00828499
v 0.03679656 0.03389620 -0.00815487
v 0.03734588 0.03594648 -0.00776219
v 0.03734332 0.03593671 -0.00776344
v 0.03728181 0.03570729 -0.00779438
v 0.03707015 0.03491735 -0.00792605
v 0.03687661 0.03419500 -0.00808096
v 0.03773623 0.03602313 -0.00775397
v 0.03754484 0.03600573 -0.00775397
v 0.03792387 0.03606492 -0.00775397
v 0.03811103 0.03613317 -0.00775397
v 0.03810459 0.03613036 -0.00775397
v 0.03819149 0.03611165 -0.00776052
v 0.03830993 0.03616082 -0.00776219
v 0.03841197 0.03605258 -0.00778097
v 0.03847521 0.03627485 -0.00776219
v 0.03874611 0.03596305 -0.00781852
v 0.03862458 0.03640902 -0.00776219
v 0.03862887 0.03651207 -0.00775397
v 0.03736340 0.03601187 -0.00775397
v 0.04309123 0.03531640 -0.00889999
v 0.04294258 0.03496950 -0.01239943
v 0.04330033 0.03595227 -0.00889999
v 0.04330033 0.03595227 -0.01239943
v 0.04343724 0.03660750 -0.00889999
v 0.04348194 0.03698223 -0.01239943
v 0.04348194 0.03802812 -0.00889999
v 0.04349178 0.03711050 -0.00889999
v 0.04348194 0.03802812 -0.01239943
v 0.04330033 0.03905808 -0.01239943
v 0.04330033 0.03905808 -0.00889999
v 0.04294258 0.04004091 -0.01239943
v 0.04294258 0.04004091 -0.00889999
v 0.04241967 0.04094666 -0.01239943
v 0.04241967 0.04094666 -0.00889999
v 0.04174739 0.04174786 -0.01239943
v 0.04174739 0.04174786 -0.00889999
v 0.04094618 0.04242008 -0.01239943
v 0.04094618 0.04242008 -0.00889999
v 0.04004043 0.04294306 -0.01239943
v 0.04004043 0.04294306 -0.00889999
v 0.03929781 0.04323101 -0.00889999
v 0.03802770 0.04348236 -0.00889999
v 0.03881484 0.04336041 -0.00889999
v 0.03905767 0.04330074 -0.01239943
v 0.03258985 0.04094666 -0.01239943
v 0.03326213 0.04174786 -0.00889999
v 0.03326213 0.04174786 -0.01239943
v 0.03406327 0.04242008 -0.00889999
v 0.03406327 0.04242008 -0.01239943
v 0.03496903 0.04294306 -0.00889999
v 0.03496903 0.04294306 -0.01239943
v 0.03595185 0.04330074 -0.00889999
v 0.03595185 0.04330074 -0.01239943
v 0.03698182 0.04348236 -0.00889999
v 0.03698182 0.04348236 -0.01239943
v 0.03802770 0.04348236 -0.01239943
v 0.03212249 0.04015690 -0.00889999
v 0.03206688 0.04004091 -0.01239943
v 0.03258985 0.04094666 -0.00889999
v 0.03191822 0.03969401 -0.00889999
v 0.03170919 0.03905808 -0.00889999
v 0.03170919 0.03905808 -0.01239943
v 0.03157228 0.03840291 -0.00889999
v 0.03152757 0.03802812 -0.01239943
v 0.03152757 0.03698223 -0.00889999
v 0.03151774 0.03789985 -0.00889999
v 0.03152757 0.03698223 -0.01239943
v 0.03170919 0.03595227 -0.01239943
v 0.03170919 0.03595227 -0.00889999
v 0.03206688 0.03496950 -0.01239943
v 0.03206688 0.03496950 -0.00889999
v 0.03258985 0.03406375 -0.01239943
v 0.03258985 0.03406375 -0.00889999
v 0.03326213 0.03326255 -0.01239943
v 0.03326213 0.03326255 -0.00889999
v 0.03406327 0.03259027 -0.01239943
v 0.03406327 0.03259027 -0.00889999
v 0.03496903 0.03206735 -0.01239943
v 0.03496903 0.03206735 -0.00889999
v 0.03571170 0.03177940 -0.00889999
v 0.03698182 0.03152805 -0.00889999
v 0.03619468 0.03164994 -0.00889999
v 0.03595185 0.03170967 -0.01239943
v 0.04241967 0.03406375 -0.01239943
v 0.04174739 0.03326255 -0.00889999
v 0.04174739 0.03326255 -0.01239943
v 0.04094618 0.03259027 -0.00889999
v 0.04094618 0.03259027 -0.01239943
v 0.04004043 0.03206735 -0.00889999
v 0.04004043 0.03206735 -0.01239943
v 0.03905767 0.03170967 -0.00889999
v 0.03905767 0.03170967 -0.01239943
v 0.03802770 0.03152805 -0.00889999
v 0.03802770 0.03152805 -0.01239943
v 0.03698182 0.03152805 -0.01239943
v 0.04288697 0.03485351 -0.00889999
v 0.04241967 0.03406375 -0.00889999
v 0.04316985 0.03652083 -0.01239943
v 0.04290306 0.03552514 -0.01239943
v 0.04246276 0.03459304 -0.01239943
v 0.04186308 0.03375452 -0.01239943
v 0.04112333 0.03303658 -0.01239943
v 0.04026728 0.03246229 -0.01239943
v 0.03932243 0.03205007 -0.01239943
v 0.03831917 0.03181314 -0.01239943
v 0.03728973 0.03175920 -0.01239943
v 0.03626722 0.03188997 -0.01239943
v 0.03528445 0.03220117 -0.01239943
v 0.03437310 0.03268283 -0.01239943
v 0.03356236 0.03331953 -0.01239943
v 0.03287833 0.03409075 -0.01239943
v 0.03234297 0.03497171 -0.01239943
v 0.03197354 0.03593409 -0.01239943
v 0.03178191 0.03694695 -0.01239943
v 0.03177422 0.03797775 -0.01239943
v 0.03195065 0.03899341 -0.01239943
v 0.03230565 0.03996121 -0.01239943
v 0.03282773 0.04085010 -0.01239943
v 0.03350019 0.04163146 -0.01239943
v 0.03430128 0.04228013 -0.01239943
v 0.03520536 0.04277545 -0.01239943
v 0.03618335 0.04310131 -0.01239943
v 0.03720384 0.04324734 -0.01239943
v 0.03823393 0.04320877 -0.01239943
v 0.03924065 0.04298692 -0.01239943
v 0.04019153 0.04258888 -0.01239943
v 0.04105609 0.04202741 -0.01239943
v 0.04180651 0.04132062 -0.01239943
v 0.04241865 0.04049122 -0.01239943
v 0.04287284 0.03956580 -0.01239943
v 0.04315453 0.03857421 -0.01239943
v 0.04325461 0.03754818 -0.01239943
v 0.03577649 0.03202110 -0.00889999
v 0.03625941 0.03189164 -0.00889999
v 0.03176414 0.03783386 -0.00889999
v 0.03528445 0.03220117 -0.00889999
v 0.03437310 0.03268283 -0.00889999
v 0.03356236 0.03331953 -0.00889999
v 0.03287833 0.03409075 -0.00889999
v 0.03234297 0.03497171 -0.00889999
v 0.03197354 0.03593409 -0.00889999
v 0.03178191 0.03694695 -0.00889999
v 0.03216129 0.03962886 -0.00889999
v 0.03181535 0.03833776 -0.00889999
v 0.03195065 0.03899341 -0.00889999
v 0.03875005 0.04311871 -0.00889999
v 0.03923302 0.04298931 -0.00889999
v 0.03236889 0.04009085 -0.00889999
v 0.03282773 0.04085010 -0.00889999
v 0.03350019 0.04163146 -0.00889999
v 0.03430128 0.04228013 -0.00889999
v 0.03520536 0.04277545 -0.00889999
v 0.03618335 0.04310131 -0.00889999
v 0.03720384 0.04324734 -0.00889999
v 0.03823393 0.04320877 -0.00889999
v 0.04324537 0.03717654 -0.00889999
v 0.04319417 0.03667265 -0.00889999
v 0.04316985 0.03652083 -0.00889999
v 0.04325461 0.03754818 -0.00889999
v 0.04315453 0.03857421 -0.00889999
v 0.04287284 0.03956580 -0.00889999
v 0.04241865 0.04049122 -0.00889999
v 0.04180651 0.04132062 -0.00889999
v 0.04105609 0.04202741 -0.00889999
v 0.04019153 0.04258888 -0.00889999
v 0.03924065 0.04298692 -0.00889999
v 0.04290306 0.03552514 -0.00889999
v 0.04284822 0.03538149 -0.00889999
v 0.03626722 0.03188997 -0.00889999
v 0.03728973 0.03175920 -0.00889999
v 0.03831917 0.03181314 -0.00889999
v 0.03932243 0.03205007 -0.00889999
v 0.04026728 0.03246229 -0.00889999
v 0.04112333 0.03303658 -0.00889999
v 0.04186308 0.03375452 -0.00889999
v 0.04246276 0.03459304 -0.00889999
v 0.04264056 0.03491950 -0.00889999
v 0.03822916 0.03731107 -0.00489998
v 0.03825461 0.03749006 -0.00489998
v 0.03750473 0.03750520 -0.00489998
v 0.03816169 0.03714334 -0.00489998
v 0.03722470 0.03680944 -0.00489998
v 0.03758013 0.03675901 -0.00489998
v 0.03791826 0.03687947 -0.00489998
v 0.03678029 0.03769934 -0.00489998
v 0.03677308 0.03734040 -0.00489998
v 0.03693348 0.03701925 -0.00489998
v 0.03761011 0.03824776 -0.00489998
v 0.03725296 0.03821170 -0.00489998
v 0.03695350 0.03801375 -0.00489998
v 0.03817570 0.03784030 -0.00489998
v 0.03794312 0.03811371 -0.00489998
v 0.04294294 0.03604805 -0.00889999
v 0.04310864 0.03696298 -0.01239943
v 0.04310864 0.03696298 -0.00889999
v 0.04312145 0.03789275 -0.01239943
v 0.04312145 0.03789275 -0.00889999
v 0.04298102 0.03881198 -0.01239943
v 0.04298102 0.03881198 -0.00889999
v 0.04269129 0.03969550 -0.01239943
v 0.04269129 0.03969550 -0.00889999
v 0.04226005 0.04051929 -0.01239943
v 0.04226005 0.04051929 -0.00889999
v 0.04169905 0.04126089 -0.01239943
v 0.04169905 0.04126089 -0.00889999
v 0.04102367 0.04190003 -0.01239943
v 0.04102367 0.04190003 -0.00889999
v 0.04025232 0.04241931 -0.01239943
v 0.04025232 0.04241931 -0.00889999
v 0.03940600 0.04280447 -0.01239943
v 0.03940600 0.04280447 -0.00889999
v 0.03850787 0.04304516 -0.01239943
v 0.03850787 0.04304516 -0.00889999
v 0.03758233 0.04313468 -0.01239943
v 0.03758233 0.04313468 -0.00889999
v 0.03665465 0.04307073 -0.01239943
v 0.03665465 0.04307073 -0.00889999
v 0.03575021 0.04285490 -0.01239943
v 0.03575021 0.04285490 -0.00889999
v 0.03489363 0.04249310 -0.01239943
v 0.03489363 0.04249310 -0.00889999
v 0.03410822 0.04199534 -0.01239943
v 0.03410822 0.04199534 -0.00889999
v 0.03341549 0.04137504 -0.01239943
v 0.03341549 0.04137504 -0.00889999
v 0.03283435 0.04064917 -0.01239943
v 0.03283435 0.04064917 -0.00889999
v 0.03238052 0.03983759 -0.01239943
v 0.03238052 0.03983759 -0.00889999
v 0.03206652 0.03896236 -0.01239943
v 0.03206652 0.03896236 -0.00889999
v 0.03190088 0.03804737 -0.01239943
v 0.03190088 0.03804737 -0.00889999
v 0.03188806 0.03711760 -0.01239943
v 0.03188806 0.03711760 -0.00889999
v 0.03202843 0.03619843 -0.01239943
v 0.03202843 0.03619843 -0.00889999
v 0.03231823 0.03531485 -0.01239943
v 0.03231823 0.03531485 -0.00889999
v 0.03274947 0.03449106 -0.01239943
v 0.03274947 0.03449106 -0.00889999
v 0.03331041 0.03374952 -0.01239943
v 0.03331041 0.03374952 -0.00889999
v 0.03398579 0.03311038 -0.01239943
v 0.03398579 0.03311038 -0.00889999
v 0.03475719 0.03259110 -0.01239943
v 0.03475719 0.03259110 -0.00889999
v 0.03560346 0.03220587 -0.01239943
v 0.03560346 0.03220587 -0.00889999
v 0.03650164 0.03196525 -0.01239943
v 0.03650164 0.03196525 -0.00889999
v 0.03742718 0.03187566 -0.01239943
v 0.03742718 0.03187566 -0.00889999
v 0.03835481 0.03193968 -0.01239943
v 0.03835481 0.03193968 -0.00889999
v 0.03925925 0.03215551 -0.01239943
v 0.03925925 0.03215551 -0.00889999
v 0.04011589 0.03251725 -0.01239943
v 0.04011589 0.03251725 -0.00889999
v 0.04090124 0.03301507 -0.01239943
v 0.04090124 0.03301507 -0.00889999
v 0.04159396 0.03363537 -0.01239943
v 0.04159396 0.03363537 -0.00889999
v 0.04217517 0.03436118 -0.01239943
v 0.04217517 0.03436118 -0.00889999
v 0.04262894 0.03517282 -0.01239943
v 0.04262894 0.03517282 -0.00889999
v 0.04294294 0.03604805 -0.01239943
v 0.03378105 0.03810787 -0.01239943
v 0.03397858 0.03884512 -0.01239943
v 0.03432053 0.03952747 -0.01239943
v 0.03479278 0.04012709 -0.01239943
v 0.03537607 0.04061931 -0.01239943
v 0.03450244 0.03522151 -0.01239943
v 0.03410416 0.03587263 -0.01239943
v 0.03384518 0.03659057 -0.01239943
v 0.03373599 0.03734594 -0.01239943
v 0.03604650 0.04098409 -0.01239943
v 0.03677666 0.04120641 -0.01239943
v 0.03753662 0.04127722 -0.01239943
v 0.03829526 0.04119360 -0.01239943
v 0.03902155 0.04095894 -0.01239943
v 0.04105299 0.03878533 -0.01239943
v 0.04123806 0.03804486 -0.01239943
v 0.04127031 0.03728234 -0.01239943
v 0.04114836 0.03652888 -0.01239943
v 0.04087722 0.03581541 -0.01239943
v 0.04046809 0.03517115 -0.01239943
v 0.03785467 0.03374934 -0.01239943
v 0.03709143 0.03375577 -0.01239943
v 0.03634518 0.03391569 -0.01239943
v 0.03564631 0.03422260 -0.01239943
v 0.03502357 0.03466391 -0.01239943
v 0.03993755 0.03462243 -0.01239943
v 0.03930747 0.03419166 -0.01239943
v 0.03860354 0.03389662 -0.01239943
v 0.03968572 0.04058295 -0.01239943
v 0.04026061 0.04008090 -0.01239943
v 0.04072266 0.03947341 -0.01239943
v 0.04114836 0.03652888 -0.00889999
v 0.04127031 0.03728234 -0.00889999
v 0.04123806 0.03804486 -0.00889999
v 0.04105299 0.03878533 -0.00889999
v 0.04072266 0.03947341 -0.00889999
v 0.04026061 0.04008090 -0.00889999
v 0.03968572 0.04058295 -0.00889999
v 0.03902155 0.04095894 -0.00889999
v 0.03829526 0.04119360 -0.00889999
v 0.03753662 0.04127722 -0.00889999
v 0.03677666 0.04120641 -0.00889999
v 0.03604650 0.04098409 -0.00889999
v 0.03537607 0.04061931 -0.00889999
v 0.03479278 0.04012709 -0.00889999
v 0.03432053 0.03952747 -0.00889999
v 0.03397858 0.03884512 -0.00889999
v 0.03378105 0.03810787 -0.00889999
v 0.03373599 0.03734594 -0.00889999
v 0.03384518 0.03659057 -0.00889999
v 0.03410416 0.03587263 -0.00889999
v 0.03450244 0.03522151 -0.00889999
v 0.03502357 0.03466391 -0.00889999
v 0.03564631 0.03422260 -0.00889999
v 0.03634518 0.03391569 -0.00889999
v 0.03709143 0.03375577 -0.00889999
v 0.03785467 0.03374934 -0.00889999
v 0.03860354 0.03389662 -0.00889999
v 0.03930747 0.03419166 -0.00889999
v 0.03993755 0.03462243 -0.00889999
v 0.04046809 0.03517115 -0.00889999
v 0.04087722 0.03581541 -0.00889999
v -0.03825467 0.03753322 -0.00767922
v -0.03824776 0.03761059 -0.00767922
v -0.03824776 0.03761059 -0.01239997
v -0.03727269 0.03679215 -0.00767922
v -0.03734040 0.03677350 -0.00767922
v -0.03734040 0.03677350 -0.01239997
v -0.03736579 0.03676825 -0.00767922
v -0.03746116 0.03675651 -0.00767922
v -0.03755724 0.03675699 -0.00767922
v -0.03769934 0.03678077 -0.01239997
v -0.03718340 0.03682774 -0.00767922
v -0.03701925 0.03693389 -0.01239997
v -0.03709942 0.03687447 -0.00767922
v -0.03680944 0.03722518 -0.01239997
v -0.03680944 0.03722518 -0.00767922
v -0.03684210 0.03715473 -0.00767922
v -0.03689235 0.03707283 -0.00767922
v -0.03695267 0.03699803 -0.00767922
v -0.03702211 0.03693151 -0.00767922
v -0.03675901 0.03758060 -0.01239997
v -0.03675901 0.03758060 -0.00767922
v -0.03675544 0.03752523 -0.00767922
v -0.03675907 0.03742921 -0.00767922
v -0.03677493 0.03733438 -0.00767922
v -0.03680276 0.03724241 -0.00767922
v -0.03691631 0.03796964 -0.00767922
v -0.03687947 0.03791874 -0.00767922
v -0.03687947 0.03791874 -0.01239997
v -0.03686177 0.03789055 -0.00767922
v -0.03681778 0.03780514 -0.00767922
v -0.03678506 0.03771477 -0.00767922
v -0.03676420 0.03762096 -0.00767922
v -0.03698056 0.03804117 -0.00767922
v -0.03714334 0.03816211 -0.01239997
v -0.03705340 0.03810387 -0.00767922
v -0.03749006 0.03825503 -0.01239997
v -0.03749006 0.03825503 -0.00767922
v -0.03740531 0.03824853 -0.00767922
v -0.03731107 0.03822964 -0.01239997
v -0.03731107 0.03822964 -0.00767922
v -0.03722006 0.03819888 -0.00767922
v -0.03713369 0.03815668 -0.00767922
v -0.03784030 0.03817617 -0.01239997
v -0.03784030 0.03817617 -0.00767922
v -0.03778290 0.03820186 -0.00767922
v -0.03769153 0.03823167 -0.00767922
v -0.03759711 0.03824955 -0.00767922
v -0.03750121 0.03825521 -0.00767922
v -0.03811371 0.03794360 -0.01239997
v -0.03811371 0.03794360 -0.00767922
v -0.03808903 0.03797596 -0.00767922
v -0.03802406 0.03804671 -0.00767922
v -0.03795057 0.03810864 -0.00767922
v -0.03786975 0.03816062 -0.00767922
v -0.03824496 0.03762882 -0.00767922
v -0.03822302 0.03772240 -0.00767922
v -0.03818935 0.03781247 -0.00767922
v -0.03814446 0.03789740 -0.00767922
v -0.03825211 0.03743720 -0.00767922
v -0.03821170 0.03725343 -0.01239997
v -0.03823727 0.03734219 -0.00767922
v -0.03801375 0.03695392 -0.01239997
v -0.03801375 0.03695392 -0.00767922
v -0.03806310 0.03700393 -0.00767922
v -0.03812259 0.03707939 -0.00767922
v -0.03817200 0.03716182 -0.00767922
v -0.03821045 0.03724992 -0.00767922
v -0.03765249 0.03676980 -0.00767922
v -0.03769934 0.03678077 -0.00767922
v -0.03774535 0.03679466 -0.00767922
v -0.03783422 0.03683120 -0.00767922
v -0.03791767 0.03687882 -0.00767922
v -0.03799438 0.03693670 -0.00767922
v -0.03680312 0.03510487 -0.01439994
v -0.03747671 0.03500449 -0.01439994
v -0.03678774 0.03462833 -0.01439994
v -0.03547859 0.03897058 -0.01439994
v -0.03537249 0.03956496 -0.01439994
v -0.03594911 0.03946298 -0.01439994
v -0.03586447 0.03997486 -0.01439994
v -0.03653502 0.03981024 -0.01439994
v -0.03643304 0.04026955 -0.01439994
v -0.03449881 0.03768312 -0.01439994
v -0.03462833 0.03678774 -0.01439994
v -0.03416383 0.03767639 -0.01439994
v -0.03394556 0.03697067 -0.01439994
v -0.03386408 0.03782612 -0.01439994
v -0.03925466 0.04022461 -0.01439994
v -0.03914219 0.03990900 -0.01439994
v -0.03852760 0.03978753 -0.01439994
v -0.03994780 0.03696852 -0.01439994
v -0.04000204 0.03764742 -0.01439994
v -0.04046434 0.03769123 -0.01439994
v -0.03618156 0.03538334 -0.01439994
v -0.03910547 0.03942710 -0.01439994
v -0.04035538 0.03832226 -0.01439994
v -0.03987109 0.03831583 -0.01439994
v -0.03956460 0.03892403 -0.01439994
v -0.03878021 0.03535372 -0.01439994
v -0.03867208 0.03494387 -0.01439994
v -0.03834521 0.03501749 -0.01439994
v -0.03349304 0.03718167 -0.01439994
v -0.03314000 0.03753471 -0.01439994
v -0.03366827 0.03809797 -0.01439994
v -0.03292900 0.03798723 -0.01439994
v -0.03362119 0.03842967 -0.01439994
v -0.03288549 0.03848457 -0.01439994
v -0.03373366 0.03874528 -0.01439994
v -0.03923106 0.04114156 -0.01439994
v -0.03971338 0.04127079 -0.01439994
v -0.03982454 0.04053848 -0.01439994
v -0.04021072 0.04122728 -0.01439994
v -0.04015141 0.04046487 -0.01439994
v -0.04066324 0.04101628 -0.01439994
v -0.04040664 0.04024779 -0.01439994
v -0.04101628 0.04066324 -0.01439994
v -0.04053169 0.03993701 -0.01439994
v -0.03854048 0.03364151 -0.01439994
v -0.03848457 0.03288549 -0.01439994
v -0.03820550 0.03363472 -0.01439994
v -0.03798723 0.03292900 -0.01439994
v -0.03790575 0.03378444 -0.01439994
v -0.03463041 0.03898555 -0.01439994
v -0.03430354 0.03905916 -0.01439994
v -0.03419232 0.03979146 -0.01439994
v -0.03413647 0.03903543 -0.01439994
v -0.03371006 0.03966224 -0.01439994
v -0.03397989 0.03897243 -0.01439994
v -0.03330111 0.03937584 -0.01439994
v -0.03301471 0.03896689 -0.01439994
v -0.03618675 0.03484946 -0.01439994
v -0.03564727 0.03519445 -0.01439994
v -0.03565812 0.03581911 -0.01439994
v -0.03519445 0.03564727 -0.01439994
v -0.03527176 0.03637999 -0.01439994
v -0.03484946 0.03618675 -0.01439994
v -0.03505098 0.03702425 -0.01439994
v -0.03501224 0.03770422 -0.01439994
v -0.03479230 0.03784477 -0.01439994
v -0.03497701 0.03812432 -0.01439994
v -0.03515839 0.03836947 -0.01439994
v -0.03501069 0.03845763 -0.01439994
v -0.03488558 0.03876847 -0.01439994
v -0.03468972 0.03974795 -0.01439994
v -0.03965747 0.04051482 -0.01439994
v -0.03950095 0.04045176 -0.01439994
v -0.03882211 0.04085522 -0.01439994
v -0.03832226 0.04035538 -0.01439994
v -0.03769123 0.04046434 -0.01439994
v -0.03787392 0.03997874 -0.01439994
v -0.03705155 0.04043531 -0.01439994
v -0.03719288 0.03998649 -0.01439994
v -0.03685790 0.03992086 -0.01439994
v -0.03918927 0.03957730 -0.01439994
v -0.03938513 0.03930544 -0.01439994
v -0.03968483 0.03915578 -0.01439994
v -0.04001981 0.03916251 -0.01439994
v -0.04085522 0.03882211 -0.01439994
v -0.04031330 0.03932416 -0.01439994
v -0.04114156 0.03923106 -0.01439994
v -0.04049801 0.03960365 -0.01439994
v -0.04127079 0.03971338 -0.01439994
v -0.04122728 0.04021072 -0.01439994
v -0.03777533 0.03470361 -0.01439994
v -0.03766286 0.03438800 -0.01439994
v -0.03697067 0.03394556 -0.01439994
v -0.03770989 0.03405630 -0.01439994
v -0.03718167 0.03349304 -0.01439994
v -0.03753471 0.03314000 -0.01439994
v -0.03815245 0.03508955 -0.01439994
v -0.03817814 0.03499376 -0.01439994
v -0.03802156 0.03493076 -0.01439994
v -0.03905236 0.03441601 -0.01439994
v -0.03979146 0.03419232 -0.01439994
v -0.03901869 0.03408265 -0.01439994
v -0.03966224 0.03371006 -0.01439994
v -0.03883391 0.03380316 -0.01439994
v -0.03937584 0.03330111 -0.01439994
v -0.03896689 0.03301471 -0.01439994
v -0.03892725 0.03472679 -0.01439994
v -0.03956496 0.03537249 -0.01439994
v -0.03974795 0.03468972 -0.01439994
v -0.04043531 0.03705155 -0.01439994
v -0.04026955 0.03643304 -0.01439994
v -0.03971248 0.03632944 -0.01439994
v -0.03997486 0.03586447 -0.01439994
v -0.03931337 0.03577750 -0.01439994
v -0.04001981 0.03916251 -0.01539999
v -0.04035538 0.03832226 -0.01539999
v -0.04031330 0.03932416 -0.01539999
v -0.04049801 0.03960365 -0.01539999
v -0.04085522 0.03882211 -0.01539999
v -0.04114156 0.03923106 -0.01539999
v -0.04127079 0.03971338 -0.01539999
v -0.03997486 0.03586447 -0.01539999
v -0.04026955 0.03643304 -0.01539999
v -0.03968483 0.03915578 -0.01539999
v -0.04043531 0.03705155 -0.01539999
v -0.04046434 0.03769123 -0.01539999
v -0.03938513 0.03930544 -0.01539999
v -0.03918927 0.03957730 -0.01539999
v -0.03832226 0.04035538 -0.01539999
v -0.03914219 0.03990900 -0.01539999
v -0.03882211 0.04085522 -0.01539999
v -0.03925466 0.04022461 -0.01539999
v -0.03923106 0.04114156 -0.01539999
v -0.03770989 0.03405630 -0.01539999
v -0.03766286 0.03438800 -0.01539999
v -0.03678774 0.03462833 -0.01539999
v -0.03777533 0.03470361 -0.01539999
v -0.03802156 0.03493076 -0.01539999
v -0.03794521 0.03586310 -0.01539999
v -0.03817814 0.03499376 -0.01539999
v -0.03845453 0.03609496 -0.01539999
v -0.03834521 0.03501749 -0.01539999
v -0.03886097 0.03647959 -0.01539999
v -0.03867208 0.03494387 -0.01539999
v -0.03912055 0.03697544 -0.01539999
v -0.03956496 0.03537249 -0.01539999
v -0.03892725 0.03472679 -0.01539999
v -0.03974795 0.03468972 -0.01539999
v -0.03905236 0.03441601 -0.01539999
v -0.03979146 0.03419232 -0.01539999
v -0.03901869 0.03408265 -0.01539999
v -0.03820550 0.03363472 -0.01539999
v -0.03848457 0.03288549 -0.01539999
v -0.03854048 0.03364151 -0.01539999
v -0.03896689 0.03301471 -0.01539999
v -0.03883391 0.03380316 -0.01539999
v -0.03937584 0.03330111 -0.01539999
v -0.03966224 0.03371006 -0.01539999
v -0.03582471 0.03776186 -0.01539999
v -0.03537249 0.03956496 -0.01539999
v -0.03583240 0.03720229 -0.01539999
v -0.03501069 0.03845763 -0.01539999
v -0.03602141 0.03667557 -0.01539999
v -0.03497701 0.03812432 -0.01539999
v -0.03479230 0.03784477 -0.01539999
v -0.03697067 0.03394556 -0.01539999
v -0.03718167 0.03349304 -0.01539999
v -0.03790575 0.03378444 -0.01539999
v -0.03753471 0.03314000 -0.01539999
v -0.03798723 0.03292900 -0.01539999
v -0.04053169 0.03993701 -0.01539999
v -0.04122728 0.04021072 -0.01539999
v -0.04040664 0.04024779 -0.01539999
v -0.04101628 0.04066324 -0.01539999
v -0.04015141 0.04046487 -0.01539999
v -0.03920501 0.03752863 -0.01539999
v -0.03910535 0.03807926 -0.01539999
v -0.03883224 0.03856772 -0.01539999
v -0.03950095 0.04045176 -0.01539999
v -0.03965747 0.04051482 -0.01539999
v -0.03971338 0.04127079 -0.01539999
v -0.03982454 0.04053848 -0.01539999
v -0.04021072 0.04122728 -0.01539999
v -0.04066324 0.04101628 -0.01539999
v -0.03599905 0.03829365 -0.01539999
v -0.03633671 0.03873991 -0.01539999
v -0.03586447 0.03997486 -0.01539999
v -0.03680092 0.03905242 -0.01539999
v -0.03643304 0.04026955 -0.01539999
v -0.03706520 0.03914725 -0.01539999
v -0.03705155 0.04043531 -0.01539999
v -0.03734147 0.03919732 -0.01539999
v -0.03769123 0.04046434 -0.01539999
v -0.03789979 0.03915876 -0.01539999
v -0.03841531 0.03894108 -0.01539999
v -0.03366827 0.03809797 -0.01539999
v -0.03314000 0.03753471 -0.01539999
v -0.03386408 0.03782612 -0.01539999
v -0.03349304 0.03718167 -0.01539999
v -0.03416383 0.03767639 -0.01539999
v -0.03394556 0.03697067 -0.01539999
v -0.03449881 0.03768312 -0.01539999
v -0.03419232 0.03979146 -0.01539999
v -0.03371006 0.03966224 -0.01539999
v -0.03397989 0.03897243 -0.01539999
v -0.03330111 0.03937584 -0.01539999
v -0.03373366 0.03874528 -0.01539999
v -0.03301471 0.03896689 -0.01539999
v -0.03362119 0.03842967 -0.01539999
v -0.03288549 0.03848457 -0.01539999
v -0.03292900 0.03798723 -0.01539999
v -0.03413647 0.03903543 -0.01539999
v -0.03430354 0.03905916 -0.01539999
v -0.03468972 0.03974795 -0.01539999
v -0.03463041 0.03898555 -0.01539999
v -0.03488558 0.03876847 -0.01539999
v -0.03484946 0.03618675 -0.01539999
v -0.03519445 0.03564727 -0.01539999
v -0.03637117 0.03623872 -0.01539999
v -0.03564727 0.03519445 -0.01539999
v -0.03684383 0.03593909 -0.01539999
v -0.03618675 0.03484946 -0.01539999
v -0.03738814 0.03580921 -0.01539999
v -0.03462833 0.03678774 -0.01539999
v -0.03794521 0.03586310 -0.01439994
v -0.03845453 0.03609496 -0.01439994
v -0.03886097 0.03647959 -0.01439994
v -0.03912055 0.03697544 -0.01439994
v -0.03920501 0.03752863 -0.01439994
v -0.03910535 0.03807926 -0.01439994
v -0.03883224 0.03856772 -0.01439994
v -0.03841531 0.03894108 -0.01439994
v -0.03789979 0.03915876 -0.01439994
v -0.03734147 0.03919732 -0.01439994
v -0.03706520 0.03914725 -0.01439994
v -0.03680092 0.03905242 -0.01439994
v -0.03633671 0.03873991 -0.01439994
v -0.03599905 0.03829365 -0.01439994
v -0.03582471 0.03776186 -0.01439994
v -0.03583240 0.03720229 -0.01439994
v -0.03602141 0.03667557 -0.01439994
v -0.03637117 0.03623872 -0.01439994
v -0.03684383 0.03593909 -0.01439994
v -0.03738814 0.03580921 -0.01439994
v -0.03618156 0.03538334 -0.01239997
v -0.03565812 0.03581911 -0.01239997
v -0.03653502 0.03981024 -0.01239997
v -0.03515839 0.03836947 -0.01239997
v -0.03547859 0.03897058 -0.01239997
v -0.03594911 0.03946298 -0.01239997
v -0.03747671 0.03500449 -0.01239997
v -0.03680312 0.03510487 -0.01239997
v -0.03527176 0.03637999 -0.01239997
v -0.03505098 0.03702425 -0.01239997
v -0.03501224 0.03770422 -0.01239997
v -0.03987109 0.03831583 -0.01239997
v -0.04000204 0.03764742 -0.01239997
v -0.03878021 0.03535372 -0.01239997
v -0.03815245 0.03508955 -0.01239997
v -0.03994780 0.03696852 -0.01239997
v -0.03971248 0.03632944 -0.01239997
v -0.03931337 0.03577750 -0.01239997
v -0.03910547 0.03942710 -0.01239997
v -0.03956460 0.03892403 -0.01239997
v -0.03685790 0.03992086 -0.01239997
v -0.03719288 0.03998649 -0.01239997
v -0.03787392 0.03997874 -0.01239997
v -0.03852760 0.03978753 -0.01239997
v -0.03750520 0.03750520 -0.01439994
v -0.03600722 0.03758370 -0.00749510
v -0.03675621 0.03754442 -0.00743145
v -0.03675723 0.03745025 -0.00743145
v -0.03595358 0.03878182 -0.00755715
v -0.03610342 0.03864032 -0.00753027
v -0.03603142 0.03849136 -0.00752646
v -0.03578966 0.04132544 -0.00800014
v -0.03589183 0.04094421 -0.00789934
v -0.03560382 0.04087960 -0.00791788
v -0.03630411 0.03940558 -0.00759149
v -0.03642904 0.03893917 -0.00752890
v -0.03625673 0.03880709 -0.00753027
v -0.03767758 0.03899526 -0.00749510
v -0.03759139 0.03825020 -0.00743145
v -0.03749734 0.03825515 -0.00743145
v -0.03766459 0.04142451 -0.00793040
v -0.03746461 0.04137820 -0.00791788
v -0.03745990 0.04218822 -0.00814253
v -0.04330074 0.03905808 -0.00859940
v -0.04336041 0.03881525 -0.00859940
v -0.04320544 0.03877377 -0.00853759
v -0.03905683 0.03622853 -0.00755715
v -0.03890699 0.03637003 -0.00753027
v -0.03897899 0.03651905 -0.00752646
v -0.03922075 0.03368496 -0.00800014
v -0.03911858 0.03406620 -0.00789934
v -0.03940659 0.03413081 -0.00791788
v -0.03870630 0.03560483 -0.00759149
v -0.03858131 0.03607124 -0.00752890
v -0.03875362 0.03620332 -0.00753027
v -0.03734582 0.03358590 -0.00793040
v -0.03754574 0.03363215 -0.00791788
v -0.03755044 0.03282213 -0.00814253
v -0.03170967 0.03595227 -0.00859940
v -0.03164994 0.03619509 -0.00859940
v -0.03180491 0.03623664 -0.00853759
v -0.03471606 0.03694283 -0.00769251
v -0.03523099 0.03715467 -0.00759959
v -0.03573703 0.03714865 -0.00753027
v -0.03571653 0.03728473 -0.00753003
v -0.03601187 0.03736388 -0.00749510
v -0.03332024 0.03664267 -0.00802350
v -0.03369069 0.03674191 -0.00792217
v -0.03370839 0.03673964 -0.00791788
v -0.03445744 0.03694736 -0.00774193
v -0.03470325 0.03701323 -0.00769246
v -0.03480857 0.03659766 -0.00769251
v -0.03458684 0.03646439 -0.00774193
v -0.03383427 0.03626978 -0.00791788
v -0.03382009 0.03625893 -0.00792217
v -0.03344964 0.03615969 -0.00802350
v -0.03614127 0.03688091 -0.00749510
v -0.03584593 0.03680175 -0.00753003
v -0.03579568 0.03692984 -0.00753027
v -0.03536045 0.03667169 -0.00759959
v -0.03483265 0.03653025 -0.00769246
v -0.03715080 0.03684419 -0.00743145
v -0.03662848 0.03626310 -0.00749731
v -0.03707075 0.03689384 -0.00743145
v -0.03662014 0.03629410 -0.00749510
v -0.03701925 0.03693389 -0.00743145
v -0.03648990 0.03640103 -0.00749510
v -0.03699755 0.03695315 -0.00743145
v -0.03635948 0.03653699 -0.00749510
v -0.03693234 0.03702110 -0.00743145
v -0.03624719 0.03668826 -0.00749510
v -0.03687620 0.03709673 -0.00743145
v -0.03615474 0.03685235 -0.00749510
v -0.03682994 0.03717875 -0.00743145
v -0.03723645 0.03680503 -0.00743145
v -0.03672194 0.03591430 -0.00752646
v -0.03671139 0.03595364 -0.00752276
v -0.03720718 0.03603512 -0.00749510
v -0.03729021 0.03572529 -0.00752890
v -0.03707492 0.03575348 -0.00753027
v -0.03741520 0.03525888 -0.00759149
v -0.03679978 0.03562378 -0.00755715
v -0.03685879 0.03582125 -0.00753027
v -0.03682464 0.03553092 -0.00756812
v -0.03703022 0.03476375 -0.00768089
v -0.03753501 0.03466010 -0.00769251
v -0.03723526 0.03399842 -0.00783235
v -0.03717815 0.03467881 -0.00769251
v -0.03813374 0.03257709 -0.00823158
v -0.03775328 0.03206533 -0.00839293
v -0.03833597 0.03182244 -0.00850117
v -0.03829878 0.03171163 -0.00854063
v -0.03836321 0.03172087 -0.00854057
v -0.03840291 0.03157275 -0.00859940
v -0.03831946 0.03156071 -0.00859940
v -0.03802812 0.03152805 -0.00859940
v -0.03789985 0.03151822 -0.00859940
v -0.03762209 0.03448677 -0.00772637
v -0.03782749 0.03372025 -0.00789934
v -0.03792959 0.03333902 -0.00800014
v -0.03795236 0.03690308 -0.00743145
v -0.03824156 0.03619837 -0.00749510
v -0.03787338 0.03685176 -0.00743145
v -0.03807193 0.03611642 -0.00749510
v -0.03778856 0.03681081 -0.00743145
v -0.03789341 0.03605633 -0.00749510
v -0.03769934 0.03678077 -0.00743145
v -0.03770875 0.03601908 -0.00749510
v -0.03760701 0.03676211 -0.00743145
v -0.03752088 0.03600525 -0.00749510
v -0.03751307 0.03675526 -0.00743145
v -0.03733277 0.03601515 -0.00749510
v -0.03741902 0.03676015 -0.00743145
v -0.03732627 0.03677684 -0.00743145
v -0.03802430 0.03696388 -0.00743145
v -0.03849834 0.03638106 -0.00749510
v -0.03839951 0.03630095 -0.00749510
v -0.03920161 0.03522098 -0.00769251
v -0.03890192 0.03502637 -0.00769251
v -0.03891319 0.03483271 -0.00772637
v -0.03942489 0.03292310 -0.00823158
v -0.03980749 0.03342694 -0.00814253
v -0.03960287 0.03419065 -0.00793040
v -0.03949230 0.03460323 -0.00783235
v -0.03962707 0.03216838 -0.00850117
v -0.03971469 0.03209102 -0.00854063
v -0.03965431 0.03206682 -0.00854057
v -0.03977227 0.03194999 -0.00859940
v -0.03969401 0.03191870 -0.00859940
v -0.04001027 0.03267014 -0.00839293
v -0.04015690 0.03212296 -0.00859940
v -0.04004091 0.03206735 -0.00859940
v -0.03928726 0.03536850 -0.00768089
v -0.03908169 0.03613573 -0.00756812
v -0.03808808 0.03703320 -0.00743145
v -0.03814262 0.03710997 -0.00743145
v -0.03896844 0.03655838 -0.00752276
v -0.03818714 0.03719300 -0.00743145
v -0.03888553 0.03686791 -0.00749731
v -0.03821170 0.03725343 -0.00743145
v -0.03893655 0.03705662 -0.00749510
v -0.03887718 0.03689891 -0.00749510
v -0.03822088 0.03728091 -0.00743145
v -0.03824335 0.03737241 -0.00743145
v -0.03898149 0.03723955 -0.00749510
v -0.03825414 0.03746592 -0.00743145
v -0.03900313 0.03742671 -0.00749510
v -0.03825318 0.03756010 -0.00743145
v -0.03900116 0.03761506 -0.00749510
v -0.03899854 0.03764653 -0.00749510
v -0.04029428 0.03806757 -0.00769251
v -0.03977936 0.03785574 -0.00759959
v -0.03927338 0.03786170 -0.00753027
v -0.03929388 0.03772562 -0.00753003
v -0.04169017 0.03836774 -0.00802350
v -0.04131972 0.03826850 -0.00792217
v -0.04130202 0.03827077 -0.00791788
v -0.04055291 0.03806298 -0.00774193
v -0.04030716 0.03799718 -0.00769246
v -0.04323101 0.03929823 -0.00859940
v -0.04020184 0.03841269 -0.00769251
v -0.04042351 0.03854596 -0.00774193
v -0.04117614 0.03874057 -0.00791788
v -0.04119032 0.03875142 -0.00792217
v -0.04156076 0.03885072 -0.00802350
v -0.03886914 0.03812950 -0.00749510
v -0.03916442 0.03820860 -0.00753003
v -0.03921473 0.03808051 -0.00753027
v -0.03964996 0.03833872 -0.00759959
v -0.04017776 0.03848010 -0.00769246
v -0.03821605 0.03774440 -0.00743145
v -0.03818041 0.03783160 -0.00743145
v -0.03885567 0.03815805 -0.00749510
v -0.03813421 0.03791368 -0.00743145
v -0.03876322 0.03832215 -0.00749510
v -0.03811371 0.03794360 -0.00743145
v -0.03865087 0.03847336 -0.00749510
v -0.03807806 0.03798931 -0.00743145
v -0.03801286 0.03805726 -0.00743145
v -0.03785961 0.03816616 -0.00743145
v -0.03838193 0.03874725 -0.00749731
v -0.03793966 0.03811657 -0.00743145
v -0.03839021 0.03871625 -0.00749510
v -0.03852051 0.03860932 -0.00749510
v -0.03780317 0.03897529 -0.00749510
v -0.03772020 0.03928512 -0.00752890
v -0.03793543 0.03925687 -0.00753027
v -0.03759521 0.03975152 -0.00759149
v -0.03798019 0.04024666 -0.00768089
v -0.03818571 0.03947943 -0.00756812
v -0.03815162 0.03918915 -0.00753027
v -0.03821063 0.03938663 -0.00755715
v -0.03828847 0.03909611 -0.00752646
v -0.03747540 0.04035025 -0.00769251
v -0.03777509 0.04101192 -0.00783235
v -0.03783220 0.04033160 -0.00769251
v -0.03687661 0.04243326 -0.00823158
v -0.03725713 0.04294502 -0.00839293
v -0.03667443 0.04318797 -0.00850117
v -0.03671157 0.04329872 -0.00854063
v -0.03664720 0.04328954 -0.00854057
v -0.03660750 0.04343765 -0.00859940
v -0.03669089 0.04344969 -0.00859940
v -0.03698223 0.04348236 -0.00859940
v -0.03711050 0.04349219 -0.00859940
v -0.03738832 0.04052364 -0.00772637
v -0.03718292 0.04129016 -0.00789934
v -0.03708076 0.04167139 -0.00800014
v -0.03768408 0.03823357 -0.00743145
v -0.03722178 0.03819960 -0.00743145
v -0.03711694 0.03895407 -0.00749510
v -0.03731107 0.03822964 -0.00743145
v -0.03730159 0.03899133 -0.00749510
v -0.03740340 0.03824824 -0.00743145
v -0.03734368 0.03899645 -0.00749510
v -0.03748947 0.03900510 -0.00749510
v -0.03705805 0.03810733 -0.00743145
v -0.03676885 0.03881204 -0.00749510
v -0.03713703 0.03815859 -0.00743145
v -0.03689938 0.03887742 -0.00749510
v -0.03693842 0.03889399 -0.00749510
v -0.03698611 0.03804653 -0.00743145
v -0.03651207 0.03862935 -0.00749510
v -0.03661084 0.03870940 -0.00749510
v -0.03580880 0.03978937 -0.00769251
v -0.03610843 0.03998398 -0.00769251
v -0.03609716 0.04017770 -0.00772637
v -0.03558552 0.04208731 -0.00823158
v -0.03520286 0.04158347 -0.00814253
v -0.03540754 0.04081976 -0.00793040
v -0.03551805 0.04040718 -0.00783235
v -0.03538328 0.04284203 -0.00850117
v -0.03529572 0.04291933 -0.00854063
v -0.03535610 0.04294359 -0.00854057
v -0.03523814 0.04306042 -0.00859940
v -0.03531640 0.04309171 -0.00859940
v -0.03500008 0.04234027 -0.00839293
v -0.03485351 0.04288744 -0.00859940
v -0.03496950 0.04294306 -0.00859940
v -0.03572314 0.03964185 -0.00768089
v -0.03592872 0.03887468 -0.00756812
v -0.03607386 0.03795373 -0.00749510
v -0.03613317 0.03811150 -0.00749510
v -0.03682327 0.03781741 -0.00743145
v -0.03612488 0.03814250 -0.00749731
v -0.03604197 0.03845202 -0.00752276
v -0.03678953 0.03772950 -0.00743145
v -0.03676706 0.03763800 -0.00743145
v -0.03602892 0.03777080 -0.00749510
v -0.03675901 0.03758060 -0.00743145
v -0.03777396 0.03820538 -0.00743145
v -0.03784030 0.03817617 -0.00743145
v -0.03829902 0.03905677 -0.00752276
v -0.03824037 0.03765344 -0.00743145
v -0.03680944 0.03722518 -0.00743145
v -0.03679436 0.03726595 -0.00743145
v -0.03676998 0.03735697 -0.00743145
v -0.03692233 0.03797721 -0.00743145
v -0.03687947 0.03791874 -0.00743145
v -0.03686779 0.03790038 -0.00743145
v -0.03824776 0.03761059 -0.00743145
v -0.04228675 0.03852760 -0.00820655
v -0.04215735 0.03901058 -0.00820655
v -0.04245144 0.03857171 -0.00826144
v -0.04232203 0.03905469 -0.00826144
v -0.04307603 0.03925669 -0.00853759
v -0.03177940 0.03571212 -0.00859940
v -0.03193438 0.03575366 -0.00853759
v -0.03268837 0.03595572 -0.00826144
v -0.03255897 0.03643870 -0.00826144
v -0.03285306 0.03599983 -0.00820655
v -0.03272366 0.03648281 -0.00820655
v -0.03600925 0.03739535 -0.00749510
v -0.03573203 0.03960859 -0.00795013
v -0.03592228 0.03960263 -0.00792676
v -0.03553050 0.04036086 -0.00810492
v -0.03742831 0.03327804 -0.00830096
v -0.03728914 0.03383356 -0.00815487
v -0.03722286 0.03404480 -0.00810492
v -0.03722125 0.03598260 -0.00775993
v -0.03721386 0.03596544 -0.00776219
v -0.03731912 0.03561753 -0.00780642
v -0.03861021 0.03596347 -0.00780642
v -0.03852736 0.03631740 -0.00776219
v -0.03851240 0.03632855 -0.00775993
v -0.03924083 0.03554171 -0.00792545
v -0.03921920 0.03551346 -0.00792676
v -0.03926515 0.03545099 -0.00794130
v -0.03900414 0.03756129 -0.00775397
v -0.03917372 0.03821110 -0.00779438
v -0.03893452 0.03814703 -0.00776219
v -0.03900510 0.03795909 -0.00776219
v -0.03758209 0.04173237 -0.00830096
v -0.03748553 0.04118317 -0.00815487
v -0.03778755 0.04096561 -0.00810492
v -0.03687560 0.04243713 -0.00852865
v -0.03673946 0.04320400 -0.00880438
v -0.03667265 0.04319459 -0.00880438
v -0.03749716 0.03900516 -0.00775397
v -0.03538149 0.04284864 -0.00880438
v -0.03531897 0.04282337 -0.00880438
v -0.03558450 0.04209119 -0.00852865
v -0.03491950 0.04264104 -0.00880438
v -0.03512132 0.04188776 -0.00853425
v -0.03565055 0.04184454 -0.00844735
v -0.03519362 0.04161798 -0.00844699
v -0.03578954 0.04132580 -0.00828981
v -0.03532505 0.04112756 -0.00830096
v -0.03592383 0.04082459 -0.00815457
v -0.03568321 0.04070019 -0.00815487
v -0.03599673 0.04055267 -0.00808817
v -0.03619277 0.03982096 -0.00793314
v -0.03640019 0.03904694 -0.00780642
v -0.03593003 0.03886961 -0.00783425
v -0.03660160 0.03870248 -0.00775397
v -0.03676217 0.03880822 -0.00775397
v -0.03693485 0.03889256 -0.00775397
v -0.03711694 0.03895407 -0.00775397
v -0.03730541 0.03899180 -0.00775397
v -0.03780317 0.03897529 -0.00775397
v -0.03768908 0.03899389 -0.00775397
v -0.03748387 0.04016691 -0.00793314
v -0.03769129 0.03939288 -0.00780642
v -0.03782731 0.04011309 -0.00792676
v -0.03818708 0.03947436 -0.00783425
v -0.03798907 0.04021340 -0.00795013
v -0.03728783 0.04089862 -0.00808817
v -0.03717654 0.04324579 -0.00880438
v -0.03737837 0.04249256 -0.00853425
v -0.03745067 0.04222279 -0.00844699
v -0.03694164 0.04219049 -0.00844735
v -0.03708070 0.04167175 -0.00828981
v -0.03721499 0.04117053 -0.00815457
v -0.03836870 0.03879672 -0.00776052
v -0.03830963 0.03901720 -0.00778097
v -0.03826689 0.03887468 -0.00776219
v -0.03822004 0.03935134 -0.00781852
v -0.03808552 0.03896087 -0.00776219
v -0.03789460 0.03902310 -0.00776219
v -0.03839021 0.03871625 -0.00775397
v -0.03839594 0.03871208 -0.00775397
v -0.03854292 0.03858828 -0.00775397
v -0.03867292 0.03844666 -0.00775397
v -0.03878372 0.03828960 -0.00775397
v -0.03886914 0.03812950 -0.00775397
v -0.03996366 0.03842276 -0.00792605
v -0.04002028 0.03826630 -0.00792676
v -0.04102551 0.03857052 -0.00815487
v -0.04068595 0.03861629 -0.00808096
v -0.04202252 0.03887224 -0.00844753
v -0.04146212 0.03882426 -0.00828499
v -0.04098480 0.03869634 -0.00815487
v -0.04298931 0.03923350 -0.00880438
v -0.04222989 0.03903001 -0.00852621
v -0.04199284 0.03896647 -0.00844753
v -0.04212230 0.03848350 -0.00844753
v -0.04235929 0.03854703 -0.00852621
v -0.04300874 0.03917068 -0.00880438
v -0.04311871 0.03875052 -0.00880438
v -0.04159152 0.03834128 -0.00828499
v -0.04111421 0.03821343 -0.00815487
v -0.04009306 0.03793978 -0.00792605
v -0.04081535 0.03813332 -0.00808096
v -0.03905081 0.03776353 -0.00776219
v -0.03930312 0.03772813 -0.00779438
v -0.03899854 0.03764653 -0.00775397
v -0.03899902 0.03736913 -0.00775397
v -0.03896933 0.03717923 -0.00775397
v -0.03891563 0.03699469 -0.00775397
v -0.03887718 0.03689891 -0.00775397
v -0.03889876 0.03681844 -0.00776052
v -0.03889840 0.03678780 -0.00776219
v -0.03879523 0.03661555 -0.00776219
v -0.03891509 0.03675740 -0.00776583
v -0.03900206 0.03643298 -0.00779855
v -0.03908032 0.03614079 -0.00783425
v -0.03867083 0.03645789 -0.00776219
v -0.03910261 0.03605771 -0.00784546
v -0.03927832 0.03540176 -0.00795013
v -0.03895044 0.03531062 -0.00792676
v -0.03947991 0.03464955 -0.00810492
v -0.03957569 0.03326392 -0.00844753
v -0.04002767 0.03233802 -0.00880438
v -0.04009085 0.03236937 -0.00880438
v -0.03952813 0.03443348 -0.00815487
v -0.03968536 0.03388279 -0.00830096
v -0.03911870 0.03420001 -0.00815487
v -0.03981673 0.03339236 -0.00844699
v -0.03988903 0.03312265 -0.00853425
v -0.03942590 0.03291922 -0.00852865
v -0.03962886 0.03216177 -0.00880438
v -0.03996121 0.03230613 -0.00880438
v -0.03901368 0.03445768 -0.00808817
v -0.03922080 0.03368461 -0.00828981
v -0.03935980 0.03316581 -0.00844735
v -0.03881764 0.03518939 -0.00793314
v -0.03849834 0.03638106 -0.00775397
v -0.03848361 0.03636825 -0.00775397
v -0.03833019 0.03625243 -0.00775397
v -0.03816324 0.03615725 -0.00775397
v -0.03798544 0.03608417 -0.00775397
v -0.03779977 0.03603440 -0.00775397
v -0.03766667 0.03601390 -0.00775397
v -0.03760927 0.03600883 -0.00775397
v -0.03741711 0.03600776 -0.00775397
v -0.03722631 0.03603136 -0.00775397
v -0.03701937 0.03601539 -0.00776219
v -0.03720718 0.03603512 -0.00775397
v -0.03783273 0.03279691 -0.00844753
v -0.03755974 0.03278762 -0.00844699
v -0.03763198 0.03251785 -0.00853425
v -0.03833776 0.03181576 -0.00880438
v -0.03813481 0.03257328 -0.00852865
v -0.03797775 0.03177464 -0.00880438
v -0.03790426 0.03176903 -0.00880438
v -0.03783386 0.03176462 -0.00880438
v -0.03776043 0.03383606 -0.00815487
v -0.03684556 0.03545290 -0.00784546
v -0.03698378 0.03493696 -0.00792545
v -0.03701668 0.03492331 -0.00792676
v -0.03700810 0.03484624 -0.00794130
v -0.03735083 0.03488200 -0.00792676
v -0.03702133 0.03479701 -0.00795013
v -0.03806871 0.03281986 -0.00844735
v -0.03792971 0.03333866 -0.00828981
v -0.03772258 0.03411173 -0.00808817
v -0.03752648 0.03484344 -0.00793314
v -0.03682327 0.03553599 -0.00783425
v -0.03674501 0.03582823 -0.00779855
v -0.03683280 0.03608971 -0.00776219
v -0.03665804 0.03615260 -0.00776583
v -0.03665733 0.03618735 -0.00776219
v -0.03664171 0.03621369 -0.00776052
v -0.03653895 0.03635787 -0.00775397
v -0.03662014 0.03629410 -0.00775397
v -0.03640019 0.03649085 -0.00775397
v -0.03627955 0.03664046 -0.00775397
v -0.03617900 0.03680431 -0.00775397
v -0.03614127 0.03688091 -0.00775397
v -0.03603750 0.03695613 -0.00776219
v -0.03504675 0.03658765 -0.00792605
v -0.03583669 0.03679931 -0.00779438
v -0.03597933 0.03714835 -0.00776219
v -0.03494650 0.03690677 -0.00792676
v -0.03432440 0.03639411 -0.00808096
v -0.03392386 0.03666764 -0.00815487
v -0.03402560 0.03631401 -0.00815487
v -0.03202110 0.03577691 -0.00880438
v -0.03278052 0.03598040 -0.00852621
v -0.03290951 0.03643041 -0.00844753
v -0.03301751 0.03604394 -0.00844753
v -0.03354829 0.03618615 -0.00828499
v -0.03288811 0.03652685 -0.00844753
v -0.03265112 0.03646337 -0.00852621
v -0.03190630 0.03619575 -0.00880438
v -0.03189164 0.03625988 -0.00880438
v -0.03341889 0.03666907 -0.00828499
v -0.03389620 0.03679698 -0.00815487
v -0.03594648 0.03734636 -0.00776219
v -0.03593671 0.03734374 -0.00776344
v -0.03570729 0.03728228 -0.00779438
v -0.03491735 0.03707063 -0.00792605
v -0.03419500 0.03687703 -0.00808096
v -0.03602313 0.03773665 -0.00775397
v -0.03600573 0.03754526 -0.00775397
v -0.03606492 0.03792428 -0.00775397
v -0.03613317 0.03811150 -0.00775397
v -0.03613036 0.03810501 -0.00775397
v -0.03611165 0.03819191 -0.00776052
v -0.03616082 0.03831034 -0.00776219
v -0.03605258 0.03841239 -0.00778097
v -0.03627485 0.03847569 -0.00776219
v -0.03596305 0.03874659 -0.00781852
v -0.03640902 0.03862506 -0.00776219
v -0.03651207 0.03862935 -0.00775397
v -0.03601187 0.03736388 -0.00775397
v -0.03531640 0.04309171 -0.00889999
v -0.03496950 0.04294306 -0.01239943
v -0.03595227 0.04330074 -0.00889999
v -0.03595227 0.04330074 -0.01239943
v -0.03660750 0.04343765 -0.00889999
v -0.03698223 0.04348236 -0.01239943
v -0.03802812 0.04348236 -0.00889999
v -0.03711050 0.04349219 -0.00889999
v -0.03802812 0.04348236 -0.01239943
v -0.03905808 0.04330074 -0.01239943
v -0.03905808 0.04330074 -0.00889999
v -0.04004091 0.04294306 -0.01239943
v -0.04004091 0.04294306 -0.00889999
v -0.04094666 0.04242008 -0.01239943
v -0.04094666 0.04242008 -0.00889999
v -0.04174786 0.04174786 -0.01239943
v -0.04174786 0.04174786 -0.00889999
v -0.04242008 0.04094666 -0.01239943
v -0.04242008 0.04094666 -0.00889999
v -0.04294306 0.04004091 -0.01239943
v -0.04294306 0.04004091 -0.00889999
v -0.04323101 0.03929823 -0.00889999
v -0.04348236 0.03802812 -0.00889999
v -0.04336041 0.03881525 -0.00889999
v -0.04330074 0.03905808 -0.01239943
v -0.04094666 0.03259027 -0.01239943
v -0.04174786 0.03326255 -0.00889999
v -0.04174786 0.03326255 -0.01239943
v -0.04242008 0.03406375 -0.00889999
v -0.04242008 0.03406375 -0.01239943
v -0.04294306 0.03496950 -0.00889999
v -0.04294306 0.03496950 -0.01239943
v -0.04330074 0.03595227 -0.00889999
v -0.04330074 0.03595227 -0.01239943
v -0.04348236 0.03698223 -0.00889999
v -0.04348236 0.03698223 -0.01239943
v -0.04348236 0.03802812 -0.01239943
v -0.04015690 0.03212296 -0.00889999
v -0.04004091 0.03206735 -0.01239943
v -0.04094666 0.03259027 -0.00889999
v -0.03969401 0.03191870 -0.00889999
v -0.03905808 0.03170967 -0.00889999
v -0.03905808 0.03170967 -0.01239943
v -0.03840291 0.03157275 -0.00889999
v -0.03802812 0.03152805 -0.01239943
v -0.03698223 0.03152805 -0.00889999
v -0.03789985 0.03151822 -0.00889999
v -0.03698223 0.03152805 -0.01239943
v -0.03595227 0.03170967 -0.01239943
v -0.03595227 0.03170967 -0.00889999
v -0.03496950 0.03206735 -0.01239943
v -0.03496950 0.03206735 -0.00889999
v -0.03406375 0.03259027 -0.01239943
v -0.03406375 0.03259027 -0.00889999
v -0.03326255 0.03326255 -0.01239943
v -0.03326255 0.03326255 -0.00889999
v -0.03259027 0.03406375 -0.01239943
v -0.03259027 0.03406375 -0.00889999
v -0.03206735 0.03496950 -0.01239943
v -0.03206735 0.03496950 -0.00889999
v -0.03177940 0.03571212 -0.00889999
v -0.03152805 0.03698223 -0.00889999
v -0.03164994 0.03619509 -0.00889999
v -0.03170967 0.03595227 -0.01239943
v -0.03406375 0.04242008 -0.01239943
v -0.03326255 0.04174786 -0.00889999
v -0.03326255 0.04174786 -0.01239943
v -0.03259027 0.04094666 -0.00889999
v -0.03259027 0.04094666 -0.01239943
v -0.03206735 0.04004091 -0.00889999
v -0.03206735 0.04004091 -0.01239943
v -0.03170967 0.03905808 -0.00889999
v -0.03170967 0.03905808 -0.01239943
v -0.03152805 0.03802812 -0.00889999
v -0.03152805 0.03802812 -0.01239943
v -0.03152805 0.03698223 -0.01239943
v -0.03485351 0.04288744 -0.00889999
v -0.03406375 0.04242008 -0.00889999
v -0.03652083 0.04317033 -0.01239943
v -0.03552514 0.04290348 -0.01239943
v -0.03459304 0.04246318 -0.01239943
v -0.03375452 0.04186356 -0.01239943
v -0.03303658 0.04112380 -0.01239943
v -0.03246229 0.04026776 -0.01239943
v -0.03205007 0.03932291 -0.01239943
v -0.03181314 0.03831964 -0.01239943
v -0.03175920 0.03729021 -0.01239943
v -0.03188997 0.03626769 -0.01239943
v -0.03220117 0.03528493 -0.01239943
v -0.03268283 0.03437352 -0.01239943
v -0.03331953 0.03356277 -0.01239943
v -0.03409075 0.03287875 -0.01239943
v -0.03497171 0.03234344 -0.01239943
v -0.03593409 0.03197401 -0.01239943
v -0.03694695 0.03178238 -0.01239943
v -0.03797775 0.03177464 -0.01239943
v -0.03899341 0.03195112 -0.01239943
v -0.03996121 0.03230613 -0.01239943
v -0.04085010 0.03282821 -0.01239943
v -0.04163146 0.03350061 -0.01239943
v -0.04228013 0.03430175 -0.01239943
v -0.04277545 0.03520584 -0.01239943
v -0.04310131 0.03618383 -0.01239943
v -0.04324734 0.03720426 -0.01239943
v -0.04320877 0.03823441 -0.01239943
v -0.04298692 0.03924107 -0.01239943
v -0.04258888 0.04019200 -0.01239943
v -0.04202741 0.04105651 -0.01239943
v -0.04132062 0.04180693 -0.01239943
v -0.04049122 0.04241907 -0.01239943
v -0.03956580 0.04287326 -0.01239943
v -0.03857421 0.04315495 -0.01239943
v -0.03754818 0.04325503 -0.01239943
v -0.03202110 0.03577691 -0.00889999
v -0.03189164 0.03625988 -0.00889999
v -0.03783386 0.03176462 -0.00889999
v -0.03220117 0.03528493 -0.00889999
v -0.03268283 0.03437352 -0.00889999
v -0.03331953 0.03356277 -0.00889999
v -0.03409075 0.03287875 -0.00889999
v -0.03497171 0.03234344 -0.00889999
v -0.03593409 0.03197401 -0.00889999
v -0.03694695 0.03178238 -0.00889999
v -0.03962886 0.03216177 -0.00889999
v -0.03833776 0.03181576 -0.00889999
v -0.03899341 0.03195112 -0.00889999
v -0.04311871 0.03875052 -0.00889999
v -0.04298931 0.03923350 -0.00889999
v -0.04009085 0.03236937 -0.00889999
v -0.04085010 0.03282821 -0.00889999
v -0.04163146 0.03350061 -0.00889999
v -0.04228013 0.03430175 -0.00889999
v -0.04277545 0.03520584 -0.00889999
v -0.04310131 0.03618383 -0.00889999
v -0.04324734 0.03720426 -0.00889999
v -0.04320877 0.03823441 -0.00889999
v -0.03717654 0.04324579 -0.00889999
v -0.03667265 0.04319459 -0.00889999
v -0.03652083 0.04317033 -0.00889999
v -0.03754818 0.04325503 -0.00889999
v -0.03857421 0.04315495 -0.00889999
v -0.03956580 0.04287326 -0.00889999
v -0.04049122 0.04241907 -0.00889999
v -0.04132062 0.04180693 -0.00889999
v -0.04202741 0.04105651 -0.00889999
v -0.04258888 0.04019200 -0.00889999
v -0.04298692 0.03924107 -0.00889999
v -0.03552514 0.04290348 -0.00889999
v -0.03538149 0.04284864 -0.00889999
v -0.03188997 0.03626769 -0.00889999
v -0.03175920 0.03729021 -0.00889999
v -0.03181314 0.03831964 -0.00889999
v -0.03205007 0.03932291 -0.00889999
v -0.03246229 0.04026776 -0.00889999
v -0.03303658 0.04112380 -0.00889999
v -0.03375452 0.04186356 -0.00889999
v -0.03459304 0.04246318 -0.00889999
v -0.03491950 0.04264104 -0.00889999
v -0.03731107 0.03822964 -0.00489998
v -0.03749006 0.03825503 -0.00489998
v -0.03750520 0.03750520 -0.00489998
v -0.03714334 0.03816211 -0.00489998
v -0.03680944 0.03722518 -0.00489998
v -0.03675901 0.03758060 -0.00489998
v -0.03687947 0.03791874 -0.00489998
v -0.03769934 0.03678077 -0.00489998
v -0.03734040 0.03677350 -0.00489998
v -0.03701925 0.03693389 -0.00489998
v -0.03824776 0.03761059 -0.00489998
v -0.03821170 0.03725343 -0.00489998
v -0.03801375 0.03695392 -0.00489998
v -0.03784030 0.03817617 -0.00489998
v -0.03811371 0.03794360 -0.00489998
v -0.03604805 0.04294341 -0.00889999
v -0.03696298 0.04310905 -0.01239943
v -0.03696298 0.04310905 -0.00889999
v -0.03789275 0.04312187 -0.01239943
v -0.03789275 0.04312187 -0.00889999
v -0.03881198 0.04298150 -0.01239943
v -0.03881198 0.04298150 -0.00889999
v -0.03969550 0.04269170 -0.01239943
v -0.03969550 0.04269170 -0.00889999
v -0.04051929 0.04226046 -0.01239943
v -0.04051929 0.04226046 -0.00889999
v -0.04126089 0.04169952 -0.01239943
v -0.04126089 0.04169952 -0.00889999
v -0.04190003 0.04102414 -0.01239943
v -0.04190003 0.04102414 -0.00889999
v -0.04241931 0.04025280 -0.01239943
v -0.04241931 0.04025280 -0.00889999
v -0.04280447 0.03940647 -0.01239943
v -0.04280447 0.03940647 -0.00889999
v -0.04304516 0.03850829 -0.01239943
v -0.04304516 0.03850829 -0.00889999
v -0.04313468 0.03758275 -0.01239943
v -0.04313468 0.03758275 -0.00889999
v -0.04307073 0.03665512 -0.01239943
v -0.04307073 0.03665512 -0.00889999
v -0.04285490 0.03575068 -0.01239943
v -0.04285490 0.03575068 -0.00889999
v -0.04249310 0.03489404 -0.01239943
v -0.04249310 0.03489404 -0.00889999
v -0.04199534 0.03410869 -0.01239943
v -0.04199534 0.03410869 -0.00889999
v -0.04137504 0.03341597 -0.01239943
v -0.04137504 0.03341597 -0.00889999
v -0.04064917 0.03283476 -0.01239943
v -0.04064917 0.03283476 -0.00889999
v -0.03983759 0.03238099 -0.01239943
v -0.03983759 0.03238099 -0.00889999
v -0.03896236 0.03206700 -0.01239943
v -0.03896236 0.03206700 -0.00889999
v -0.03804737 0.03190129 -0.01239943
v -0.03804737 0.03190129 -0.00889999
v -0.03711760 0.03188848 -0.01239943
v -0.03711760 0.03188848 -0.00889999
v -0.03619843 0.03202891 -0.01239943
v -0.03619843 0.03202891 -0.00889999
v -0.03531485 0.03231865 -0.01239943
v -0.03531485 0.03231865 -0.00889999
v -0.03449106 0.03274995 -0.01239943
v -0.03449106 0.03274995 -0.00889999
v -0.03374952 0.03331089 -0.01239943
v -0.03374952 0.03331089 -0.00889999
v -0.03311038 0.03398627 -0.01239943
v -0.03311038 0.03398627 -0.00889999
v -0.03259110 0.03475761 -0.01239943
v -0.03259110 0.03475761 -0.00889999
v -0.03220587 0.03560394 -0.01239943
v -0.03220587 0.03560394 -0.00889999
v -0.03196525 0.03650212 -0.01239943
v -0.03196525 0.03650212 -0.00889999
v -0.03187566 0.03742760 -0.01239943
v -0.03187566 0.03742760 -0.00889999
v -0.03193968 0.03835529 -0.01239943
v -0.03193968 0.03835529 -0.00889999
v -0.03215551 0.03925973 -0.01239943
v -0.03215551 0.03925973 -0.00889999
v -0.03251725 0.04011631 -0.01239943
v -0.03251725 0.04011631 -0.00889999
v -0.03301507 0.04090172 -0.01239943
v -0.03301507 0.04090172 -0.00889999
v -0.03363537 0.04159444 -0.01239943
v -0.03363537 0.04159444 -0.00889999
v -0.03436118 0.04217559 -0.01239943
v -0.03436118 0.04217559 -0.00889999
v -0.03517282 0.04262942 -0.01239943
v -0.03517282 0.04262942 -0.00889999
v -0.03604805 0.04294341 -0.01239943
v -0.03810787 0.03378152 -0.01239943
v -0.03884512 0.03397905 -0.01239943
v -0.03952747 0.03432095 -0.01239943
v -0.04012709 0.03479319 -0.01239943
v -0.04061931 0.03537648 -0.01239943
v -0.03522151 0.03450286 -0.01239943
v -0.03587263 0.03410464 -0.01239943
v -0.03659057 0.03384560 -0.01239943
v -0.03734594 0.03373640 -0.01239943
v -0.04098409 0.03604698 -0.01239943
v -0.04120641 0.03677707 -0.01239943
v -0.04127722 0.03753703 -0.01239943
v -0.04119360 0.03829568 -0.01239943
v -0.04095894 0.03902196 -0.01239943
v -0.03878533 0.04105347 -0.01239943
v -0.03804486 0.04123854 -0.01239943
v -0.03728234 0.04127073 -0.01239943
v -0.03652888 0.04114878 -0.01239943
v -0.03581541 0.04087769 -0.01239943
v -0.03517115 0.04046851 -0.01239943
v -0.03374934 0.03785508 -0.01239943
v -0.03375577 0.03709191 -0.01239943
v -0.03391569 0.03634560 -0.01239943
v -0.03422260 0.03564679 -0.01239943
v -0.03466391 0.03502404 -0.01239943
v -0.03462243 0.03993803 -0.01239943
v -0.03419166 0.03930789 -0.01239943
v -0.03389662 0.03860402 -0.01239943
v -0.04058295 0.03968620 -0.01239943
v -0.04008090 0.04026108 -0.01239943
v -0.03947341 0.04072314 -0.01239943
v -0.03652888 0.04114878 -0.00889999
v -0.03728234 0.04127073 -0.00889999
v -0.03804486 0.04123854 -0.00889999
v -0.03878533 0.04105347 -0.00889999
v -0.03947341 0.04072314 -0.00889999
v -0.04008090 0.04026108 -0.00889999
v -0.04058295 0.03968620 -0.00889999
v -0.04095894 0.03902196 -0.00889999
v -0.04119360 0.03829568 -0.00889999
v -0.04127722 0.03753703 -0.00889999
v -0.04120641 0.03677707 -0.00889999
v -0.04098409 0.03604698 -0.00889999
v -0.04061931 0.03537648 -0.00889999
v -0.04012709 0.03479319 -0.00889999
v -0.03952747 0.03432095 -0.00889999
v -0.03884512 0.03397905 -0.00889999
v -0.03810787 0.03378152 -0.00889999
v -0.03734594 0.03373640 -0.00889999
v -0.03659057 0.03384560 -0.00889999
v -0.03587263 0.03410464 -0.00889999
v -0.03522151 0.03450286 -0.00889999
v -0.03466391 0.03502404 -0.00889999
v -0.03422260 0.03564679 -0.00889999
v -0.03391569 0.03634560 -0.00889999
v -0.03375577 0.03709191 -0.00889999
v -0.03374934 0.03785508 -0.00889999
v -0.03389662 0.03860402 -0.00889999
v -0.03419166 0.03930789 -0.00889999
v -0.03462243 0.03993803 -0.00889999
v -0.03517115 0.04046851 -0.00889999
v -0.03581541 0.04087769 -0.00889999
f 1 2 3
f 3 2 4
f 5 6 7
f 7 6 8
f 9 10 11
f 11 10 12
f 13 14 15
f 15 14 16
f 17 18 7
f 7 18 19
f 13 20 21
f 1 22 23
f 13 21 14
f 14 21 24
f 14 24 25
f 26 27 10
f 28 29 13
f 13 29 30
f 13 30 20
f 20 30 31
f 20 31 32
f 32 31 33
f 32 33 34
f 35 7 36
f 36 7 19
f 36 19 1
f 1 19 37
f 1 37 22
f 38 39 40
f 40 39 41
f 40 41 42
f 42 41 43
f 42 43 23
f 23 43 1
f 1 43 44
f 1 44 2
f 45 14 46
f 46 14 25
f 46 25 9
f 9 25 47
f 9 47 48
f 49 10 50
f 50 10 27
f 50 27 8
f 8 27 51
f 26 10 52
f 52 10 9
f 52 9 53
f 53 9 48
f 53 48 54
f 54 48 55
f 54 55 56
f 44 57 2
f 2 57 58
f 2 58 59
f 59 58 28
f 59 28 60
f 60 28 13
f 56 61 62
f 62 61 63
f 62 63 64
f 64 63 34
f 64 34 40
f 40 34 33
f 40 33 38
f 65 66 67
f 67 66 68
f 67 68 62
f 62 68 69
f 62 69 56
f 56 69 70
f 56 70 54
f 65 17 66
f 66 17 7
f 66 7 71
f 71 7 8
f 71 8 72
f 72 8 51
f 3 73 74
f 5 75 76
f 77 3 78
f 78 3 74
f 78 74 5
f 5 74 79
f 5 76 6
f 80 81 82
f 82 81 83
f 82 83 84
f 84 83 85
f 12 86 87
f 76 88 6
f 6 88 89
f 6 89 90
f 90 89 86
f 90 86 91
f 91 86 12
f 92 93 87
f 87 93 94
f 87 94 12
f 12 94 95
f 12 95 11
f 95 96 11
f 11 96 97
f 11 97 98
f 98 97 99
f 98 99 100
f 100 99 16
f 101 102 15
f 92 103 93
f 93 103 104
f 93 104 105
f 105 104 106
f 101 15 107
f 79 108 5
f 5 108 109
f 5 109 75
f 75 109 110
f 75 110 111
f 111 110 85
f 111 85 112
f 112 85 83
f 112 83 106
f 106 83 113
f 106 113 105
f 114 115 116
f 116 115 117
f 116 117 118
f 118 117 113
f 118 113 119
f 119 113 83
f 114 107 115
f 115 107 15
f 115 15 120
f 120 15 16
f 120 16 121
f 121 16 99
f 122 15 123
f 123 15 102
f 123 102 4
f 4 102 124
f 4 124 125
f 73 3 126
f 126 3 4
f 126 4 127
f 127 4 125
f 127 125 80
f 80 125 128
f 80 128 81
f 104 54 106
f 106 54 70
f 106 70 112
f 112 70 69
f 112 69 111
f 111 69 68
f 111 68 75
f 75 68 66
f 75 66 76
f 76 66 71
f 76 71 88
f 88 71 72
f 88 72 89
f 89 72 51
f 89 51 86
f 86 51 27
f 86 27 87
f 87 27 26
f 87 26 92
f 92 26 52
f 92 52 103
f 103 52 53
f 103 53 104
f 104 53 54
f 80 40 127
f 127 40 42
f 127 42 126
f 126 42 23
f 126 23 73
f 73 23 22
f 73 22 74
f 74 22 37
f 74 37 79
f 79 37 19
f 79 19 108
f 108 19 18
f 108 18 109
f 109 18 17
f 109 17 110
f 110 17 65
f 110 65 85
f 85 65 67
f 85 67 84
f 84 67 62
f 84 62 82
f 82 62 64
f 82 64 80
f 80 64 40
f 101 29 102
f 102 29 28
f 102 28 124
f 124 28 58
f 124 58 125
f 125 58 57
f 125 57 128
f 128 57 44
f 128 44 81
f 81 44 43
f 81 43 83
f 83 43 41
f 83 41 119
f 119 41 39
f 119 39 118
f 118 39 38
f 118 38 116
f 116 38 33
f 116 33 114
f 114 33 31
f 114 31 107
f 107 31 30
f 107 30 101
f 101 30 29
f 121 24 120
f 120 24 21
f 120 21 115
f 115 21 20
f 115 20 117
f 117 20 32
f 117 32 113
f 113 32 34
f 113 34 105
f 105 34 63
f 105 63 93
f 93 63 61
f 93 61 94
f 94 61 56
f 94 56 95
f 95 56 55
f 95 55 96
f 96 55 48
f 96 48 97
f 97 48 47
f 97 47 99
f 99 47 25
f 99 25 121
f 121 25 24
f 1 3 77
f 1 77 36
f 36 77 78
f 36 78 35
f 35 78 5
f 35 5 7
f 13 15 122
f 13 122 60
f 60 122 123
f 60 123 59
f 59 123 4
f 59 4 2
f 9 11 98
f 9 98 46
f 46 98 100
f 46 100 45
f 45 100 16
f 45 16 14
f 8 6 90
f 8 90 50
f 50 90 91
f 50 91 49
f 49 91 12
f 49 12 10
f 129 130 131
f 131 130 132
f 133 134 135
f 135 134 136
f 135 136 137
f 137 136 138
f 137 138 139
f 139 138 140
f 139 140 141
f 141 140 142
f 141 142 143
f 143 142 144
f 143 144 145
f 145 144 146
f 145 146 147
f 147 146 148
f 147 148 149
f 149 148 150
f 149 150 151
f 151 150 152
f 151 152 153
f 153 152 154
f 153 154 155
f 155 154 156
f 155 156 133
f 133 156 134
f 157 158 159
f 159 158 160
f 159 160 161
f 161 160 162
f 161 162 163
f 163 162 164
f 163 164 165
f 165 164 166
f 165 166 167
f 167 166 168
f 167 168 169
f 169 168 170
f 169 170 171
f 171 170 172
f 171 172 173
f 173 172 174
f 173 174 175
f 175 174 176
f 175 176 177
f 177 176 178
f 177 178 179
f 179 178 180
f 179 180 157
f 157 180 158
f 181 163 165
f 167 182 165
f 165 182 183
f 165 183 181
f 182 141 184
f 184 141 143
f 185 151 153
f 155 130 153
f 153 130 129
f 153 129 185
f 181 186 163
f 163 186 187
f 163 187 161
f 161 187 188
f 161 188 159
f 159 188 189
f 159 189 157
f 143 145 184
f 184 145 147
f 184 147 190
f 190 147 149
f 190 149 191
f 191 149 151
f 191 151 192
f 192 151 185
f 155 133 130
f 130 133 135
f 130 135 189
f 189 135 137
f 167 169 182
f 182 169 171
f 182 171 141
f 141 171 173
f 141 173 139
f 139 173 175
f 139 175 137
f 137 175 177
f 137 177 189
f 189 177 179
f 189 179 157
f 129 131 193
f 129 193 185
f 185 193 194
f 185 194 192
f 192 194 195
f 192 195 191
f 191 195 196
f 191 196 190
f 189 188 197
f 197 188 198
f 183 199 200
f 183 200 181
f 181 200 201
f 181 201 186
f 186 201 202
f 186 202 187
f 187 202 198
f 187 198 188
f 183 182 199
f 199 182 203
f 184 190 204
f 204 190 196
f 205 206 207
f 207 206 208
f 209 210 211
f 211 210 212
f 210 209 213
f 213 209 214
f 213 214 215
f 215 214 216
f 211 212 216
f 216 212 215
f 217 218 219
f 219 218 220
f 221 222 223
f 221 223 224
f 224 223 225
f 224 225 226
f 226 225 227
f 226 227 228
f 228 227 229
f 228 229 230
f 230 229 218
f 230 218 217
f 222 231 223
f 223 231 232
f 223 232 225
f 232 233 225
f 225 233 234
f 225 234 227
f 227 234 235
f 227 235 229
f 235 236 229
f 229 236 237
f 229 237 218
f 218 237 238
f 218 238 220
f 217 219 239
f 217 239 230
f 239 240 230
f 230 240 241
f 230 241 228
f 242 221 243
f 243 221 224
f 243 224 244
f 244 224 226
f 244 226 245
f 245 226 228
f 245 228 246
f 246 228 241
f 182 184 209
f 209 184 214
f 247 248 209
f 248 249 209
f 209 249 250
f 209 250 182
f 182 250 251
f 182 251 203
f 214 252 253
f 204 254 184
f 184 254 255
f 184 255 214
f 214 255 256
f 214 256 252
f 257 258 209
f 258 259 209
f 209 259 260
f 209 260 247
f 253 261 214
f 214 261 262
f 214 262 263
f 263 264 214
f 214 264 231
f 214 231 216
f 216 231 222
f 216 222 211
f 211 222 265
f 211 265 209
f 209 265 266
f 209 266 257
f 222 221 265
f 265 221 267
f 268 132 130
f 269 270 210
f 210 270 271
f 210 271 272
f 197 273 189
f 189 273 269
f 274 275 213
f 213 275 276
f 213 276 277
f 269 210 189
f 189 210 213
f 189 213 130
f 130 213 277
f 130 277 268
f 272 278 210
f 210 278 279
f 210 279 280
f 281 282 213
f 280 283 210
f 210 283 284
f 210 284 212
f 212 284 267
f 212 267 215
f 215 267 221
f 215 221 213
f 213 221 242
f 213 242 281
f 282 285 213
f 213 285 286
f 213 286 274
f 287 288 289
f 289 288 290
f 289 290 291
f 291 290 206
f 291 206 205
f 265 267 292
f 292 267 293
f 292 293 287
f 287 293 294
f 287 294 288
f 205 207 295
f 205 295 291
f 295 296 291
f 291 296 297
f 291 297 289
f 266 265 298
f 298 265 292
f 298 292 299
f 299 292 287
f 299 287 300
f 300 287 289
f 300 289 301
f 301 289 297
f 267 284 293
f 293 284 302
f 293 302 294
f 302 303 294
f 294 303 304
f 294 304 288
f 288 304 305
f 288 305 290
f 305 306 290
f 290 306 307
f 290 307 206
f 206 307 308
f 206 308 208
f 204 196 150
f 150 196 195
f 150 195 152
f 150 148 204
f 204 148 146
f 204 146 254
f 254 146 144
f 309 310 144
f 144 310 311
f 144 311 254
f 132 268 136
f 195 194 152
f 152 194 193
f 152 193 154
f 154 193 131
f 154 131 156
f 156 131 132
f 156 132 134
f 134 132 136
f 144 142 309
f 309 142 140
f 309 140 312
f 312 140 138
f 312 138 313
f 313 138 136
f 313 136 314
f 314 136 268
f 315 316 317
f 286 318 274
f 317 319 320
f 321 322 312
f 313 314 323
f 316 324 317
f 317 324 325
f 317 325 319
f 219 324 239
f 239 324 316
f 239 316 240
f 240 316 315
f 240 315 241
f 326 327 244
f 327 282 244
f 244 282 281
f 244 281 243
f 243 281 242
f 268 277 328
f 328 277 276
f 246 241 329
f 329 241 315
f 329 315 330
f 330 315 317
f 330 317 331
f 331 317 320
f 331 320 332
f 333 334 335
f 245 246 336
f 336 246 329
f 336 329 337
f 337 329 330
f 337 330 338
f 338 330 331
f 338 331 339
f 339 331 332
f 339 332 340
f 244 245 326
f 326 245 336
f 326 336 335
f 335 336 337
f 335 337 333
f 333 337 338
f 333 338 341
f 341 338 339
f 341 339 321
f 321 339 340
f 321 340 322
f 314 268 323
f 323 268 328
f 323 328 342
f 342 328 276
f 342 276 275
f 312 313 321
f 321 313 323
f 321 323 341
f 341 323 342
f 341 342 333
f 333 342 275
f 333 275 334
f 334 275 274
f 334 274 335
f 335 274 318
f 335 318 326
f 326 318 286
f 326 286 327
f 327 286 285
f 327 285 282
f 309 312 343
f 343 312 322
f 343 322 344
f 344 322 340
f 344 340 345
f 345 340 332
f 345 332 346
f 346 332 320
f 346 320 347
f 347 320 319
f 347 319 348
f 348 319 325
f 348 325 349
f 349 325 324
f 349 324 220
f 220 324 219
f 238 237 350
f 252 351 253
f 352 254 311
f 254 352 255
f 255 352 353
f 255 353 256
f 256 353 252
f 252 353 354
f 252 354 351
f 355 236 356
f 356 236 235
f 356 235 357
f 357 235 234
f 357 234 358
f 358 234 233
f 358 233 264
f 264 233 232
f 264 232 231
f 238 359 220
f 220 359 349
f 349 359 348
f 348 359 360
f 348 360 347
f 347 360 361
f 347 361 346
f 346 361 362
f 346 362 345
f 363 343 362
f 362 343 344
f 362 344 345
f 357 364 356
f 356 364 365
f 356 365 355
f 355 365 366
f 264 263 358
f 358 263 262
f 358 262 357
f 357 262 261
f 357 261 364
f 364 261 253
f 364 253 365
f 365 253 351
f 365 351 366
f 366 351 354
f 238 350 359
f 359 350 367
f 359 367 360
f 360 367 368
f 360 368 361
f 361 368 369
f 361 369 362
f 362 369 370
f 362 370 363
f 309 343 310
f 310 343 363
f 310 363 311
f 311 363 370
f 311 370 352
f 352 370 369
f 352 369 353
f 353 369 368
f 353 368 354
f 354 368 367
f 354 367 366
f 366 367 350
f 366 350 355
f 355 350 237
f 355 237 236
f 203 251 172
f 251 371 172
f 172 371 372
f 172 372 174
f 174 372 373
f 174 373 176
f 162 160 197
f 197 160 158
f 197 158 273
f 273 158 180
f 273 180 374
f 172 170 203
f 203 170 168
f 203 168 199
f 199 168 166
f 199 166 200
f 200 166 164
f 197 198 162
f 162 198 202
f 162 202 164
f 164 202 201
f 164 201 200
f 176 373 178
f 178 373 375
f 178 375 180
f 180 375 376
f 180 376 374
f 377 378 379
f 260 380 247
f 379 381 382
f 383 384 373
f 372 371 385
f 378 386 379
f 379 386 387
f 379 387 381
f 207 386 295
f 295 386 378
f 295 378 296
f 296 378 377
f 296 377 297
f 388 389 299
f 389 258 299
f 299 258 257
f 299 257 298
f 298 257 266
f 251 250 390
f 390 250 249
f 301 297 391
f 391 297 377
f 391 377 392
f 392 377 379
f 392 379 393
f 393 379 382
f 393 382 394
f 395 396 397
f 300 301 398
f 398 301 391
f 398 391 399
f 399 391 392
f 399 392 400
f 400 392 393
f 400 393 401
f 401 393 394
f 401 394 402
f 299 300 388
f 388 300 398
f 388 398 397
f 397 398 399
f 397 399 395
f 395 399 400
f 395 400 403
f 403 400 401
f 403 401 383
f 383 401 402
f 383 402 384
f 371 251 385
f 385 251 390
f 385 390 404
f 404 390 249
f 404 249 248
f 373 372 383
f 383 372 385
f 383 385 403
f 403 385 404
f 403 404 395
f 395 404 248
f 395 248 396
f 396 248 247
f 396 247 397
f 397 247 380
f 397 380 388
f 388 380 260
f 388 260 389
f 389 260 259
f 389 259 258
f 207 208 386
f 386 208 405
f 386 405 387
f 387 405 406
f 387 406 381
f 381 406 407
f 381 407 382
f 382 407 408
f 382 408 394
f 394 408 409
f 394 409 402
f 402 409 410
f 402 410 384
f 384 410 411
f 384 411 373
f 373 411 375
f 308 307 412
f 271 413 272
f 414 273 374
f 273 414 269
f 269 414 415
f 269 415 270
f 270 415 271
f 271 415 416
f 271 416 413
f 417 306 418
f 418 306 305
f 418 305 419
f 419 305 304
f 419 304 420
f 420 304 303
f 420 303 283
f 283 303 302
f 283 302 284
f 308 421 208
f 208 421 405
f 405 421 406
f 406 421 422
f 406 422 407
f 407 422 423
f 407 423 408
f 408 423 424
f 408 424 409
f 425 411 424
f 424 411 410
f 424 410 409
f 419 426 418
f 418 426 427
f 418 427 417
f 417 427 428
f 283 280 420
f 420 280 279
f 420 279 419
f 419 279 278
f 419 278 426
f 426 278 272
f 426 272 427
f 427 272 413
f 427 413 428
f 428 413 416
f 308 412 421
f 421 412 429
f 421 429 422
f 422 429 430
f 422 430 423
f 423 430 431
f 423 431 424
f 424 431 432
f 424 432 425
f 375 411 376
f 376 411 425
f 376 425 374
f 374 425 432
f 374 432 414
f 414 432 431
f 414 431 415
f 415 431 430
f 415 430 416
f 416 430 429
f 416 429 428
f 428 429 412
f 428 412 417
f 417 412 307
f 417 307 306
f 433 434 435
f 436 437 438
f 438 437 439
f 439 440 438
f 438 440 441
f 438 441 442
f 436 438 443
f 443 438 444
f 443 444 445
f 446 447 448
f 448 449 446
f 446 449 450
f 446 450 444
f 444 450 451
f 444 451 445
f 452 453 454
f 454 455 452
f 452 455 456
f 452 456 446
f 446 456 457
f 446 457 447
f 458 459 460
f 460 459 461
f 461 462 460
f 460 462 463
f 460 463 452
f 452 463 464
f 452 464 453
f 458 460 465
f 465 460 466
f 465 466 467
f 468 469 470
f 468 470 471
f 470 472 471
f 471 472 473
f 471 473 466
f 466 473 474
f 466 474 467
f 475 476 477
f 477 478 475
f 475 478 479
f 475 479 468
f 468 479 480
f 468 480 469
f 481 482 483
f 483 484 481
f 481 484 485
f 481 485 475
f 475 485 486
f 475 486 476
f 435 434 481
f 481 434 487
f 481 487 488
f 488 489 481
f 481 489 490
f 481 490 482
f 433 435 491
f 491 435 492
f 491 492 493
f 494 495 496
f 496 497 494
f 494 497 498
f 494 498 492
f 492 498 499
f 492 499 493
f 441 500 442
f 442 500 501
f 442 501 502
f 502 503 442
f 442 503 504
f 442 504 494
f 494 504 505
f 494 505 495
f 506 507 508
f 509 510 511
f 511 510 512
f 511 512 513
f 513 512 514
f 515 516 517
f 517 516 518
f 517 518 519
f 520 521 522
f 523 524 525
f 506 508 526
f 522 521 527
f 525 524 528
f 528 524 529
f 528 529 530
f 531 532 533
f 518 534 519
f 519 534 535
f 519 535 536
f 536 535 537
f 536 537 538
f 538 537 539
f 538 539 540
f 541 542 543
f 543 542 544
f 543 544 545
f 545 544 546
f 545 546 547
f 547 546 548
f 547 548 549
f 550 551 552
f 552 551 553
f 552 553 554
f 555 556 557
f 557 556 558
f 557 558 559
f 559 558 560
f 559 560 561
f 561 560 540
f 561 540 562
f 562 540 539
f 508 563 526
f 526 563 564
f 526 564 565
f 565 564 566
f 565 566 567
f 567 566 568
f 567 568 569
f 569 568 516
f 569 516 570
f 570 516 515
f 515 571 570
f 570 571 572
f 570 572 573
f 573 572 574
f 573 574 509
f 509 574 575
f 509 575 510
f 510 575 555
f 510 555 576
f 576 555 557
f 543 577 541
f 541 577 578
f 541 578 579
f 579 578 520
f 579 520 580
f 580 520 522
f 580 522 581
f 581 522 582
f 581 582 583
f 583 582 584
f 583 584 514
f 514 584 585
f 514 585 513
f 521 586 527
f 527 586 587
f 527 587 530
f 530 587 588
f 530 588 528
f 528 588 589
f 528 589 590
f 590 589 591
f 590 591 592
f 592 591 593
f 592 593 594
f 594 593 549
f 594 549 595
f 595 549 548
f 507 596 508
f 508 596 597
f 508 597 598
f 598 597 599
f 598 599 600
f 600 599 554
f 600 554 601
f 601 554 553
f 531 533 602
f 602 533 603
f 602 603 507
f 507 603 604
f 507 604 596
f 605 606 607
f 607 606 608
f 607 608 609
f 609 608 610
f 609 610 550
f 550 610 611
f 550 611 551
f 612 613 605
f 605 613 614
f 605 614 606
f 525 615 523
f 523 615 616
f 523 616 617
f 617 616 618
f 617 618 619
f 619 618 613
f 619 613 531
f 531 613 612
f 531 612 532
f 620 621 622
f 622 621 623
f 624 625 626
f 627 628 629
f 629 628 630
f 629 630 620
f 620 630 631
f 620 631 621
f 629 632 627
f 627 632 633
f 627 633 634
f 634 633 635
f 634 635 636
f 636 635 637
f 636 637 638
f 639 640 641
f 642 643 644
f 644 643 645
f 644 645 646
f 646 645 647
f 646 647 648
f 648 647 649
f 648 649 650
f 651 652 653
f 653 652 654
f 653 654 655
f 655 654 656
f 657 658 659
f 659 658 660
f 659 660 661
f 661 660 662
f 661 662 656
f 656 662 663
f 656 663 655
f 664 665 666
f 666 665 667
f 666 667 668
f 668 667 669
f 668 669 670
f 641 671 639
f 639 671 672
f 639 672 673
f 673 672 674
f 673 674 657
f 657 674 675
f 657 675 658
f 621 624 623
f 623 624 626
f 623 626 676
f 676 626 677
f 676 677 678
f 678 677 679
f 678 679 680
f 649 652 650
f 650 652 651
f 650 651 681
f 681 651 627
f 681 627 682
f 682 627 634
f 682 634 683
f 637 684 638
f 638 684 685
f 638 685 686
f 686 685 687
f 686 687 688
f 688 687 680
f 688 680 689
f 689 680 679
f 664 690 665
f 665 690 691
f 665 691 692
f 692 691 693
f 692 693 694
f 694 693 695
f 694 695 696
f 696 695 697
f 696 697 698
f 698 697 699
f 698 699 634
f 634 699 700
f 634 700 683
f 701 702 703
f 703 702 704
f 703 704 705
f 705 704 706
f 705 706 707
f 708 709 710
f 710 709 711
f 710 711 712
f 712 711 713
f 712 713 714
f 714 713 715
f 714 715 701
f 701 715 716
f 701 716 702
f 710 717 708
f 708 717 718
f 708 718 719
f 719 718 720
f 719 720 665
f 665 720 721
f 665 721 667
f 722 723 724
f 724 723 725
f 724 725 726
f 726 725 727
f 726 727 728
f 728 727 641
f 728 641 644
f 644 641 640
f 644 640 642
f 706 729 707
f 707 729 722
f 707 722 670
f 670 722 724
f 670 724 668
f 614 653 655
f 614 655 606
f 606 655 663
f 606 663 608
f 608 663 662
f 608 662 610
f 610 662 660
f 610 660 611
f 611 660 658
f 611 658 551
f 551 658 675
f 551 675 553
f 553 675 674
f 553 674 601
f 601 674 672
f 601 672 600
f 600 672 671
f 600 671 598
f 508 598 641
f 641 598 671
f 508 641 727
f 508 727 563
f 563 727 725
f 563 725 564
f 564 725 723
f 564 723 566
f 566 723 722
f 566 722 568
f 568 722 729
f 568 729 516
f 518 516 706
f 706 516 729
f 518 706 704
f 518 704 534
f 534 704 702
f 534 702 535
f 535 702 716
f 535 716 537
f 537 716 715
f 537 715 539
f 539 715 713
f 539 713 562
f 562 713 711
f 562 711 561
f 561 711 709
f 561 709 559
f 559 709 708
f 559 708 557
f 557 708 719
f 557 719 576
f 510 576 665
f 665 576 719
f 510 665 692
f 510 692 512
f 512 692 694
f 512 694 514
f 514 694 696
f 514 696 583
f 583 696 698
f 583 698 581
f 581 698 634
f 581 634 580
f 579 580 636
f 636 580 634
f 579 636 638
f 579 638 541
f 541 638 686
f 541 686 542
f 542 686 688
f 542 688 544
f 544 688 689
f 544 689 546
f 546 689 679
f 546 679 548
f 548 679 677
f 548 677 595
f 595 677 626
f 595 626 594
f 594 626 625
f 594 625 592
f 592 625 624
f 592 624 590
f 528 590 621
f 621 590 624
f 528 621 631
f 528 631 525
f 525 631 630
f 525 630 615
f 615 630 628
f 615 628 616
f 616 628 627
f 616 627 618
f 618 627 651
f 618 651 613
f 614 613 653
f 653 613 651
f 550 659 609
f 609 659 661
f 609 661 607
f 607 661 656
f 607 656 605
f 605 656 654
f 605 654 612
f 612 654 652
f 612 652 532
f 532 652 649
f 532 649 533
f 533 649 647
f 533 647 603
f 603 647 645
f 603 645 604
f 604 645 643
f 604 643 596
f 596 643 642
f 596 642 597
f 597 642 640
f 597 640 599
f 599 640 639
f 599 639 554
f 554 639 673
f 554 673 552
f 552 673 657
f 552 657 550
f 550 657 659
f 730 644 731
f 731 644 646
f 731 646 732
f 732 646 648
f 732 648 733
f 733 648 650
f 733 650 734
f 734 650 681
f 734 681 735
f 735 681 682
f 735 682 736
f 736 682 683
f 736 683 737
f 737 683 700
f 737 700 738
f 738 700 699
f 738 699 739
f 739 699 697
f 739 697 740
f 740 697 695
f 740 695 741
f 741 695 693
f 741 693 742
f 742 693 691
f 742 691 743
f 743 691 690
f 743 690 744
f 744 690 664
f 744 664 745
f 745 664 666
f 745 666 746
f 746 666 668
f 746 668 747
f 747 668 724
f 747 724 748
f 748 724 726
f 748 726 749
f 749 726 728
f 749 728 730
f 730 728 644
f 589 620 591
f 591 620 622
f 591 622 593
f 593 622 623
f 593 623 549
f 549 623 676
f 549 676 547
f 547 676 678
f 547 678 545
f 545 678 680
f 545 680 543
f 543 680 687
f 543 687 577
f 577 687 685
f 577 685 578
f 578 685 684
f 578 684 520
f 520 684 637
f 520 637 521
f 521 637 635
f 521 635 586
f 586 635 633
f 586 633 587
f 587 633 632
f 587 632 588
f 588 632 629
f 588 629 589
f 589 629 620
f 515 707 571
f 571 707 670
f 571 670 572
f 572 670 669
f 572 669 574
f 574 669 667
f 574 667 575
f 575 667 721
f 575 721 555
f 555 721 720
f 555 720 556
f 556 720 718
f 556 718 558
f 558 718 717
f 558 717 560
f 560 717 710
f 560 710 540
f 540 710 712
f 540 712 538
f 538 712 714
f 538 714 536
f 536 714 701
f 536 701 519
f 519 701 703
f 519 703 517
f 517 703 705
f 517 705 515
f 515 705 707
f 438 750 444
f 444 750 751
f 444 751 446
f 752 471 466
f 452 753 460
f 460 753 754
f 460 754 466
f 466 754 755
f 466 755 752
f 442 756 438
f 438 756 757
f 438 757 750
f 751 758 446
f 446 758 759
f 446 759 452
f 452 759 760
f 452 760 753
f 481 761 435
f 435 761 762
f 435 762 492
f 494 763 442
f 442 763 764
f 442 764 756
f 762 765 492
f 492 765 766
f 492 766 494
f 494 766 767
f 494 767 763
f 475 768 481
f 481 768 769
f 481 769 761
f 752 770 471
f 471 770 771
f 471 771 468
f 468 771 772
f 468 772 475
f 475 772 773
f 475 773 768
f 771 770 585
f 585 770 513
f 770 752 513
f 513 752 755
f 513 755 511
f 511 755 754
f 511 754 509
f 509 754 753
f 509 753 573
f 573 753 760
f 573 760 570
f 570 760 759
f 570 759 569
f 569 759 758
f 569 758 567
f 567 758 751
f 567 751 565
f 565 751 750
f 565 750 526
f 526 750 757
f 526 757 506
f 506 757 756
f 506 756 507
f 507 756 764
f 507 764 602
f 602 764 763
f 602 763 531
f 531 763 767
f 531 767 619
f 619 767 766
f 619 766 617
f 617 766 765
f 617 765 523
f 523 765 762
f 523 762 524
f 524 762 761
f 524 761 529
f 529 761 769
f 529 769 530
f 530 769 768
f 530 768 527
f 527 768 773
f 527 773 522
f 522 773 772
f 522 772 582
f 582 772 771
f 582 771 584
f 584 771 585
f 740 741 774
f 740 774 739
f 736 737 774
f 774 737 738
f 774 738 739
f 733 734 774
f 774 734 735
f 774 735 736
f 730 731 774
f 774 731 732
f 774 732 733
f 747 748 774
f 774 748 749
f 774 749 730
f 744 745 774
f 774 745 746
f 774 746 747
f 741 742 774
f 774 742 743
f 774 743 744
f 775 776 777
f 778 779 780
f 781 782 783
f 784 785 786
f 787 788 789
f 790 791 792
f 793 794 795
f 796 797 798
f 799 800 801
f 802 803 804
f 805 806 807
f 808 809 810
f 811 812 813
f 813 812 814
f 813 814 815
f 816 817 818
f 818 817 819
f 818 819 811
f 811 819 820
f 811 820 812
f 821 822 823
f 823 822 824
f 823 824 825
f 826 827 828
f 828 827 829
f 828 829 821
f 821 829 830
f 821 830 822
f 831 832 833
f 833 832 834
f 833 834 835
f 835 834 836
f 835 836 837
f 837 836 838
f 837 838 839
f 839 838 840
f 839 840 841
f 841 840 842
f 841 842 843
f 844 845 831
f 831 845 846
f 831 846 832
f 847 848 849
f 849 848 850
f 851 852 853
f 853 852 849
f 853 849 854
f 854 849 850
f 806 805 855
f 855 805 856
f 855 856 857
f 807 858 859
f 859 858 860
f 859 860 861
f 861 860 862
f 862 863 861
f 861 863 864
f 861 864 859
f 859 864 865
f 859 865 866
f 856 854 857
f 857 854 850
f 857 850 855
f 855 850 867
f 855 867 806
f 806 867 868
f 806 868 807
f 807 868 869
f 807 869 858
f 870 871 872
f 872 871 873
f 872 873 874
f 874 873 875
f 874 875 876
f 876 875 877
f 876 877 878
f 878 877 879
f 878 879 880
f 880 879 881
f 880 881 882
f 882 881 883
f 884 885 870
f 870 885 886
f 870 886 871
f 804 887 802
f 802 887 888
f 802 888 889
f 890 799 891
f 891 799 801
f 891 801 892
f 892 801 893
f 894 895 896
f 896 895 897
f 896 897 898
f 899 900 901
f 890 891 894
f 894 891 899
f 894 899 895
f 895 899 901
f 895 901 897
f 797 796 804
f 800 889 801
f 801 889 888
f 801 888 893
f 893 888 887
f 893 887 902
f 902 887 804
f 902 804 903
f 903 804 796
f 904 905 906
f 906 905 907
f 906 907 908
f 909 910 907
f 907 910 911
f 907 911 908
f 909 912 910
f 910 912 913
f 910 913 914
f 914 913 915
f 914 915 916
f 916 915 917
f 916 917 918
f 918 917 919
f 920 921 922
f 922 921 923
f 922 923 919
f 924 925 926
f 926 925 927
f 926 927 920
f 920 927 928
f 920 928 921
f 793 795 929
f 930 931 932
f 932 931 933
f 932 933 934
f 935 936 937
f 937 936 938
f 937 938 930
f 930 938 939
f 930 939 931
f 940 941 942
f 942 941 943
f 942 943 944
f 944 943 945
f 944 945 946
f 946 945 947
f 946 947 948
f 949 950 951
f 951 950 952
f 951 952 948
f 948 952 953
f 948 953 946
f 954 955 956
f 956 955 957
f 957 958 956
f 956 958 959
f 956 959 960
f 960 959 961
f 960 961 962
f 791 790 963
f 963 790 964
f 963 964 965
f 792 966 967
f 967 966 968
f 967 968 969
f 969 968 970
f 970 971 969
f 969 971 972
f 969 972 967
f 967 972 973
f 967 973 974
f 964 958 965
f 965 958 957
f 965 957 963
f 963 957 975
f 963 975 791
f 791 975 976
f 791 976 792
f 792 976 977
f 792 977 966
f 788 787 978
f 979 980 981
f 981 980 982
f 981 982 983
f 983 982 984
f 983 984 789
f 789 984 985
f 789 985 787
f 986 987 988
f 988 987 989
f 988 989 979
f 979 989 990
f 979 990 980
f 991 992 986
f 986 992 993
f 986 993 987
f 786 994 784
f 784 994 995
f 784 995 996
f 997 781 998
f 998 781 783
f 998 783 999
f 999 783 1000
f 1001 1002 1003
f 1003 1002 1004
f 1003 1004 1005
f 1006 1007 1008
f 997 998 1001
f 1001 998 1006
f 1001 1006 1002
f 1002 1006 1008
f 1002 1008 1004
f 779 778 786
f 782 996 783
f 783 996 995
f 783 995 1000
f 1000 995 994
f 1000 994 1009
f 1009 994 786
f 1009 786 1010
f 1010 786 778
f 1011 1012 1013
f 1013 1012 1014
f 1013 1014 1015
f 1013 1016 1011
f 1011 1016 1017
f 1011 1017 1018
f 1018 1017 775
f 775 1017 1019
f 775 1019 776
f 787 954 978
f 978 954 956
f 978 956 1020
f 1020 956 960
f 1020 960 1021
f 1021 960 962
f 1021 962 949
f 949 962 1022
f 949 1022 950
f 942 935 940
f 940 935 937
f 940 937 1023
f 803 885 804
f 804 885 884
f 804 884 797
f 797 884 904
f 797 904 798
f 798 904 906
f 851 845 852
f 852 845 844
f 852 844 849
f 849 844 883
f 849 883 847
f 847 883 881
f 843 842 1024
f 1024 842 826
f 1024 826 1025
f 1025 826 828
f 1025 828 1026
f 785 992 786
f 786 992 991
f 786 991 779
f 779 991 1027
f 779 1027 780
f 780 1027 1028
f 780 1028 1015
f 1015 1028 1029
f 1015 1029 1013
f 917 1030 919
f 919 1030 1023
f 919 1023 922
f 922 1023 937
f 922 937 920
f 920 937 930
f 920 930 926
f 926 930 932
f 926 932 924
f 924 932 934
f 924 934 1031
f 1031 934 1032
f 1031 1032 1033
f 1033 1032 1034
f 1033 1034 795
f 795 1034 1035
f 795 1035 929
f 1036 808 1037
f 1037 808 810
f 1037 810 1038
f 1038 810 1039
f 1038 1039 1040
f 1040 1039 1041
f 1040 1041 825
f 825 1041 816
f 825 816 823
f 823 816 818
f 823 818 821
f 821 818 811
f 821 811 828
f 828 811 813
f 828 813 1026
f 1026 813 815
f 1026 815 777
f 777 815 1042
f 777 1042 775
f 1043 1044 1045
f 1046 1047 1048
f 1049 1050 1051
f 1052 1053 1054
f 1055 1056 1057
f 1058 433 491
f 1059 1060 1061
f 1062 1063 1064
f 1065 1066 1067
f 1068 480 479
f 1069 1070 1071
f 1070 1072 1071
f 1071 1072 1073
f 1071 1073 1074
f 1074 1073 1075
f 1074 1075 1076
f 1076 1075 1077
f 1076 1077 1078
f 1078 1079 1080
f 1080 1079 1081
f 1078 1077 1079
f 1079 1077 1045
f 1079 1045 1081
f 1081 1045 1044
f 1081 1044 1082
f 1082 1044 1043
f 1082 1043 1083
f 465 467 1084
f 1084 467 474
f 1084 474 1085
f 1085 474 473
f 1085 473 1086
f 1086 473 472
f 1086 472 1087
f 1087 472 470
f 1087 470 1088
f 1088 470 1068
f 1068 470 469
f 1068 469 480
f 478 1089 479
f 479 1089 1090
f 479 1090 1068
f 1091 1092 1093
f 1093 1092 1094
f 1094 1095 1093
f 1093 1095 1064
f 1093 1064 1091
f 1091 1064 1063
f 1091 1063 1096
f 1097 1066 1098
f 1098 1066 1065
f 1098 1065 1099
f 1099 1065 1100
f 1099 1100 1062
f 1062 1100 1101
f 1062 1101 1063
f 1063 1101 1102
f 1063 1102 1096
f 1103 1104 1105
f 1105 1104 1106
f 1105 1106 1107
f 1107 1106 1094
f 1107 1094 1108
f 1108 1094 1092
f 1103 1105 1109
f 1109 1105 486
f 1109 486 1110
f 486 485 1110
f 1110 485 484
f 1110 484 1111
f 1111 484 483
f 1111 483 1112
f 1112 483 482
f 1112 482 1113
f 1113 482 490
f 1113 490 1114
f 1114 490 489
f 1059 1061 1115
f 1116 1117 1118
f 1119 1120 1117
f 1117 1120 1121
f 1117 1121 1118
f 1122 1123 1119
f 1119 1123 1124
f 1119 1124 1120
f 1119 1125 1126
f 1122 1119 1127
f 1127 1119 1126
f 1127 1126 1128
f 1125 1119 1129
f 1129 1119 1117
f 1129 1117 1130
f 1116 1131 1117
f 1117 1131 1132
f 1117 1132 1130
f 1118 1115 1116
f 1116 1115 1061
f 1116 1061 1131
f 1131 1061 1133
f 1131 1133 1134
f 1134 1133 1135
f 1058 491 1136
f 1136 491 493
f 1136 493 1137
f 1137 493 499
f 1137 499 1138
f 1138 499 1139
f 1139 499 498
f 1139 498 1140
f 1141 1142 1143
f 1143 1142 1144
f 1144 1142 1145
f 1145 1142 1146
f 1145 1146 1147
f 1055 1147 1053
f 1057 1056 1148
f 1148 1056 1149
f 1148 1149 1150
f 1151 1152 1153
f 1150 1154 1155
f 1155 1154 1156
f 1155 1156 1157
f 1157 1156 1151
f 1157 1151 1158
f 1158 1151 1153
f 1159 1160 1151
f 1151 1160 1161
f 1151 1161 1152
f 1150 1149 1154
f 1154 1149 1162
f 1154 1162 1156
f 1156 1162 1163
f 1156 1163 1151
f 1151 1163 1164
f 1151 1164 1159
f 1055 1053 1056
f 1056 1053 1052
f 1056 1052 1149
f 1149 1052 1165
f 1149 1165 1162
f 1147 1146 1053
f 1053 1146 1166
f 1053 1166 1054
f 1167 504 1168
f 1168 504 503
f 1168 503 1169
f 1169 503 502
f 1169 502 1170
f 1170 502 501
f 1170 501 1171
f 1171 501 500
f 1171 500 1172
f 1172 500 441
f 1172 441 1173
f 1173 441 440
f 1173 440 1174
f 1174 440 439
f 1174 439 1175
f 1050 1049 1176
f 1175 439 1177
f 1177 439 437
f 1177 437 436
f 1178 1179 1180
f 1181 1182 1183
f 1183 1182 1178
f 1183 1178 1184
f 1184 1178 1180
f 1184 1180 1185
f 1179 1178 1046
f 1046 1178 1186
f 1046 1186 1047
f 1187 1188 1189
f 1189 1188 1190
f 1189 1190 1191
f 1191 1190 1192
f 1182 1193 1178
f 1178 1193 1194
f 1178 1194 1186
f 1186 1194 1195
f 1186 1195 1047
f 1047 1195 1191
f 1047 1191 1048
f 1048 1191 1192
f 1195 1196 1191
f 1191 1196 1051
f 1191 1051 1189
f 1189 1051 1050
f 1189 1050 1187
f 1187 1050 1176
f 1187 1176 1197
f 1197 1176 1198
f 1198 1176 1199
f 1198 1199 1200
f 1200 1199 1201
f 1200 1201 1202
f 1203 1204 445
f 445 451 1203
f 1203 451 450
f 1203 450 1205
f 1205 450 449
f 1205 449 1206
f 1206 449 448
f 1206 448 1207
f 1207 448 1208
f 1208 448 447
f 1208 447 457
f 1209 1210 1211
f 1209 1212 1210
f 1210 1212 1213
f 1210 1213 1214
f 1214 1213 1215
f 1214 1215 1216
f 1217 1218 1219
f 1219 1218 1220
f 1219 1220 1215
f 1215 1220 1221
f 1215 1221 1216
f 1219 1222 1223
f 1217 1219 1224
f 1224 1219 1223
f 1224 1223 1225
f 1222 1219 1226
f 1226 1219 1215
f 1226 1215 1227
f 1228 1229 1212
f 1212 1229 1230
f 1212 1230 1213
f 1213 1230 1231
f 1213 1231 1215
f 1215 1231 1232
f 1215 1232 1227
f 453 1233 454
f 454 1233 1234
f 454 1234 455
f 462 1235 463
f 463 1235 1233
f 463 1233 464
f 464 1233 453
f 461 1236 462
f 462 1236 1237
f 462 1237 1235
f 1238 1239 1240
f 1240 1239 1241
f 1240 1241 1242
f 1242 1241 1243
f 1242 1243 1083
f 1083 1243 1244
f 1083 1244 1082
f 1092 1089 1108
f 1108 1089 478
f 1108 478 1107
f 1107 478 477
f 1107 477 1105
f 1105 477 476
f 1105 476 486
f 433 1058 434
f 434 1058 1135
f 434 1135 487
f 487 1135 1133
f 487 1133 488
f 488 1133 1061
f 488 1061 489
f 489 1061 1060
f 489 1060 1114
f 1143 1140 1141
f 1141 1140 498
f 1141 498 1142
f 1142 498 497
f 1142 497 1146
f 1146 497 496
f 1146 496 1166
f 1166 496 495
f 1166 495 1167
f 1167 495 505
f 1167 505 504
f 1204 1202 445
f 445 1202 1201
f 445 1201 443
f 443 1201 1199
f 443 1199 436
f 436 1199 1176
f 436 1176 1177
f 1177 1176 1049
f 1234 1245 455
f 455 1245 1228
f 455 1228 456
f 456 1228 1212
f 456 1212 457
f 457 1212 1209
f 457 1209 1208
f 1208 1209 1211
f 1084 1244 465
f 465 1244 1243
f 465 1243 458
f 458 1243 1241
f 458 1241 459
f 459 1241 1239
f 459 1239 461
f 461 1239 1238
f 461 1238 1236
f 1005 1004 1246
f 1246 1004 1247
f 1246 1247 1248
f 1248 1247 1249
f 1248 1249 1250
f 1250 1249 1251
f 1252 1253 1251
f 971 1250 972
f 972 1250 1251
f 972 1251 973
f 973 1251 1253
f 973 1253 974
f 1251 1254 1252
f 1252 1254 1255
f 1252 1255 1256
f 1256 1255 1257
f 1256 1257 1258
f 1258 1257 1259
f 1258 1259 1260
f 1260 1259 1261
f 1260 1261 1262
f 1262 1261 1263
f 1262 1263 1264
f 1264 1263 1265
f 1264 1265 1266
f 793 929 1267
f 1268 1269 1270
f 1266 1265 1267
f 1267 1265 1270
f 1267 1270 793
f 793 1270 1269
f 793 1269 794
f 1271 1272 1273
f 1273 1272 1274
f 1273 1274 1275
f 1275 1274 1276
f 1275 1276 1277
f 1277 1276 1278
f 1277 1278 1279
f 1279 1278 1280
f 1279 1280 1281
f 1281 1280 1268
f 1281 1268 1282
f 1282 1268 1270
f 901 900 1283
f 897 901 1284
f 1284 901 1283
f 1284 1283 1271
f 1271 1283 1285
f 1271 1285 1272
f 898 897 1286
f 1286 897 1284
f 1286 1284 1287
f 1287 1284 1288
f 1287 1288 1289
f 1289 1288 1290
f 1291 1292 1290
f 863 1289 864
f 864 1289 1290
f 864 1290 865
f 865 1290 1292
f 865 1292 866
f 1290 1293 1291
f 1291 1293 1294
f 1291 1294 1295
f 1295 1294 1296
f 1295 1296 1297
f 1297 1296 1298
f 1297 1298 1299
f 1299 1298 1300
f 1299 1300 1301
f 1301 1300 1302
f 1301 1302 1303
f 1303 1302 1304
f 1303 1304 1305
f 808 1036 1306
f 1307 1308 1309
f 1305 1304 1306
f 1306 1304 1309
f 1306 1309 808
f 808 1309 1308
f 808 1308 809
f 1310 1311 1312
f 1312 1311 1313
f 1312 1313 1314
f 1314 1313 1315
f 1314 1315 1316
f 1316 1315 1317
f 1316 1317 1318
f 1318 1317 1319
f 1318 1319 1320
f 1320 1319 1307
f 1320 1307 1321
f 1321 1307 1309
f 1008 1007 1322
f 1004 1008 1247
f 1247 1008 1322
f 1247 1322 1310
f 1310 1322 1323
f 1310 1323 1311
f 1254 1251 1324
f 1324 1251 1249
f 1324 1249 1325
f 1325 1249 1247
f 1325 1247 1326
f 1326 1247 1310
f 1326 1310 1327
f 1327 1310 1312
f 1327 1312 1328
f 1328 1312 1314
f 1328 1314 1329
f 1329 1314 1316
f 1329 1316 1330
f 1330 1316 1318
f 1330 1318 1331
f 1331 1318 1320
f 1331 1320 1332
f 1332 1320 1321
f 1332 1321 1333
f 1333 1321 1309
f 1333 1309 1334
f 1334 1309 1304
f 1334 1304 1335
f 1335 1304 1302
f 1335 1302 1336
f 1336 1302 1300
f 1336 1300 1337
f 1337 1300 1298
f 1337 1298 1338
f 1338 1298 1296
f 1338 1296 1339
f 1339 1296 1294
f 1339 1294 1340
f 1340 1294 1293
f 1340 1293 1341
f 1341 1293 1290
f 1341 1290 1342
f 1342 1290 1288
f 1342 1288 1343
f 1343 1288 1284
f 1343 1284 1344
f 1344 1284 1271
f 1344 1271 1345
f 1345 1271 1273
f 1345 1273 1346
f 1346 1273 1275
f 1346 1275 1347
f 1347 1275 1277
f 1347 1277 1348
f 1348 1277 1279
f 1348 1279 1349
f 1349 1279 1281
f 1349 1281 1350
f 1350 1281 1282
f 1350 1282 1351
f 1351 1282 1270
f 1351 1270 1352
f 1352 1270 1265
f 1352 1265 1353
f 1353 1265 1263
f 1353 1263 1354
f 1354 1263 1261
f 1354 1261 1355
f 1355 1261 1259
f 1355 1259 1356
f 1356 1259 1257
f 1356 1257 1357
f 1357 1257 1255
f 1357 1255 1358
f 1358 1255 1254
f 1358 1254 1324
f 1359 1217 1360
f 1360 1217 1224
f 1360 1224 1225
f 1184 1185 1361
f 1362 1334 1363
f 1363 1334 1335
f 1363 1335 1364
f 1364 1335 1336
f 1364 1336 1365
f 1365 1336 1337
f 1365 1337 1366
f 1366 1337 1338
f 1366 1338 1367
f 1367 1338 1339
f 1367 1339 1368
f 1368 1339 1340
f 1368 1340 1361
f 1361 1340 1341
f 1361 1341 1184
f 1184 1341 1183
f 1161 1160 1369
f 1181 1183 1370
f 1370 1183 1341
f 1370 1341 1371
f 1371 1341 1342
f 1371 1342 1369
f 1369 1342 1343
f 1369 1343 1161
f 1161 1343 1152
f 1128 1372 1127
f 1127 1372 1373
f 1127 1373 1122
f 1153 1152 1374
f 1374 1152 1343
f 1374 1343 1375
f 1375 1343 1344
f 1375 1344 1376
f 1376 1344 1345
f 1376 1345 1377
f 1377 1345 1346
f 1377 1346 1378
f 1378 1346 1347
f 1378 1347 1379
f 1379 1347 1348
f 1379 1348 1380
f 1380 1348 1349
f 1380 1349 1381
f 1381 1349 1350
f 1381 1350 1372
f 1372 1350 1351
f 1372 1351 1373
f 1097 1382 1066
f 1066 1382 1383
f 1066 1383 1067
f 1384 1383 1324
f 1324 1383 1382
f 1324 1382 1358
f 1358 1382 1385
f 1358 1385 1357
f 1357 1385 1386
f 1357 1386 1356
f 1356 1386 1387
f 1356 1387 1355
f 1355 1387 1388
f 1355 1388 1354
f 1354 1388 1389
f 1354 1389 1353
f 1353 1389 1390
f 1353 1390 1352
f 1352 1390 1391
f 1352 1391 1351
f 1351 1391 1392
f 1351 1392 1373
f 1384 1324 1393
f 1393 1324 1325
f 1393 1325 1394
f 1070 1069 1394
f 1362 1359 1334
f 1334 1359 1360
f 1334 1360 1333
f 1333 1360 1395
f 1333 1395 1332
f 1332 1395 1396
f 1332 1396 1331
f 1331 1396 1397
f 1331 1397 1330
f 1330 1397 1398
f 1330 1398 1329
f 1329 1398 1399
f 1329 1399 1328
f 1328 1399 1400
f 1328 1400 1327
f 1327 1400 1401
f 1327 1401 1326
f 1326 1401 1402
f 1326 1402 1325
f 1325 1402 1403
f 1325 1403 1394
f 1394 1403 1072
f 1394 1072 1070
f 1361 1292 1368
f 1368 1292 1291
f 1368 1291 1367
f 1367 1291 1295
f 1367 1295 1366
f 1366 1295 1297
f 1366 1297 1365
f 1365 1297 1299
f 1365 1299 1364
f 1364 1299 1301
f 1364 1301 1363
f 1363 1301 1303
f 1363 1303 1362
f 1362 1303 1305
f 1362 1305 1359
f 1359 1305 1306
f 1208 826 1207
f 1207 826 842
f 1207 842 1206
f 1206 842 840
f 1206 840 1205
f 1205 840 838
f 1205 838 1203
f 1203 838 836
f 1203 836 1204
f 1204 836 834
f 1217 1359 1306
f 826 1208 827
f 827 1208 1211
f 827 1211 829
f 829 1211 1210
f 1306 1036 1217
f 1217 1036 1037
f 1217 1037 1218
f 1218 1037 1038
f 1218 1038 1220
f 1220 1038 1040
f 1220 1040 1221
f 1221 1040 825
f 1221 825 1216
f 1216 825 824
f 1216 824 1214
f 1214 824 822
f 1214 822 1210
f 1210 822 830
f 1210 830 829
f 1192 854 1048
f 1048 854 856
f 1048 856 1046
f 1046 856 805
f 1046 805 1179
f 1179 805 807
f 1179 807 1180
f 1180 807 859
f 1180 859 1185
f 1185 859 866
f 1185 866 1361
f 1361 866 1292
f 1192 1190 854
f 854 1190 1188
f 854 1188 853
f 1188 1187 853
f 853 1187 1197
f 853 1197 851
f 851 1197 1198
f 1204 834 1202
f 1202 834 832
f 1202 832 1200
f 1200 832 846
f 1200 846 1198
f 1198 846 845
f 1198 845 851
f 1369 1286 1371
f 1371 1286 1287
f 1371 1287 1370
f 1370 1287 1289
f 1177 847 1175
f 1175 847 881
f 885 1166 1167
f 885 1167 886
f 886 1167 1168
f 886 1168 871
f 871 1168 1169
f 871 1169 873
f 873 1169 1170
f 873 1170 875
f 875 1170 1171
f 875 1171 877
f 877 1171 1172
f 877 1172 879
f 879 1172 1173
f 879 1173 881
f 881 1173 1174
f 881 1174 1175
f 850 848 1051
f 1370 1289 1181
f 1181 1289 863
f 1051 848 1049
f 1049 848 847
f 1049 847 1177
f 850 1051 867
f 867 1051 1196
f 867 1196 868
f 868 1196 1195
f 868 1195 869
f 869 1195 1194
f 869 1194 858
f 1194 1193 858
f 858 1193 1182
f 858 1182 860
f 860 1182 1181
f 860 1181 862
f 862 1181 863
f 1054 1166 885
f 1286 1369 898
f 898 1369 1160
f 1054 885 1052
f 885 803 1052
f 1052 803 802
f 1052 802 1165
f 1165 802 889
f 1165 889 1162
f 1162 889 800
f 1162 800 1163
f 1163 800 799
f 1163 799 1164
f 1164 799 890
f 1164 890 1159
f 1159 890 894
f 1159 894 1160
f 1160 894 896
f 1160 896 898
f 1372 1269 1381
f 1381 1269 1268
f 1381 1268 1380
f 1380 1268 1280
f 1380 1280 1379
f 1379 1280 1278
f 1379 1278 1378
f 1378 1278 1276
f 1378 1276 1377
f 1377 1276 1274
f 1377 1274 1376
f 1376 1274 1272
f 1376 1272 1375
f 1375 1272 1285
f 1375 1285 1374
f 1374 1285 1283
f 1139 911 1138
f 1138 911 910
f 1138 910 1137
f 1137 910 914
f 1137 914 1136
f 1136 914 916
f 1136 916 1058
f 1058 916 918
f 1058 918 1135
f 1135 918 919
f 908 911 1139
f 1374 1283 1153
f 1153 1283 900
f 1153 900 1158
f 1158 900 899
f 1158 899 1157
f 1157 899 891
f 1157 891 1155
f 1155 891 892
f 1155 892 1150
f 1150 892 893
f 1150 893 1148
f 1148 893 902
f 1148 902 1057
f 1139 1140 908
f 908 1140 1143
f 908 1143 906
f 906 1143 1144
f 906 1144 798
f 798 1144 796
f 796 1144 1145
f 796 1145 903
f 903 1145 1147
f 903 1147 902
f 902 1147 1055
f 902 1055 1057
f 1135 919 1134
f 1134 919 923
f 1134 923 1131
f 1269 1372 794
f 794 1372 1128
f 794 1128 795
f 795 1128 1126
f 923 921 1131
f 1131 921 928
f 1131 928 1132
f 1132 928 927
f 1132 927 1130
f 1130 927 925
f 1130 925 1129
f 1129 925 924
f 1129 924 1125
f 1125 924 1031
f 1125 1031 1126
f 1126 1031 1033
f 1126 1033 795
f 1382 1253 1385
f 1385 1253 1252
f 1385 1252 1386
f 1386 1252 1256
f 1386 1256 1387
f 1387 1256 1258
f 1387 1258 1388
f 1388 1258 1260
f 1388 1260 1389
f 1389 1260 1262
f 1389 1262 1390
f 1390 1262 1264
f 1390 1264 1391
f 1391 1264 1266
f 1391 1266 1392
f 1392 1266 1267
f 1392 1267 1373
f 1114 935 942
f 1114 942 1113
f 1113 942 944
f 1113 944 1112
f 1112 944 946
f 1112 946 1111
f 1111 946 953
f 1111 953 1110
f 1110 953 952
f 1110 952 1109
f 1122 1373 1267
f 1115 938 1059
f 1059 938 936
f 1059 936 1060
f 1060 936 935
f 1060 935 1114
f 1267 929 1122
f 1122 929 1035
f 1122 1035 1123
f 1123 1035 1034
f 1123 1034 1124
f 1124 1034 1032
f 1124 1032 1120
f 1120 1032 934
f 1120 934 1121
f 1121 934 933
f 1121 933 1118
f 1118 933 931
f 1118 931 1115
f 1115 931 939
f 1115 939 938
f 1109 952 1103
f 1103 952 950
f 1103 950 1104
f 1253 1382 974
f 974 1382 1097
f 974 1097 967
f 967 1097 1098
f 967 1098 792
f 792 1098 1099
f 792 1099 790
f 790 1099 1062
f 790 1062 964
f 964 1062 1064
f 964 1064 958
f 958 1064 1095
f 958 1095 959
f 959 1095 1094
f 959 1094 961
f 961 1094 1106
f 961 1106 962
f 962 1106 1104
f 962 1104 1022
f 1022 1104 950
f 1393 1394 1246
f 1250 1383 1384
f 1393 1246 1384
f 1384 1246 1248
f 1384 1248 1250
f 1089 954 1090
f 1090 954 787
f 1090 787 1068
f 1068 787 985
f 1068 985 1088
f 985 984 1088
f 1088 984 982
f 1088 982 1087
f 982 980 1087
f 1087 980 990
f 1087 990 1086
f 1086 990 989
f 1086 989 1085
f 1085 989 987
f 1085 987 1084
f 1084 987 993
f 1084 993 1244
f 1244 993 992
f 1383 1250 1067
f 1067 1250 971
f 954 1089 955
f 955 1089 1092
f 976 975 1091
f 1091 975 1092
f 1092 975 957
f 1092 957 955
f 1091 1096 976
f 976 1096 1102
f 976 1102 977
f 977 1102 1101
f 977 1101 966
f 1101 1100 966
f 966 1100 1065
f 966 1065 968
f 968 1065 1067
f 968 1067 970
f 970 1067 971
f 1082 1244 992
f 1246 1394 1005
f 1005 1394 1069
f 1005 1069 1003
f 782 1080 996
f 996 1080 1081
f 996 1081 784
f 784 1081 1082
f 784 1082 785
f 785 1082 992
f 1003 1069 1001
f 1001 1069 1071
f 1001 1071 997
f 997 1071 1074
f 997 1074 781
f 781 1074 1076
f 781 1076 782
f 782 1076 1078
f 782 1078 1080
f 1322 1403 1323
f 1323 1403 1402
f 1323 1402 1311
f 1311 1402 1401
f 1311 1401 1313
f 1313 1401 1400
f 1313 1400 1315
f 1315 1400 1399
f 1315 1399 1317
f 1317 1399 1398
f 1317 1398 1319
f 1319 1398 1397
f 1319 1397 1307
f 1307 1397 1396
f 1307 1396 1308
f 1308 1396 1395
f 1308 1395 1360
f 1236 1012 1237
f 1237 1012 1011
f 1237 1011 1235
f 815 1245 1042
f 1042 1245 1234
f 1235 1011 1233
f 1233 1011 1018
f 1233 1018 1234
f 1234 1018 775
f 1234 775 1042
f 1012 1236 1014
f 1014 1236 1238
f 1014 1238 1015
f 1015 1238 1240
f 1015 1240 780
f 780 1240 1242
f 1403 1322 1072
f 1072 1322 1007
f 1072 1007 1073
f 1073 1007 1006
f 1073 1006 1075
f 1075 1006 998
f 1075 998 1077
f 1077 998 999
f 1077 999 1045
f 1045 999 1000
f 1045 1000 1043
f 1043 1000 1009
f 1043 1009 1083
f 1083 1009 1010
f 1083 1010 1242
f 1242 1010 778
f 1242 778 780
f 1228 1245 815
f 1231 1230 814
f 814 1230 815
f 815 1230 1229
f 815 1229 1228
f 1308 1360 809
f 809 1360 1225
f 809 1225 810
f 810 1225 1223
f 814 812 1231
f 1231 812 820
f 1231 820 1232
f 1232 820 819
f 1232 819 1227
f 1227 819 817
f 1227 817 1226
f 1226 817 816
f 1226 816 1222
f 1222 816 1041
f 1222 1041 1223
f 1223 1041 1039
f 1223 1039 810
f 1404 1405 1406
f 1404 1406 1407
f 1408 1409 1406
f 1406 1409 1410
f 1406 1410 1407
f 1411 1412 1406
f 1406 1412 1413
f 1406 1413 1408
f 1414 1415 1406
f 1406 1415 1416
f 1406 1416 1411
f 1405 1417 1406
f 1406 1417 1418
f 1406 1418 1414
f 1023 1030 1414
f 947 945 1418
f 1020 1021 1417
f 776 1019 1409
f 843 1024 1408
f 833 835 1413
f 1411 878 1412
f 1412 878 880
f 1412 880 882
f 882 883 1412
f 1412 883 844
f 1412 844 1413
f 1413 844 831
f 1413 831 833
f 835 837 1413
f 1413 837 839
f 1413 839 1408
f 1408 839 841
f 1408 841 843
f 1024 1025 1408
f 1408 1025 1026
f 1408 1026 1409
f 1409 1026 777
f 1409 777 776
f 1019 1017 1409
f 1409 1017 1016
f 1409 1016 1410
f 1410 1016 1013
f 1013 1029 1410
f 1410 1029 1028
f 1410 1028 1027
f 1027 991 1410
f 1410 991 986
f 1410 986 1407
f 983 1405 1404
f 986 988 1407
f 1407 988 979
f 1407 979 1404
f 1404 979 981
f 1404 981 983
f 983 789 1405
f 1405 789 788
f 1405 788 1417
f 1417 788 978
f 1417 978 1020
f 1021 949 1417
f 1417 949 951
f 1417 951 1418
f 1418 951 948
f 1418 948 947
f 945 943 1418
f 1418 943 941
f 1418 941 1414
f 1414 941 940
f 1414 940 1023
f 1030 917 1414
f 1414 917 915
f 1414 915 1415
f 1415 915 913
f 913 912 1415
f 1415 912 909
f 1415 909 907
f 907 905 1415
f 1415 905 904
f 1415 904 1416
f 1416 904 884
f 1416 884 870
f 870 872 1416
f 1416 872 874
f 1416 874 1411
f 1411 874 876
f 1411 876 878
f 1419 1420 1421
f 1421 1420 1422
f 1421 1422 1423
f 1423 1422 1424
f 1423 1424 1425
f 1425 1424 1426
f 1425 1426 1427
f 1427 1426 1428
f 1427 1428 1429
f 1429 1428 1430
f 1429 1430 1431
f 1431 1430 1432
f 1431 1432 1433
f 1433 1432 1434
f 1433 1434 1435
f 1435 1434 1436
f 1435 1436 1437
f 1437 1436 1438
f 1437 1438 1439
f 1439 1438 1440
f 1439 1440 1441
f 1441 1440 1442
f 1441 1442 1443
f 1443 1442 1444
f 1443 1444 1445
f 1445 1444 1446
f 1445 1446 1447
f 1447 1446 1448
f 1447 1448 1449
f 1449 1448 1450
f 1449 1450 1451
f 1451 1450 1452
f 1451 1452 1453
f 1453 1452 1454
f 1453 1454 1455
f 1455 1454 1456
f 1455 1456 1457
f 1457 1456 1458
f 1457 1458 1459
f 1459 1458 1460
f 1459 1460 1461
f 1461 1460 1462
f 1461 1462 1463
f 1463 1462 1464
f 1463 1464 1465
f 1465 1464 1466
f 1465 1466 1467
f 1467 1466 1468
f 1467 1468 1469
f 1469 1468 1470
f 1469 1470 1471
f 1471 1470 1472
f 1471 1472 1473
f 1473 1472 1474
f 1473 1474 1475
f 1475 1474 1476
f 1475 1476 1477
f 1477 1476 1478
f 1477 1478 1479
f 1479 1478 1480
f 1479 1480 1481
f 1481 1480 1482
f 1481 1482 1483
f 1483 1482 1484
f 1483 1484 1485
f 1485 1484 1486
f 1485 1486 1487
f 1487 1486 1488
f 1487 1488 1489
f 1489 1488 1490
f 1489 1490 1491
f 1491 1490 1492
f 1491 1492 1493
f 1493 1492 1494
f 1493 1494 1419
f 1419 1494 1420
f 1495 1456 1496
f 1496 1456 1454
f 1496 1454 1497
f 1497 1454 1452
f 1497 1452 1498
f 1498 1452 1450
f 1498 1450 1499
f 1500 1466 1501
f 1501 1466 1464
f 1501 1464 1502
f 1502 1464 1462
f 1502 1462 1503
f 1503 1462 1460
f 1503 1460 1495
f 1495 1460 1458
f 1495 1458 1456
f 1450 1448 1499
f 1499 1448 1446
f 1499 1446 1504
f 1504 1446 1444
f 1504 1444 1505
f 1505 1444 1442
f 1505 1442 1506
f 1506 1442 1440
f 1506 1440 1507
f 1507 1440 1438
f 1507 1438 1508
f 1509 1424 1510
f 1510 1424 1422
f 1510 1422 1511
f 1511 1422 1420
f 1511 1420 1512
f 1512 1420 1494
f 1512 1494 1513
f 1513 1494 1492
f 1513 1492 1514
f 1515 1478 1516
f 1516 1478 1476
f 1516 1476 1517
f 1517 1476 1474
f 1517 1474 1518
f 1518 1474 1472
f 1518 1472 1519
f 1519 1472 1470
f 1519 1470 1500
f 1500 1470 1468
f 1500 1468 1466
f 1492 1490 1514
f 1514 1490 1488
f 1514 1488 1520
f 1520 1488 1486
f 1520 1486 1521
f 1521 1486 1484
f 1521 1484 1522
f 1522 1484 1482
f 1522 1482 1515
f 1515 1482 1480
f 1515 1480 1478
f 1438 1436 1508
f 1508 1436 1434
f 1508 1434 1523
f 1523 1434 1432
f 1523 1432 1524
f 1524 1432 1430
f 1524 1430 1525
f 1525 1430 1428
f 1525 1428 1509
f 1509 1428 1426
f 1509 1426 1424
f 1512 1526 1511
f 1511 1526 1527
f 1511 1527 1510
f 1510 1527 1528
f 1510 1528 1509
f 1509 1528 1529
f 1509 1529 1525
f 1525 1529 1530
f 1525 1530 1524
f 1524 1530 1531
f 1524 1531 1523
f 1523 1531 1532
f 1523 1532 1508
f 1508 1532 1533
f 1508 1533 1507
f 1507 1533 1534
f 1507 1534 1506
f 1506 1534 1535
f 1506 1535 1505
f 1505 1535 1536
f 1505 1536 1504
f 1504 1536 1537
f 1504 1537 1499
f 1499 1537 1538
f 1499 1538 1498
f 1498 1538 1539
f 1498 1539 1497
f 1497 1539 1540
f 1497 1540 1496
f 1496 1540 1541
f 1496 1541 1495
f 1495 1541 1542
f 1495 1542 1503
f 1503 1542 1543
f 1503 1543 1502
f 1502 1543 1544
f 1502 1544 1501
f 1501 1544 1545
f 1501 1545 1500
f 1500 1545 1546
f 1500 1546 1519
f 1519 1546 1547
f 1519 1547 1518
f 1518 1547 1548
f 1518 1548 1517
f 1517 1548 1549
f 1517 1549 1516
f 1516 1549 1550
f 1516 1550 1515
f 1515 1550 1551
f 1515 1551 1522
f 1522 1551 1552
f 1522 1552 1521
f 1521 1552 1553
f 1521 1553 1520
f 1520 1553 1554
f 1520 1554 1514
f 1514 1554 1555
f 1514 1555 1513
f 1513 1555 1556
f 1513 1556 1512
f 1512 1556 1526
f 1554 1489 1555
f 1555 1489 1491
f 1555 1491 1556
f 1556 1491 1493
f 1556 1493 1526
f 1526 1493 1419
f 1526 1419 1527
f 1527 1419 1421
f 1527 1421 1528
f 1537 1447 1538
f 1538 1447 1449
f 1538 1449 1539
f 1539 1449 1451
f 1539 1451 1540
f 1540 1451 1453
f 1540 1453 1541
f 1550 1479 1551
f 1551 1479 1481
f 1551 1481 1552
f 1552 1481 1483
f 1552 1483 1553
f 1553 1483 1485
f 1553 1485 1554
f 1554 1485 1487
f 1554 1487 1489
f 1545 1467 1546
f 1546 1467 1469
f 1546 1469 1547
f 1547 1469 1471
f 1547 1471 1548
f 1548 1471 1473
f 1548 1473 1549
f 1549 1473 1475
f 1549 1475 1550
f 1550 1475 1477
f 1550 1477 1479
f 1453 1455 1541
f 1541 1455 1457
f 1541 1457 1542
f 1542 1457 1459
f 1542 1459 1543
f 1543 1459 1461
f 1543 1461 1544
f 1544 1461 1463
f 1544 1463 1545
f 1545 1463 1465
f 1545 1465 1467
f 1532 1435 1533
f 1533 1435 1437
f 1533 1437 1534
f 1534 1437 1439
f 1534 1439 1535
f 1535 1439 1441
f 1535 1441 1536
f 1536 1441 1443
f 1536 1443 1537
f 1537 1443 1445
f 1537 1445 1447
f 1421 1423 1528
f 1528 1423 1425
f 1528 1425 1529
f 1529 1425 1427
f 1529 1427 1530
f 1530 1427 1429
f 1530 1429 1531
f 1531 1429 1431
f 1531 1431 1532
f 1532 1431 1433
f 1532 1433 1435
f 1557 1558 1559
f 1560 1561 1562
f 1563 1564 1565
f 1566 1567 1568
f 1569 1570 1571
f 1572 1573 1574
f 1575 1576 1577
f 1578 1579 1580
f 1581 1582 1583
f 1584 1585 1586
f 1587 1588 1589
f 1590 1591 1592
f 1593 1594 1568
f 1595 1596 1597
f 1598 1599 1600
f 1601 1602 1603
f 1604 1605 1606
f 1607 1608 1609
f 1610 1611 1612
f 1613 1614 1557
f 1557 1614 1615
f 1557 1615 1558
f 1558 1615 1616
f 1613 1617 1614
f 1614 1617 1618
f 1614 1618 1619
f 1619 1618 1620
f 1619 1620 1621
f 1621 1620 1622
f 1621 1622 1623
f 1623 1622 1624
f 1625 1626 1627
f 1627 1626 1628
f 1627 1628 1624
f 1624 1628 1629
f 1624 1629 1623
f 1630 1631 1613
f 1613 1631 1632
f 1613 1632 1617
f 1625 1633 1626
f 1626 1633 1634
f 1626 1634 1630
f 1630 1634 1635
f 1630 1635 1631
f 1636 1637 1638
f 1639 1638 1640
f 1640 1638 1641
f 1640 1641 1642
f 1642 1641 1643
f 1643 1644 1645
f 1645 1644 1646
f 1645 1646 1647
f 1647 1646 1648
f 1647 1648 1649
f 1649 1648 1650
f 1651 1652 1653
f 1652 1654 1641
f 1641 1654 1655
f 1641 1655 1643
f 1643 1655 1656
f 1643 1656 1644
f 1638 1637 1641
f 1641 1637 1657
f 1641 1657 1652
f 1652 1657 1658
f 1652 1658 1653
f 1651 1653 1659
f 1659 1653 1660
f 1659 1660 1661
f 1661 1660 1662
f 1661 1662 1663
f 1664 1577 1665
f 1579 1666 1580
f 1580 1666 1664
f 1580 1664 1667
f 1667 1664 1665
f 1668 1669 1670
f 1670 1669 1671
f 1671 1672 1670
f 1670 1672 1673
f 1670 1673 1674
f 1673 1675 1674
f 1674 1675 1676
f 1674 1676 1578
f 1578 1676 1677
f 1678 1679 1680
f 1680 1679 1681
f 1680 1681 1668
f 1668 1681 1682
f 1668 1682 1669
f 1677 1683 1578
f 1578 1683 1678
f 1578 1678 1579
f 1579 1678 1680
f 1579 1680 1666
f 1684 1685 1686
f 1686 1685 1687
f 1686 1687 1688
f 1689 1690 1691
f 1691 1690 1692
f 1691 1692 1688
f 1688 1692 1693
f 1688 1693 1686
f 1693 1694 1686
f 1686 1694 1695
f 1686 1695 1670
f 1670 1695 1696
f 1670 1696 1668
f 1689 1697 1690
f 1690 1697 1698
f 1690 1698 1699
f 1699 1698 1700
f 1701 1702 1703
f 1703 1702 1704
f 1703 1704 1698
f 1698 1704 1705
f 1698 1705 1700
f 1700 1706 1699
f 1699 1706 1707
f 1699 1707 1708
f 1708 1707 1709
f 1708 1709 1710
f 1710 1709 1711
f 1710 1711 1712
f 1712 1711 1713
f 1712 1713 1714
f 1714 1713 1715
f 1714 1715 1716
f 1717 1718 1719
f 1719 1718 1714
f 1719 1714 1703
f 1703 1714 1716
f 1703 1716 1701
f 1720 1721 1722
f 1722 1721 1723
f 1722 1723 1724
f 1717 1725 1718
f 1718 1725 1726
f 1718 1726 1724
f 1724 1726 1727
f 1724 1727 1722
f 1610 1612 1728
f 1729 1730 1721
f 1721 1730 1723
f 1723 1730 1731
f 1723 1731 1732
f 1732 1731 1733
f 1732 1733 1734
f 1603 1602 1733
f 1735 1736 1737
f 1738 1739 1740
f 1740 1739 1741
f 1740 1741 1601
f 1737 1736 1607
f 1742 1743 1602
f 1602 1743 1744
f 1741 1745 1601
f 1601 1745 1746
f 1601 1746 1602
f 1602 1746 1747
f 1602 1747 1742
f 1736 1748 1607
f 1607 1748 1738
f 1607 1738 1608
f 1734 1733 1749
f 1749 1733 1602
f 1749 1602 1737
f 1737 1602 1744
f 1737 1744 1735
f 1738 1740 1608
f 1608 1740 1750
f 1608 1750 1609
f 1609 1750 1751
f 1609 1751 1752
f 1753 1754 1755
f 1755 1754 1756
f 1757 1758 1759
f 1760 1761 1756
f 1756 1761 1762
f 1756 1762 1755
f 1753 1763 1754
f 1754 1763 1764
f 1754 1764 1765
f 1765 1764 1766
f 1765 1766 1767
f 1758 1757 1768
f 1768 1757 1769
f 1768 1769 1767
f 1767 1769 1770
f 1767 1770 1765
f 1759 1760 1757
f 1757 1760 1756
f 1757 1756 1771
f 1771 1756 1772
f 1772 1756 1773
f 1773 1756 1774
f 1773 1774 1775
f 1776 1570 1777
f 1777 1570 1778
f 1779 1780 1778
f 1781 1782 1783
f 1776 1781 1570
f 1570 1781 1783
f 1570 1783 1571
f 1571 1783 1775
f 1571 1775 1784
f 1784 1775 1774
f 1784 1774 1785
f 1785 1774 1756
f 1786 1787 1788
f 1788 1787 1789
f 1786 1788 1790
f 1790 1788 1791
f 1790 1791 1779
f 1779 1791 1792
f 1779 1792 1780
f 1782 1793 1783
f 1783 1793 1794
f 1783 1794 1795
f 1795 1794 1789
f 1795 1789 1796
f 1796 1789 1787
f 1797 1798 1606
f 1606 1798 1799
f 1606 1799 1604
f 1800 1801 1802
f 1803 1804 1606
f 1606 1804 1805
f 1606 1805 1797
f 1804 1806 1805
f 1805 1806 1807
f 1805 1807 1808
f 1808 1807 1809
f 1808 1809 1810
f 1810 1809 1811
f 1810 1811 1812
f 1812 1811 1813
f 1802 1814 1800
f 1800 1814 1815
f 1800 1815 1606
f 1606 1815 1816
f 1606 1816 1803
f 1752 1751 1817
f 1817 1751 1812
f 1817 1812 1800
f 1800 1812 1813
f 1800 1813 1801
f 1729 1721 1818
f 1818 1721 1819
f 1818 1819 1820
f 1820 1819 1821
f 1820 1821 1822
f 145 143 1823
f 1824 190 149
f 145 1823 147
f 153 129 155
f 155 129 1822
f 155 1822 133
f 133 1822 1821
f 133 1821 135
f 143 141 1823
f 1823 141 139
f 1823 139 1821
f 1821 139 137
f 1821 137 135
f 149 147 1824
f 1824 147 1823
f 1824 1823 1825
f 1825 1823 1826
f 1825 1826 1827
f 1827 1826 1828
f 1827 1828 1829
f 1829 1828 1830
f 1831 1832 1592
f 1591 1833 1834
f 1835 1836 1837
f 1837 1836 1838
f 1837 1838 1839
f 1840 1841 1842
f 1590 1843 1844
f 1590 1844 1591
f 1591 1844 1845
f 1591 1845 1833
f 1831 1592 1846
f 1846 1592 1591
f 1846 1591 1838
f 1838 1591 1834
f 1838 1834 1839
f 1840 1842 1590
f 1590 1842 1847
f 1590 1847 1843
f 1835 1848 1836
f 1836 1848 1849
f 1836 1849 1850
f 1850 1849 1851
f 1852 1853 1854
f 1854 1853 1851
f 1854 1851 1855
f 1855 1851 1849
f 1855 1849 1840
f 1840 1849 1848
f 1840 1848 1841
f 1856 1857 1597
f 1858 1600 1859
f 1856 1597 1860
f 1860 1597 1596
f 1860 1596 1861
f 1858 1859 1862
f 1862 1859 1863
f 1862 1863 1596
f 1596 1863 1864
f 1596 1864 1861
f 1865 1866 1867
f 1867 1866 1857
f 1857 1866 1868
f 1857 1868 1597
f 1867 1869 1865
f 1865 1869 1870
f 1865 1870 1599
f 1599 1870 1871
f 1599 1871 1600
f 1600 1871 1872
f 1600 1872 1859
f 1873 1874 1597
f 1597 1874 1875
f 1597 1875 1595
f 1564 1876 1877
f 1877 1878 1564
f 1564 1878 1879
f 1564 1879 1565
f 1565 1879 1873
f 1565 1873 1880
f 1880 1873 1597
f 1880 1597 1881
f 1881 1597 1868
f 1882 1883 1884
f 1884 1883 1593
f 1883 1885 1593
f 1593 1885 1886
f 1593 1886 1594
f 1594 1886 1887
f 1878 1888 1879
f 1879 1888 1889
f 1879 1889 1890
f 1890 1889 1891
f 1890 1891 1892
f 1892 1891 1893
f 1892 1893 1894
f 1894 1893 1882
f 1894 1882 1895
f 1895 1882 1884
f 1896 1897 1898
f 1898 1897 1899
f 1898 1899 1900
f 1901 1902 1853
f 1853 1902 1903
f 1853 1903 1896
f 1896 1903 1904
f 1896 1904 1905
f 1905 1906 1896
f 1896 1906 1907
f 1896 1907 1897
f 1906 1908 1907
f 1907 1908 1909
f 1907 1909 1910
f 1910 1909 1911
f 1910 1911 1912
f 1912 1911 1913
f 1912 1913 1852
f 1852 1913 1914
f 1852 1914 1853
f 1853 1914 1915
f 1853 1915 1901
f 1916 1917 1918
f 1918 1917 1919
f 1918 1919 1920
f 1921 1922 1923
f 1923 1922 1924
f 1923 1924 1920
f 1920 1924 1925
f 1920 1925 1918
f 1926 1927 1928
f 1929 1930 1931
f 1921 1932 1922
f 1922 1932 1933
f 1922 1933 1934
f 1934 1933 1928
f 1934 1928 1935
f 1935 1928 1927
f 1935 1936 1934
f 1934 1936 1937
f 1934 1937 1938
f 1938 1937 1939
f 1931 1940 1929
f 1929 1940 1941
f 1929 1941 1939
f 1939 1941 1942
f 1939 1942 1938
f 1943 1944 1945
f 1945 1944 1946
f 1945 1946 1928
f 1928 1946 1947
f 1928 1947 1926
f 1930 1943 1931
f 1931 1943 1945
f 1931 1945 1948
f 1948 1945 1949
f 1587 1950 1951
f 1951 1950 1952
f 1951 1952 1953
f 1953 1952 1954
f 1953 1954 1955
f 1949 1956 1948
f 1948 1956 1957
f 1948 1957 1954
f 1954 1957 1958
f 1954 1958 1955
f 1584 1589 1959
f 1959 1589 1960
f 1961 1962 1588
f 1588 1962 1963
f 1588 1963 1589
f 1589 1963 1964
f 1589 1964 1960
f 1959 1965 1584
f 1584 1965 1966
f 1584 1966 1585
f 1966 1967 1968
f 1968 1967 1969
f 1968 1969 1970
f 1970 1969 1971
f 1970 1971 1972
f 1973 1974 1975
f 1976 1977 1561
f 1978 1979 1980
f 1980 1979 1981
f 1966 1968 1585
f 1585 1968 1982
f 1585 1982 1586
f 1586 1982 1983
f 1586 1983 1984
f 1984 1983 1973
f 1984 1973 1980
f 1980 1973 1975
f 1980 1975 1978
f 1985 1986 1987
f 1986 1985 1988
f 1988 1985 1989
f 1988 1989 1981
f 1981 1989 1990
f 1981 1990 1980
f 1991 1992 1993
f 1993 1992 1994
f 1993 1994 1975
f 1975 1994 1995
f 1975 1995 1978
f 1562 1561 1996
f 1996 1561 1977
f 1996 1977 1991
f 1991 1977 1997
f 1991 1997 1992
f 1582 1998 1985
f 1581 1999 1582
f 1582 1999 2000
f 1582 2000 1998
f 1583 2001 1581
f 1581 2001 2002
f 1581 2002 2003
f 2003 2002 2004
f 2003 2004 2005
f 2005 2004 2006
f 2005 2006 2007
f 2007 2006 2008
f 2007 2008 2009
f 2009 2008 2010
f 2010 2008 2011
f 2010 2011 2012
f 2013 2014 2015
f 2015 2014 2016
f 2017 2018 2013
f 2018 2019 2013
f 2013 2019 2020
f 2013 2020 2014
f 2019 2021 2020
f 2020 2021 2022
f 2020 2022 2023
f 2023 2022 2024
f 2023 2024 2025
f 2025 2024 2026
f 2025 2026 1973
f 1972 1961 1970
f 1970 1961 1588
f 1970 1588 2027
f 2027 1588 2028
f 1587 1951 1588
f 1588 1951 2029
f 1588 2029 2028
f 1951 175 173
f 173 2030 1951
f 1951 2030 2031
f 1951 2031 2029
f 161 159 2032
f 2032 159 157
f 175 1951 177
f 177 1951 2033
f 177 2033 179
f 173 171 2030
f 2030 171 169
f 2030 169 183
f 169 167 183
f 183 167 165
f 183 165 2034
f 2034 165 163
f 2034 163 2035
f 2035 163 161
f 2035 161 188
f 188 161 2032
f 2036 2037 1686
f 1686 2037 2032
f 1686 2032 2033
f 2033 2032 157
f 2033 157 179
f 1674 2038 1670
f 1670 2038 2039
f 1670 2039 1686
f 1686 2039 2040
f 1686 2040 2036
f 2041 2042 2043
f 2043 2042 2044
f 1577 1576 1665
f 1665 1576 2045
f 1665 2045 2046
f 2044 2042 2047
f 2047 2042 2048
f 2047 2048 2046
f 2046 2048 2049
f 2046 2049 1665
f 2050 2051 1559
f 1559 2051 2052
f 1559 2052 1577
f 1577 2052 2053
f 1577 2053 1575
f 1616 2054 1558
f 1558 2054 2042
f 1558 2042 1559
f 1559 2042 2041
f 1559 2041 2050
f 1932 2055 1933
f 1933 2055 2056
f 1933 2056 1928
f 1928 2056 2057
f 1928 2057 2058
f 2059 2060 2061
f 2059 2061 2062
f 2058 2063 1928
f 1928 2063 2064
f 1928 2064 2059
f 2059 2064 2065
f 2059 2065 2060
f 2066 2067 2068
f 2069 2070 1703
f 1703 2070 2071
f 1703 2071 1719
f 1719 2071 2072
f 1719 2072 1717
f 2067 2073 2068
f 2068 2073 2074
f 2068 2074 1703
f 1703 2074 2075
f 1703 2075 2069
f 1697 2076 1698
f 1698 2076 2077
f 1698 2077 1703
f 1703 2077 2078
f 1703 2078 2079
f 2079 2080 1703
f 1703 2080 2081
f 1703 2081 2068
f 2068 2081 2082
f 2068 2082 2083
f 2084 2085 2086
f 2086 2085 2068
f 2086 2068 2087
f 2087 2068 2083
f 2088 2089 1928
f 1928 2089 2090
f 1928 2090 1945
f 1945 2090 2091
f 1945 2091 1949
f 2092 2059 2093
f 2093 2059 2094
f 2093 2094 2095
f 2095 2094 2096
f 2095 2096 2097
f 2097 2096 2098
f 2092 2099 2059
f 2059 2099 2100
f 2059 2100 1928
f 1928 2100 2101
f 1928 2101 2088
f 1832 1831 2102
f 2102 1831 1830
f 2102 1830 1925
f 1925 1830 1828
f 1925 1828 1918
f 1918 1828 2103
f 1918 2103 2104
f 2104 2103 2105
f 2104 2105 1721
f 1721 2105 2106
f 1721 2106 1819
f 1819 2106 2107
f 1819 2107 1821
f 1821 2107 2108
f 1821 2108 1823
f 1823 2108 2109
f 1823 2109 1826
f 2110 1559 2111
f 2111 1559 1577
f 2111 1577 2112
f 2112 1577 1664
f 2112 1664 1662
f 1662 1664 1649
f 1662 1649 1663
f 1663 1649 1650
f 2113 2114 1754
f 1754 2114 2115
f 1754 2115 1756
f 1756 2115 2116
f 1756 2116 1785
f 1765 1752 1754
f 1754 1752 1817
f 1754 1817 2113
f 2113 1817 1800
f 2113 1800 2117
f 2117 1800 1606
f 1778 1570 1779
f 1779 1570 1569
f 1779 1569 1604
f 1604 1569 2118
f 1604 2118 1605
f 1605 2118 2119
f 1605 2119 1606
f 1606 2119 2120
f 1606 2120 2117
f 2011 2121 2012
f 2012 2121 2122
f 2012 2122 2123
f 2123 2122 2124
f 2123 2124 2125
f 2124 2126 2125
f 2125 2126 2127
f 2125 2127 1583
f 1583 2127 2128
f 1583 2128 2001
f 2061 2129 2062
f 2062 2129 2130
f 2062 2130 2131
f 2131 2130 2132
f 2131 2132 2133
f 2133 2132 2134
f 2133 2134 2135
f 2135 2134 2136
f 2136 2134 1612
f 2136 1612 2068
f 2068 1612 1611
f 2068 1611 2066
f 2094 2137 2096
f 2096 2137 2138
f 2096 2138 2139
f 2139 2138 2140
f 2139 2140 2085
f 2085 2140 2141
f 2085 2141 2068
f 2068 2141 2142
f 2068 2142 2136
f 2143 2144 1896
f 1896 2144 2145
f 1896 2145 1853
f 1853 2145 1598
f 1853 1598 1851
f 1851 1598 1600
f 1566 1568 1563
f 1563 1568 1594
f 1563 1594 1564
f 1564 1594 1887
f 1564 1887 1876
f 2026 2146 1973
f 1973 2146 2147
f 1973 2147 1974
f 1974 2147 2148
f 1974 2148 2149
f 2149 2148 2150
f 2149 2150 2151
f 2151 2150 2152
f 2151 2152 2153
f 2153 2152 2017
f 2153 2017 2154
f 2154 2017 2013
f 2154 2013 2155
f 2155 2013 2015
f 2155 2015 2156
f 1987 1976 1985
f 1985 1976 1561
f 1985 1561 1582
f 1582 1561 1560
f 1582 1560 1583
f 1583 1560 2157
f 1583 2157 2125
f 2125 2157 2156
f 2125 2156 2123
f 2123 2156 2015
f 2123 2015 2012
f 2012 2015 2016
f 2012 2016 2158
f 1638 1626 1636
f 1636 1626 1630
f 1636 1630 2159
f 2159 1630 1613
f 2159 1613 1572
f 1572 1613 1557
f 1572 1557 1573
f 1573 1557 1559
f 1573 1559 1574
f 1574 1559 2110
f 1953 2098 1951
f 1951 2098 2096
f 1951 2096 2033
f 2033 2096 2139
f 2033 2139 1686
f 1686 2139 2085
f 1686 2085 1684
f 1684 2085 2084
f 2130 1916 2132
f 2132 1916 1918
f 2132 1918 2134
f 2134 1918 2104
f 2134 2104 1612
f 1612 2104 1721
f 1612 1721 1728
f 1728 1721 1720
f 1900 1593 1898
f 1898 1593 1568
f 1898 1568 1896
f 1896 1568 1567
f 1896 1567 2143
f 2143 1567 1566
f 2160 2048 2042
f 2160 2042 2161
f 2161 2042 2054
f 2161 2054 2162
f 2048 2160 2049
f 2049 2160 2163
f 2164 1667 2165
f 2165 1667 1665
f 2165 1665 2163
f 2163 1665 2049
f 1667 2164 1580
f 1580 2164 2166
f 1580 2166 1578
f 1578 2166 2167
f 1578 2167 1674
f 1674 2167 2168
f 1674 2168 2038
f 2038 2168 2169
f 2037 2170 2032
f 2032 2170 2171
f 2032 2171 188
f 188 2171 2172
f 2173 183 2034
f 2173 2034 2174
f 2174 2034 2035
f 2174 2035 2175
f 2175 2035 188
f 2175 188 2172
f 183 2173 2030
f 2030 2173 2176
f 2027 2177 1970
f 1970 2177 2178
f 1970 2178 1968
f 1968 2178 2179
f 1968 2179 1982
f 1982 2179 2180
f 1982 2180 1983
f 1983 2180 2181
f 2182 2025 2183
f 2183 2025 1973
f 2183 1973 2181
f 2181 1973 1983
f 2025 2182 2023
f 2023 2182 2184
f 2185 2014 2020
f 2185 2020 2186
f 2186 2020 2023
f 2186 2023 2184
f 2014 2185 2016
f 2016 2185 2187
f 2188 2012 2158
f 2188 2158 2189
f 2189 2158 2016
f 2189 2016 2187
f 2012 2188 2010
f 2010 2188 2190
f 2191 2003 2005
f 2191 2005 2192
f 2192 2005 2007
f 2192 2007 2193
f 2193 2007 2009
f 2193 2009 2194
f 2194 2009 2010
f 2194 2010 2190
f 2003 2191 1581
f 1581 2191 2195
f 2196 2000 1999
f 2196 1999 2197
f 2197 1999 1581
f 2197 1581 2195
f 2000 2196 1998
f 1998 2196 2198
f 2199 1989 1985
f 2199 1985 2200
f 2200 1985 1998
f 2200 1998 2198
f 1989 2199 1990
f 1990 2199 2201
f 2202 1984 2203
f 2203 1984 1980
f 2203 1980 2201
f 2201 1980 1990
f 2204 1950 2205
f 2205 1950 1587
f 2205 1587 2206
f 2206 1587 1589
f 2206 1589 2207
f 2207 1589 1584
f 2207 1584 2208
f 2208 1584 1586
f 2208 1586 2202
f 2202 1586 1984
f 2209 1948 2210
f 2210 1948 1954
f 2210 1954 2211
f 2211 1954 1952
f 2211 1952 2204
f 2204 1952 1950
f 1948 2209 1931
f 1931 2209 2212
f 1931 2212 1940
f 1940 2212 2213
f 2214 1934 1938
f 2214 1938 2215
f 2215 1938 1942
f 2215 1942 2216
f 2216 1942 1941
f 2216 1941 2217
f 2217 1941 1940
f 2217 1940 2213
f 1934 2214 1922
f 1922 2214 2218
f 2219 1832 2220
f 2220 1832 2102
f 2220 2102 2221
f 2221 2102 1925
f 2221 1925 2222
f 2222 1925 1924
f 2222 1924 2218
f 2218 1924 1922
f 1832 2219 1592
f 1592 2219 2223
f 1592 2223 1590
f 1590 2223 2224
f 1590 2224 1840
f 1840 2224 2225
f 1840 2225 1855
f 1855 2225 2226
f 1855 2226 1854
f 1854 2226 2227
f 2228 1912 2229
f 2229 1912 1852
f 2229 1852 2227
f 2227 1852 1854
f 1912 2228 1910
f 1910 2228 2230
f 2231 1897 1907
f 2231 1907 2232
f 2232 1907 1910
f 2232 1910 2230
f 1897 2231 1899
f 1899 2231 2233
f 2234 1593 1900
f 2234 1900 2235
f 2235 1900 1899
f 2235 1899 2233
f 1593 2234 1884
f 1884 2234 2236
f 1890 2237 1879
f 1879 2237 2238
f 1879 2238 1873
f 1873 2238 2239
f 2240 1875 1874
f 2240 1874 2241
f 2241 1874 1873
f 2241 1873 2239
f 1875 2240 1595
f 1595 2240 2242
f 2237 1890 1892
f 2237 1892 2243
f 2243 1892 1894
f 2243 1894 2244
f 2244 1894 1895
f 2244 1895 2245
f 2245 1895 1884
f 2245 1884 2236
f 2177 2027 2246
f 2246 2027 2028
f 2246 2028 2247
f 2247 2028 2029
f 2247 2029 2248
f 2248 2029 2031
f 2248 2031 2176
f 2176 2031 2030
f 2170 2037 2249
f 2249 2037 2036
f 2249 2036 2250
f 2250 2036 2040
f 2250 2040 2251
f 2251 2040 2039
f 2251 2039 2169
f 2169 2039 2038
f 2252 1835 2253
f 2253 1835 1837
f 2253 1837 2254
f 2254 1837 1839
f 2254 1839 2255
f 2255 1839 1834
f 2255 1834 2256
f 2256 1834 1833
f 2256 1833 2257
f 2257 1833 1845
f 2257 1845 2258
f 2258 1845 1844
f 2258 1844 2259
f 2259 1844 1843
f 2259 1843 2260
f 2260 1843 1847
f 2260 1847 2261
f 2261 1847 1842
f 2261 1842 2262
f 2262 1842 1841
f 2262 1841 2263
f 2263 1841 1848
f 2263 1848 2252
f 2252 1848 1835
f 2264 1660 2265
f 2265 1660 1653
f 2265 1653 2266
f 2266 1653 1658
f 2266 1658 2267
f 2267 1658 1657
f 2267 1657 2268
f 2268 1657 1637
f 2268 1637 2269
f 2269 1637 1636
f 2269 1636 2270
f 2270 1636 2159
f 2270 2159 2271
f 2271 2159 1572
f 2271 1572 2272
f 2272 1572 1574
f 2272 1574 2273
f 2273 1574 2110
f 2273 2110 2274
f 2274 2110 2111
f 2274 2111 2275
f 2275 2111 2112
f 2275 2112 2276
f 2276 2112 1662
f 2276 1662 2264
f 2264 1662 1660
f 2277 1634 2278
f 2278 1634 1633
f 2278 1633 2279
f 2279 1633 1625
f 2279 1625 2280
f 2280 1625 1627
f 2280 1627 2281
f 2281 1627 1624
f 2281 1624 2282
f 2282 1624 1622
f 2282 1622 2283
f 2283 1622 1620
f 2283 1620 2284
f 2284 1620 1618
f 2284 1618 2285
f 2285 1618 1617
f 2285 1617 2286
f 2286 1617 1632
f 2286 1632 2287
f 2287 1632 1631
f 2287 1631 2288
f 2288 1631 1635
f 2288 1635 2277
f 2277 1635 1634
f 2289 1804 2290
f 2290 1804 1803
f 2290 1803 2291
f 2291 1803 1816
f 2291 1816 2292
f 2292 1816 1815
f 2292 1815 2293
f 2293 1815 1814
f 2293 1814 2294
f 2294 1814 1802
f 2294 1802 2295
f 2295 1802 1801
f 2295 1801 2296
f 2296 1801 1813
f 2296 1813 2297
f 2297 1813 1811
f 2297 1811 2298
f 2298 1811 1809
f 2298 1809 2299
f 2299 1809 1807
f 2299 1807 2300
f 2300 1807 1806
f 2300 1806 2289
f 2289 1806 1804
f 2301 1791 2302
f 2302 1791 1788
f 2302 1788 2303
f 2303 1788 1789
f 2303 1789 2304
f 2304 1789 1794
f 2304 1794 2305
f 2305 1794 1793
f 2305 1793 2306
f 2306 1793 1782
f 2306 1782 2307
f 2307 1782 1781
f 2307 1781 2308
f 2308 1781 1776
f 2308 1776 2309
f 2309 1776 1777
f 2309 1777 2310
f 2310 1777 1778
f 2310 1778 2311
f 2311 1778 1780
f 2311 1780 2312
f 2312 1780 1792
f 2312 1792 2301
f 2301 1792 1791
f 2313 1755 2314
f 2314 1755 1762
f 2314 1762 2315
f 2315 1762 1761
f 2315 1761 2316
f 2316 1761 1760
f 2316 1760 2317
f 2317 1760 1759
f 2317 1759 2318
f 2318 1759 1758
f 2318 1758 2319
f 2319 1758 1768
f 2319 1768 2320
f 2320 1768 1767
f 2320 1767 2321
f 2321 1767 1766
f 2321 1766 2322
f 2322 1766 1764
f 2322 1764 2323
f 2323 1764 1763
f 2323 1763 2324
f 2324 1763 1753
f 2324 1753 2313
f 2313 1753 1755
f 2325 1993 2326
f 2326 1993 1975
f 2326 1975 2327
f 2327 1975 1974
f 2327 1974 2328
f 2328 1974 2149
f 2328 2149 2329
f 2329 2149 2151
f 2329 2151 2330
f 2330 2151 2153
f 2330 2153 2331
f 2331 2153 2154
f 2331 2154 2332
f 2332 2154 2155
f 2332 2155 2333
f 2333 2155 2156
f 2333 2156 2334
f 2334 2156 2157
f 2334 2157 2335
f 2335 2157 1560
f 2335 1560 2336
f 2336 1560 1562
f 2336 1562 2337
f 2337 1562 1996
f 2337 1996 2338
f 2338 1996 1991
f 2338 1991 2325
f 2325 1991 1993
f 2339 1880 2340
f 2340 1880 1881
f 2340 1881 2341
f 2341 1881 1868
f 2341 1868 2342
f 2342 1868 1866
f 2342 1866 2343
f 2343 1866 1865
f 2343 1865 2344
f 2344 1865 1599
f 2344 1599 2345
f 2345 1599 1598
f 2345 1598 2346
f 2346 1598 2145
f 2346 2145 2347
f 2347 2145 2144
f 2347 2144 2348
f 2348 2144 2143
f 2348 2143 2349
f 2349 2143 1566
f 2349 1566 2350
f 2350 1566 1563
f 2350 1563 2351
f 2351 1563 1565
f 2351 1565 2339
f 2339 1565 1880
f 2352 1891 2353
f 2353 1891 1889
f 2353 1889 2354
f 2354 1889 1888
f 2354 1888 2355
f 2355 1888 1878
f 2355 1878 2356
f 2356 1878 1877
f 2356 1877 2357
f 2357 1877 1876
f 2357 1876 2358
f 2358 1876 1887
f 2358 1887 2359
f 2359 1887 1886
f 2359 1886 2360
f 2360 1886 1885
f 2360 1885 2361
f 2361 1885 1883
f 2361 1883 2362
f 2362 1883 1882
f 2362 1882 2363
f 2363 1882 1893
f 2363 1893 2352
f 2352 1893 1891
f 2364 151 2365
f 2365 151 153
f 2365 153 2366
f 2366 153 155
f 2366 155 2367
f 2367 155 133
f 2367 133 2368
f 2368 133 135
f 2368 135 2369
f 2369 135 137
f 2369 137 2370
f 2370 137 139
f 2370 139 2371
f 2371 139 141
f 2371 141 2372
f 2372 141 143
f 2372 143 2373
f 2373 143 145
f 2373 145 2374
f 2374 145 147
f 2374 147 2375
f 2375 147 149
f 2375 149 2364
f 2364 149 151
f 2376 175 2377
f 2377 175 177
f 2377 177 2378
f 2378 177 179
f 2378 179 2379
f 2379 179 157
f 2379 157 2380
f 2380 157 159
f 2380 159 2381
f 2381 159 161
f 2381 161 2382
f 2382 161 163
f 2382 163 2383
f 2383 163 165
f 2383 165 2384
f 2384 165 167
f 2384 167 2385
f 2385 167 169
f 2385 169 2386
f 2386 169 171
f 2386 171 2387
f 2387 171 173
f 2387 173 2376
f 2376 173 175
f 2388 1935 2389
f 2389 1935 1927
f 2389 1927 2390
f 2390 1927 1926
f 2390 1926 2391
f 2391 1926 1947
f 2391 1947 2392
f 2392 1947 1946
f 2392 1946 2393
f 2393 1946 1944
f 2393 1944 2394
f 2394 1944 1943
f 2394 1943 2395
f 2395 1943 1930
f 2395 1930 2396
f 2396 1930 1929
f 2396 1929 2397
f 2397 1929 1939
f 2397 1939 2398
f 2398 1939 1937
f 2398 1937 2399
f 2399 1937 1936
f 2399 1936 2388
f 2388 1936 1935
f 2400 1716 2401
f 2401 1716 1715
f 2401 1715 2402
f 2402 1715 1713
f 2402 1713 2403
f 2403 1713 1711
f 2403 1711 2404
f 2404 1711 1709
f 2404 1709 2405
f 2405 1709 1707
f 2405 1707 2406
f 2406 1707 1706
f 2406 1706 2407
f 2407 1706 1700
f 2407 1700 2408
f 2408 1700 1705
f 2408 1705 2409
f 2409 1705 1704
f 2409 1704 2410
f 2410 1704 1702
f 2410 1702 2411
f 2411 1702 1701
f 2411 1701 2400
f 2400 1701 1716
f 2412 2133 2413
f 2413 2133 2135
f 2413 2135 2414
f 2414 2135 2136
f 2414 2136 2415
f 2415 2136 2142
f 2415 2142 2416
f 2416 2142 2141
f 2416 2141 2417
f 2417 2141 2140
f 2417 2140 2418
f 2418 2140 2138
f 2418 2138 2419
f 2419 2138 2137
f 2419 2137 2420
f 2420 2137 2094
f 2420 2094 2421
f 2421 2094 2059
f 2421 2059 2422
f 2422 2059 2062
f 2422 2062 2423
f 2423 2062 2131
f 2423 2131 2412
f 2412 2131 2133
f 2424 1860 2425
f 2425 1860 1861
f 2425 1861 2426
f 2426 1861 1864
f 2426 1864 2427
f 2427 1864 1863
f 2427 1863 2428
f 2428 1863 1859
f 2428 1859 2429
f 2429 1859 1872
f 2429 1872 2430
f 2430 1872 1871
f 2430 1871 2431
f 2431 1871 1870
f 2431 1870 2432
f 2432 1870 1869
f 2432 1869 2433
f 2433 1869 1867
f 2433 1867 2434
f 2434 1867 1857
f 2434 1857 2435
f 2435 1857 1856
f 2435 1856 2424
f 2424 1856 1860
f 2436 1903 2437
f 2437 1903 1902
f 2437 1902 2438
f 2438 1902 1901
f 2438 1901 2439
f 2439 1901 1915
f 2439 1915 2440
f 2440 1915 1914
f 2440 1914 2441
f 2441 1914 1913
f 2441 1913 2442
f 2442 1913 1911
f 2442 1911 2443
f 2443 1911 1909
f 2443 1909 2444
f 2444 1909 1908
f 2444 1908 2445
f 2445 1908 1906
f 2445 1906 2446
f 2446 1906 1905
f 2446 1905 2447
f 2447 1905 1904
f 2447 1904 2436
f 2436 1904 1903
f 2448 1988 2449
f 2449 1988 1981
f 2449 1981 2450
f 2450 1981 1979
f 2450 1979 2451
f 2451 1979 1978
f 2451 1978 2452
f 2452 1978 1995
f 2452 1995 2453
f 2453 1995 1994
f 2453 1994 2454
f 2454 1994 1992
f 2454 1992 2455
f 2455 1992 1997
f 2455 1997 2456
f 2456 1997 1977
f 2456 1977 2457
f 2457 1977 1976
f 2457 1976 2458
f 2458 1976 1987
f 2458 1987 2459
f 2459 1987 1986
f 2459 1986 2448
f 2448 1986 1988
f 2460 2128 2461
f 2461 2128 2127
f 2461 2127 2462
f 2462 2127 2126
f 2462 2126 2463
f 2463 2126 2124
f 2463 2124 2464
f 2464 2124 2122
f 2464 2122 2465
f 2465 2122 2121
f 2465 2121 2466
f 2466 2121 2011
f 2466 2011 2467
f 2467 2011 2008
f 2467 2008 2468
f 2468 2008 2006
f 2468 2006 2469
f 2469 2006 2004
f 2469 2004 2470
f 2470 2004 2002
f 2470 2002 2471
f 2471 2002 2001
f 2471 2001 2460
f 2460 2001 2128
f 2472 2147 2473
f 2473 2147 2146
f 2473 2146 2474
f 2474 2146 2026
f 2474 2026 2475
f 2475 2026 2024
f 2475 2024 2476
f 2476 2024 2022
f 2476 2022 2477
f 2477 2022 2021
f 2477 2021 2478
f 2478 2021 2019
f 2478 2019 2479
f 2479 2019 2018
f 2479 2018 2480
f 2480 2018 2017
f 2480 2017 2481
f 2481 2017 2152
f 2481 2152 2482
f 2482 2152 2150
f 2482 2150 2483
f 2483 2150 2148
f 2483 2148 2472
f 2472 2148 2147
f 2484 2118 2485
f 2485 2118 1569
f 2485 1569 2486
f 2486 1569 1571
f 2486 1571 2487
f 2487 1571 1784
f 2487 1784 2488
f 2488 1784 1785
f 2488 1785 2489
f 2489 1785 2116
f 2489 2116 2490
f 2490 2116 2115
f 2490 2115 2491
f 2491 2115 2114
f 2491 2114 2492
f 2492 2114 2113
f 2492 2113 2493
f 2493 2113 2117
f 2493 2117 2494
f 2494 2117 2120
f 2494 2120 2495
f 2495 2120 2119
f 2495 2119 2484
f 2484 2119 2118
f 2496 1576 2497
f 2497 1576 1575
f 2497 1575 2498
f 2498 1575 2053
f 2498 2053 2499
f 2499 2053 2052
f 2499 2052 2500
f 2500 2052 2051
f 2500 2051 2501
f 2501 2051 2050
f 2501 2050 2502
f 2502 2050 2041
f 2502 2041 2503
f 2503 2041 2043
f 2503 2043 2504
f 2504 2043 2044
f 2504 2044 2505
f 2505 2044 2047
f 2505 2047 2506
f 2506 2047 2046
f 2506 2046 2507
f 2507 2046 2045
f 2507 2045 2496
f 2496 2045 1576
f 2508 1646 2509
f 2509 1646 1644
f 2509 1644 2510
f 2510 1644 1656
f 2510 1656 2511
f 2511 1656 1655
f 2511 1655 2512
f 2512 1655 1654
f 2512 1654 2513
f 2513 1654 1652
f 2513 1652 2514
f 2514 1652 1651
f 2514 1651 2515
f 2515 1651 1659
f 2515 1659 2516
f 2516 1659 1661
f 2516 1661 2517
f 2517 1661 1663
f 2517 1663 2518
f 2518 1663 1650
f 2518 1650 2519
f 2519 1650 1648
f 2519 1648 2508
f 2508 1648 1646
f 2520 1741 2521
f 2521 1741 1739
f 2521 1739 2522
f 2522 1739 1738
f 2522 1738 2523
f 2523 1738 1748
f 2523 1748 2524
f 2524 1748 1736
f 2524 1736 2525
f 2525 1736 1735
f 2525 1735 2526
f 2526 1735 1744
f 2526 1744 2527
f 2527 1744 1743
f 2527 1743 2528
f 2528 1743 1742
f 2528 1742 2529
f 2529 1742 1747
f 2529 1747 2530
f 2530 1747 1746
f 2530 1746 2531
f 2531 1746 1745
f 2531 1745 2520
f 2520 1745 1741
f 2532 1669 2533
f 2533 1669 1682
f 2533 1682 2534
f 2534 1682 1681
f 2534 1681 2535
f 2535 1681 1679
f 2535 1679 2536
f 2536 1679 1678
f 2536 1678 2537
f 2537 1678 1683
f 2537 1683 2538
f 2538 1683 1677
f 2538 1677 2539
f 2539 1677 1676
f 2539 1676 2540
f 2540 1676 1675
f 2540 1675 2541
f 2541 1675 1673
f 2541 1673 2542
f 2542 1673 1672
f 2542 1672 2543
f 2543 1672 1671
f 2543 1671 2532
f 2532 1671 1669
f 1828 2544 2103
f 2103 2544 2545
f 2103 2545 2105
f 2105 2545 2546
f 2105 2546 2106
f 2106 2546 2547
f 1616 2548 2054
f 2054 2548 2162
f 2548 1616 1615
f 2548 1615 2549
f 2549 1615 1614
f 2549 1614 2550
f 1619 2551 1614
f 1614 2551 2550
f 2551 1619 1621
f 2551 1621 2552
f 2552 1621 1623
f 2552 1623 2553
f 2553 1623 1629
f 2553 1629 2554
f 2554 1629 1628
f 2554 1628 2555
f 1638 2556 1626
f 1626 2556 2557
f 1626 2557 1628
f 1628 2557 2555
f 2556 1638 1639
f 2556 1639 2558
f 2558 1639 1640
f 2558 1640 2559
f 1642 2560 1640
f 1640 2560 2559
f 2560 1642 1643
f 2560 1643 2561
f 2561 1643 1645
f 2561 1645 2562
f 1647 2563 1645
f 1645 2563 2562
f 2563 1647 2564
f 2564 1647 1649
f 2564 1649 2565
f 2565 1649 1664
f 1695 2566 1696
f 1696 2566 2567
f 1696 2567 1668
f 1668 2567 2568
f 1668 2568 1680
f 1680 2568 2569
f 1680 2569 1666
f 1666 2569 2570
f 1666 2570 1664
f 1664 2570 2565
f 2566 1695 2571
f 2571 1695 1694
f 2571 1694 2572
f 2572 1694 1693
f 2572 1693 2573
f 2573 1693 1692
f 2573 1692 2574
f 2574 1692 1690
f 1708 2575 1699
f 1699 2575 2576
f 1699 2576 1690
f 1690 2576 2574
f 2575 1708 1710
f 2575 1710 2577
f 2577 1710 1712
f 2577 1712 2578
f 2578 1712 1714
f 2578 1714 2579
f 1718 2580 1714
f 1714 2580 2579
f 2580 1718 2581
f 2581 1718 1724
f 2581 1724 2582
f 2582 1724 1723
f 2582 1723 2583
f 2583 1723 1732
f 2583 1732 2584
f 2584 1732 1734
f 1752 2585 1609
f 1609 2585 2586
f 1609 2586 1607
f 1607 2586 2587
f 1607 2587 1737
f 1737 2587 2588
f 1737 2588 1749
f 1749 2588 2589
f 1749 2589 1734
f 1734 2589 2584
f 2585 1752 2590
f 2590 1752 1765
f 2590 1765 2591
f 2591 1765 1770
f 1769 2592 1770
f 1770 2592 2591
f 2592 1769 1757
f 2592 1757 2593
f 2593 1757 1771
f 2593 1771 2594
f 1772 2595 1771
f 1771 2595 2594
f 2595 1772 1773
f 2595 1773 2596
f 2596 1773 1775
f 2596 1775 2597
f 1795 2598 1783
f 1783 2598 2599
f 1783 2599 1775
f 1775 2599 2597
f 2598 1795 1796
f 2598 1796 2600
f 2600 1796 1787
f 2600 1787 2601
f 2601 1787 1786
f 2601 1786 2602
f 2602 1786 1790
f 2602 1790 2603
f 2603 1790 2604
f 2604 1790 1779
f 2604 1779 2605
f 2605 1779 1604
f 2605 1604 1799
f 2605 1799 2606
f 2606 1799 1798
f 2606 1798 2607
f 1797 2608 1798
f 1798 2608 2607
f 2608 1797 1805
f 2608 1805 2609
f 2609 1805 1808
f 2609 1808 2610
f 1810 2611 1808
f 1808 2611 2610
f 2611 1810 2612
f 2612 1810 1812
f 2612 1812 2613
f 2613 1812 1751
f 1733 2614 1603
f 1603 2614 2615
f 1603 2615 1601
f 1601 2615 2616
f 1601 2616 1740
f 1740 2616 2617
f 1740 2617 1750
f 1750 2617 2618
f 1750 2618 1751
f 1751 2618 2613
f 2614 1733 2619
f 2619 1733 1731
f 2619 1731 2620
f 2620 1731 1730
f 2620 1730 2621
f 2621 1730 1729
f 129 2622 1822
f 1822 2622 2623
f 1822 2623 1820
f 1820 2623 2624
f 1820 2624 1818
f 1818 2624 2625
f 1818 2625 1729
f 1729 2625 2621
f 2622 129 185
f 2622 185 2626
f 2626 185 192
f 2626 192 2627
f 2627 192 191
f 2627 191 2628
f 2628 191 190
f 2628 190 2629
f 1827 2630 1825
f 1825 2630 2631
f 1825 2631 1824
f 1824 2631 2632
f 1824 2632 190
f 190 2632 2629
f 2630 1827 2633
f 2633 1827 1829
f 2633 1829 2634
f 2634 1829 1830
f 2634 1830 2635
f 2635 1830 1831
f 1851 2636 1850
f 1850 2636 2637
f 1850 2637 1836
f 1836 2637 2638
f 1836 2638 1838
f 1838 2638 2639
f 1838 2639 1846
f 1846 2639 2640
f 1846 2640 1831
f 1831 2640 2635
f 2636 1851 2641
f 2641 1851 1600
f 2641 1600 2642
f 2642 1600 1858
f 1862 2643 1858
f 1858 2643 2642
f 2643 1862 1596
f 2643 1596 2644
f 2644 1596 1595
f 2644 1595 2242
f 2106 2547 2107
f 2107 2547 2645
f 2646 1964 2647
f 2647 1964 1963
f 2647 1963 2648
f 2648 1963 1962
f 2648 1962 2649
f 2649 1962 1961
f 2649 1961 2650
f 2650 1961 1972
f 2650 1972 2651
f 2651 1972 1971
f 2651 1971 2652
f 2652 1971 1969
f 2652 1969 2653
f 2653 1969 1967
f 2653 1967 2654
f 2654 1967 1966
f 2654 1966 2655
f 2655 1966 1965
f 2655 1965 2656
f 2656 1965 1959
f 2656 1959 2657
f 2657 1959 1960
f 2657 1960 2646
f 2646 1960 1964
f 2658 1727 2659
f 2659 1727 1726
f 2659 1726 2660
f 2660 1726 1725
f 2660 1725 2661
f 2661 1725 1717
f 2661 1717 2662
f 2662 1717 2072
f 2662 2072 2663
f 2663 2072 2071
f 2663 2071 2664
f 2664 2071 2070
f 2664 2070 2665
f 2665 2070 2069
f 2665 2069 2666
f 2666 2069 2075
f 2667 2081 2668
f 2668 2081 2080
f 2668 2080 2669
f 2669 2080 2079
f 2669 2079 2670
f 2670 2079 2078
f 2670 2078 2671
f 2671 2078 2077
f 2671 2077 2672
f 2672 2077 2076
f 2672 2076 2673
f 2673 2076 1697
f 2673 1697 2674
f 2674 1697 1689
f 2674 1689 2675
f 2675 1689 1691
f 2676 1958 2677
f 2677 1958 1957
f 2677 1957 2678
f 2678 1957 1956
f 2678 1956 2679
f 2679 1956 1949
f 2679 1949 2680
f 2680 1949 2091
f 2680 2091 2681
f 2681 2091 2090
f 2681 2090 2682
f 2682 2090 2089
f 2682 2089 2683
f 2683 2089 2088
f 2683 2088 2684
f 2684 2088 2101
f 2685 2064 2686
f 2686 2064 2063
f 2686 2063 2687
f 2687 2063 2058
f 2687 2058 2688
f 2688 2058 2057
f 2688 2057 2689
f 2689 2057 2056
f 2689 2056 2690
f 2690 2056 2055
f 2690 2055 2691
f 2691 2055 1932
f 2691 1932 2692
f 2692 1932 1921
f 2692 1921 2693
f 2693 1921 1923
f 2544 1828 2694
f 2694 1828 1826
f 2107 2645 2108
f 2108 2645 2695
f 2108 2695 2109
f 2109 2695 2696
f 2109 2696 1826
f 1826 2696 2694
f 2684 2101 2697
f 2697 2101 2100
f 1727 2658 1722
f 1722 2658 2698
f 2081 2667 2082
f 2082 2667 2699
f 2666 2075 2700
f 2700 2075 2074
f 2675 1691 2701
f 2701 1691 1688
f 2064 2685 2065
f 2065 2685 2702
f 1958 2676 1955
f 1955 2676 2703
f 2693 1923 2704
f 2704 1923 1920
f 1916 2705 1917
f 1917 2705 2706
f 1917 2706 1919
f 1919 2706 2707
f 1919 2707 1920
f 1920 2707 2704
f 2093 2708 2092
f 2092 2708 2709
f 2092 2709 2099
f 2099 2709 2710
f 2099 2710 2100
f 2100 2710 2697
f 2705 1916 2711
f 2711 1916 2130
f 2711 2130 2712
f 2712 2130 2129
f 2712 2129 2713
f 2713 2129 2061
f 2713 2061 2714
f 2714 2061 2060
f 2714 2060 2702
f 2702 2060 2065
f 2708 2093 2715
f 2715 2093 2095
f 2715 2095 2716
f 2716 2095 2097
f 2716 2097 2717
f 2717 2097 2098
f 2717 2098 2718
f 2718 2098 1953
f 2718 1953 2703
f 2703 1953 1955
f 1684 2719 1685
f 1685 2719 2720
f 1685 2720 1687
f 1687 2720 2721
f 1687 2721 1688
f 1688 2721 2701
f 2066 2722 2067
f 2067 2722 2723
f 2067 2723 2073
f 2073 2723 2724
f 2073 2724 2074
f 2074 2724 2700
f 2719 1684 2725
f 2725 1684 2084
f 2725 2084 2726
f 2726 2084 2086
f 2726 2086 2727
f 2727 2086 2087
f 2727 2087 2728
f 2728 2087 2083
f 2728 2083 2699
f 2699 2083 2082
f 2722 2066 2729
f 2729 2066 1611
f 2729 1611 2730
f 2730 1611 1610
f 2730 1610 2731
f 2731 1610 1728
f 2731 1728 2732
f 2732 1728 1720
f 2732 1720 2698
f 2698 1720 1722
f 2733 2734 2735
f 2332 2736 2331
f 2340 2737 2339
f 2348 2738 2739
f 2486 2740 2485
f 2270 2741 2269
f 2560 2561 2742
f 2275 2276 2564
f 2719 2725 2743
f 2586 2744 2587
f 2590 2745 2746
f 2597 2747 2748
f 2294 2295 2749
f 2639 2750 2640
f 2225 2751 2226
f 2223 2750 2224
f 2198 2752 2753
f 2196 2197 2195
f 2188 2754 2755
f 2537 2538 2167
f 2503 2504 2161
f 2507 2496 2756
f 2756 2496 2497
f 2161 2504 2160
f 2160 2504 2505
f 2160 2505 2163
f 2163 2505 2506
f 2163 2506 2165
f 2503 2161 2502
f 2502 2161 2735
f 2502 2735 2501
f 2497 2498 2756
f 2756 2498 2499
f 2756 2499 2735
f 2735 2499 2500
f 2735 2500 2501
f 2167 2538 2168
f 2168 2538 2539
f 2168 2539 2540
f 2541 2542 2757
f 2757 2542 2543
f 2565 2570 2758
f 2758 2570 2569
f 2758 2569 2536
f 2506 2507 2165
f 2165 2507 2756
f 2165 2756 2164
f 2164 2756 2565
f 2164 2565 2166
f 2166 2565 2758
f 2166 2758 2167
f 2167 2758 2536
f 2167 2536 2537
f 2532 2533 2568
f 2568 2533 2534
f 2568 2534 2569
f 2569 2534 2535
f 2569 2535 2536
f 2251 2757 2250
f 2250 2757 2759
f 2250 2759 2249
f 2540 2541 2168
f 2168 2541 2757
f 2168 2757 2169
f 2169 2757 2251
f 2249 2759 2170
f 2170 2759 2760
f 2170 2760 2171
f 2761 2176 2386
f 2377 2760 2376
f 2376 2760 2761
f 2376 2761 2387
f 2387 2761 2386
f 2382 2383 2173
f 2173 2383 2384
f 2173 2384 2176
f 2176 2384 2385
f 2176 2385 2386
f 2377 2378 2760
f 2760 2378 2379
f 2760 2379 2171
f 2171 2379 2380
f 2171 2380 2172
f 2172 2380 2381
f 2172 2381 2175
f 2175 2381 2382
f 2175 2382 2174
f 2174 2382 2173
f 2762 2178 2177
f 2177 2246 2762
f 2762 2246 2247
f 2762 2247 2761
f 2761 2247 2248
f 2761 2248 2176
f 2647 2762 2646
f 2646 2762 2206
f 2646 2206 2657
f 2653 2654 2179
f 2179 2654 2763
f 2179 2763 2180
f 2657 2206 2656
f 2656 2206 2207
f 2656 2207 2655
f 2178 2651 2179
f 2179 2651 2652
f 2179 2652 2653
f 2647 2648 2762
f 2762 2648 2649
f 2762 2649 2178
f 2178 2649 2650
f 2178 2650 2651
f 2202 2180 2208
f 2208 2180 2763
f 2208 2763 2207
f 2207 2763 2654
f 2207 2654 2655
f 2326 2327 2203
f 2203 2327 2183
f 2203 2183 2202
f 2202 2183 2181
f 2202 2181 2180
f 2478 2479 2736
f 2736 2479 2480
f 2186 2476 2477
f 2331 2736 2330
f 2330 2736 2480
f 2330 2480 2329
f 2329 2480 2481
f 2329 2481 2328
f 2328 2481 2482
f 2328 2482 2327
f 2482 2483 2327
f 2327 2483 2472
f 2327 2472 2183
f 2183 2472 2473
f 2183 2473 2474
f 2476 2186 2475
f 2475 2186 2184
f 2475 2184 2474
f 2474 2184 2182
f 2474 2182 2183
f 2754 2185 2186
f 2188 2189 2754
f 2754 2189 2187
f 2754 2187 2185
f 2755 2463 2464
f 2755 2464 2188
f 2188 2464 2465
f 2188 2465 2190
f 2190 2465 2466
f 2190 2466 2194
f 2194 2466 2467
f 2194 2467 2193
f 2193 2467 2468
f 2193 2468 2192
f 2192 2468 2191
f 2191 2468 2469
f 2191 2469 2195
f 2195 2469 2470
f 2195 2470 2471
f 2198 2196 2752
f 2752 2196 2195
f 2752 2195 2764
f 2764 2195 2471
f 2764 2471 2460
f 2455 2456 2753
f 2456 2457 2753
f 2753 2457 2200
f 2753 2200 2198
f 2457 2458 2200
f 2200 2458 2459
f 2200 2459 2199
f 2199 2459 2448
f 2199 2448 2201
f 2201 2448 2449
f 2201 2449 2203
f 2210 2211 2761
f 2761 2211 2204
f 2761 2204 2762
f 2762 2204 2205
f 2762 2205 2206
f 2717 2765 2716
f 2716 2765 2715
f 2717 2718 2765
f 2765 2718 2703
f 2765 2703 2210
f 2210 2703 2676
f 2210 2676 2209
f 2209 2676 2677
f 2677 2678 2209
f 2209 2678 2766
f 2209 2766 2212
f 2212 2766 2393
f 2399 2214 2398
f 2398 2214 2215
f 2398 2215 2397
f 2388 2389 2767
f 2389 2390 2767
f 2767 2390 2391
f 2767 2391 2766
f 2766 2391 2392
f 2766 2392 2393
f 2393 2394 2212
f 2212 2394 2395
f 2212 2395 2213
f 2213 2395 2396
f 2213 2396 2217
f 2217 2396 2397
f 2217 2397 2216
f 2216 2397 2215
f 2689 2690 2768
f 2768 2690 2218
f 2768 2218 2214
f 2707 2706 2769
f 2221 2222 2769
f 2769 2222 2704
f 2769 2704 2707
f 2690 2691 2218
f 2218 2691 2692
f 2218 2692 2222
f 2222 2692 2693
f 2222 2693 2704
f 2633 2634 2221
f 2632 2631 2770
f 2770 2631 2694
f 2221 2634 2220
f 2220 2634 2635
f 2220 2635 2219
f 2694 2631 2544
f 2544 2631 2630
f 2544 2630 2633
f 2640 2750 2635
f 2635 2750 2223
f 2635 2223 2219
f 2261 2225 2260
f 2260 2225 2224
f 2639 2638 2252
f 2256 2257 2750
f 2750 2257 2258
f 2750 2258 2224
f 2224 2258 2259
f 2224 2259 2260
f 2261 2262 2225
f 2225 2262 2263
f 2225 2263 2751
f 2252 2253 2639
f 2639 2253 2254
f 2639 2254 2750
f 2750 2254 2255
f 2750 2255 2256
f 2636 2771 2229
f 2229 2227 2636
f 2636 2227 2226
f 2636 2226 2637
f 2637 2226 2751
f 2637 2751 2638
f 2638 2751 2263
f 2638 2263 2252
f 2446 2739 2445
f 2445 2739 2232
f 2445 2232 2444
f 2444 2232 2443
f 2437 2771 2436
f 2436 2771 2739
f 2436 2739 2447
f 2447 2739 2446
f 2443 2232 2442
f 2442 2232 2230
f 2442 2230 2441
f 2441 2230 2228
f 2441 2228 2229
f 2437 2438 2771
f 2771 2438 2439
f 2771 2439 2229
f 2229 2439 2440
f 2229 2440 2441
f 2772 2234 2773
f 2773 2234 2235
f 2773 2235 2774
f 2774 2235 2233
f 2774 2233 2231
f 2772 2359 2234
f 2234 2359 2360
f 2234 2360 2236
f 2236 2360 2361
f 2236 2361 2245
f 2245 2361 2362
f 2245 2362 2244
f 2244 2362 2363
f 2353 2238 2352
f 2352 2238 2237
f 2352 2237 2363
f 2363 2237 2243
f 2363 2243 2244
f 2353 2354 2238
f 2238 2354 2355
f 2238 2355 2775
f 2355 2356 2775
f 2775 2356 2357
f 2775 2357 2772
f 2772 2357 2358
f 2772 2358 2359
f 2351 2339 2239
f 2339 2737 2239
f 2239 2737 2240
f 2239 2240 2241
f 2344 2430 2431
f 2424 2644 2737
f 2737 2644 2242
f 2737 2242 2240
f 2344 2431 2343
f 2343 2431 2432
f 2343 2432 2342
f 2342 2432 2433
f 2342 2433 2341
f 2341 2433 2434
f 2341 2434 2340
f 2340 2434 2737
f 2737 2434 2435
f 2737 2435 2424
f 2424 2425 2644
f 2644 2425 2426
f 2644 2426 2643
f 2643 2426 2427
f 2643 2427 2642
f 2642 2427 2428
f 2642 2428 2641
f 2641 2428 2429
f 2622 2626 2365
f 2365 2626 2364
f 2622 2365 2623
f 2623 2365 2366
f 2623 2366 2776
f 2776 2366 2367
f 2776 2367 2368
f 2368 2369 2776
f 2776 2369 2370
f 2776 2370 2770
f 2770 2370 2371
f 2371 2372 2770
f 2770 2372 2373
f 2770 2373 2632
f 2632 2373 2374
f 2632 2374 2629
f 2629 2374 2375
f 2629 2375 2628
f 2628 2375 2364
f 2628 2364 2627
f 2627 2364 2626
f 2619 2620 2777
f 2777 2620 2621
f 2777 2621 2778
f 2778 2621 2625
f 2778 2625 2624
f 2526 2527 2779
f 2779 2527 2528
f 2779 2528 2529
f 2616 2530 2531
f 2616 2531 2617
f 2584 2589 2779
f 2779 2589 2588
f 2779 2588 2526
f 2526 2588 2525
f 2531 2520 2617
f 2617 2520 2521
f 2617 2521 2522
f 2618 2617 2744
f 2744 2617 2522
f 2744 2522 2587
f 2587 2522 2523
f 2587 2523 2588
f 2588 2523 2524
f 2588 2524 2525
f 2746 2749 2613
f 2613 2749 2612
f 2611 2612 2297
f 2749 2295 2612
f 2612 2295 2296
f 2612 2296 2297
f 2611 2297 2610
f 2610 2297 2298
f 2610 2298 2609
f 2609 2298 2299
f 2609 2299 2300
f 2289 2290 2780
f 2290 2291 2780
f 2780 2291 2292
f 2780 2292 2749
f 2749 2292 2293
f 2749 2293 2294
f 2300 2289 2609
f 2609 2289 2780
f 2609 2780 2608
f 2608 2780 2607
f 2607 2780 2606
f 2606 2780 2781
f 2606 2781 2605
f 2307 2308 2740
f 2740 2308 2309
f 2310 2311 2604
f 2309 2310 2740
f 2740 2310 2604
f 2740 2604 2485
f 2485 2604 2605
f 2485 2605 2484
f 2484 2605 2781
f 2484 2781 2495
f 2495 2781 2780
f 2599 2598 2304
f 2304 2598 2303
f 2304 2305 2599
f 2599 2305 2306
f 2599 2306 2307
f 2311 2312 2604
f 2604 2312 2301
f 2604 2301 2603
f 2603 2301 2302
f 2598 2600 2303
f 2303 2600 2601
f 2303 2601 2302
f 2302 2601 2602
f 2302 2602 2603
f 2748 2593 2594
f 2594 2595 2748
f 2748 2595 2596
f 2748 2596 2597
f 2317 2318 2593
f 2593 2318 2592
f 2592 2318 2319
f 2592 2319 2591
f 2591 2319 2320
f 2591 2320 2590
f 2590 2320 2321
f 2590 2321 2745
f 2745 2321 2322
f 2745 2322 2323
f 2317 2593 2316
f 2316 2593 2748
f 2316 2748 2315
f 2323 2324 2745
f 2745 2324 2313
f 2745 2313 2748
f 2748 2313 2314
f 2748 2314 2315
f 2618 2744 2613
f 2613 2744 2586
f 2613 2586 2746
f 2746 2586 2585
f 2746 2585 2590
f 2731 2732 2777
f 2722 2729 2782
f 2782 2729 2730
f 2659 2580 2658
f 2658 2580 2581
f 2658 2581 2698
f 2698 2581 2582
f 2732 2698 2777
f 2777 2698 2582
f 2777 2582 2619
f 2619 2582 2583
f 2619 2583 2614
f 2614 2583 2584
f 2614 2584 2615
f 2615 2584 2779
f 2615 2779 2616
f 2616 2779 2529
f 2616 2529 2530
f 2405 2576 2404
f 2404 2576 2575
f 2404 2575 2403
f 2783 2410 2411
f 2406 2407 2784
f 2784 2407 2408
f 2784 2408 2783
f 2783 2408 2409
f 2783 2409 2410
f 2659 2660 2580
f 2580 2660 2785
f 2580 2785 2579
f 2579 2785 2783
f 2579 2783 2400
f 2400 2783 2411
f 2400 2401 2579
f 2579 2401 2402
f 2579 2402 2578
f 2578 2402 2403
f 2578 2403 2577
f 2577 2403 2575
f 2701 2721 2759
f 2759 2721 2720
f 2405 2406 2576
f 2576 2406 2784
f 2576 2784 2574
f 2574 2784 2672
f 2672 2673 2574
f 2574 2673 2674
f 2574 2674 2573
f 2566 2759 2567
f 2567 2759 2757
f 2567 2757 2568
f 2568 2757 2543
f 2568 2543 2532
f 2674 2675 2573
f 2573 2675 2701
f 2573 2701 2572
f 2572 2701 2759
f 2572 2759 2571
f 2571 2759 2566
f 2264 2265 2514
f 2514 2265 2513
f 2513 2265 2266
f 2513 2266 2742
f 2514 2515 2264
f 2264 2515 2516
f 2264 2516 2276
f 2276 2516 2517
f 2276 2517 2564
f 2564 2517 2518
f 2564 2518 2519
f 2509 2510 2561
f 2561 2510 2511
f 2561 2511 2742
f 2742 2511 2512
f 2742 2512 2513
f 2509 2561 2508
f 2508 2561 2562
f 2508 2562 2519
f 2519 2562 2563
f 2519 2563 2564
f 2556 2558 2742
f 2742 2558 2559
f 2742 2559 2560
f 2287 2288 2741
f 2287 2741 2286
f 2288 2277 2741
f 2741 2277 2557
f 2741 2557 2269
f 2269 2557 2556
f 2269 2556 2268
f 2268 2556 2742
f 2268 2742 2267
f 2267 2742 2266
f 2550 2284 2285
f 2284 2550 2283
f 2283 2550 2551
f 2283 2551 2282
f 2277 2278 2557
f 2557 2278 2279
f 2557 2279 2555
f 2555 2279 2280
f 2555 2280 2554
f 2554 2280 2281
f 2554 2281 2553
f 2553 2281 2282
f 2553 2282 2552
f 2552 2282 2551
f 2162 2548 2786
f 2786 2548 2549
f 2786 2549 2550
f 2633 2221 2544
f 2544 2221 2769
f 2544 2769 2545
f 2545 2769 2787
f 2545 2787 2546
f 2546 2787 2547
f 2547 2787 2777
f 2547 2777 2645
f 2645 2777 2778
f 2645 2778 2695
f 2694 2696 2770
f 2770 2696 2695
f 2770 2695 2776
f 2776 2695 2778
f 2776 2778 2623
f 2623 2778 2624
f 2564 2565 2275
f 2275 2565 2756
f 2275 2756 2274
f 2274 2756 2735
f 2286 2741 2788
f 2788 2741 2270
f 2788 2270 2733
f 2733 2270 2271
f 2733 2271 2734
f 2734 2271 2272
f 2734 2272 2735
f 2735 2272 2273
f 2735 2273 2274
f 2307 2740 2599
f 2599 2740 2486
f 2599 2486 2597
f 2597 2486 2487
f 2597 2487 2747
f 2747 2487 2488
f 2747 2488 2748
f 2488 2489 2748
f 2748 2489 2490
f 2748 2490 2745
f 2745 2490 2491
f 2745 2491 2746
f 2746 2491 2492
f 2746 2492 2749
f 2749 2492 2493
f 2749 2493 2780
f 2780 2493 2494
f 2780 2494 2495
f 2463 2755 2462
f 2462 2755 2789
f 2462 2789 2461
f 2790 2414 2415
f 2790 2415 2743
f 2743 2415 2416
f 2743 2416 2791
f 2422 2423 2792
f 2792 2423 2412
f 2792 2412 2793
f 2767 2687 2688
f 2399 2388 2214
f 2214 2388 2767
f 2214 2767 2768
f 2768 2767 2688
f 2768 2688 2689
f 2706 2705 2792
f 2792 2705 2711
f 2792 2711 2422
f 2422 2711 2712
f 2422 2712 2421
f 2421 2712 2713
f 2421 2713 2714
f 2714 2702 2421
f 2421 2702 2685
f 2421 2685 2767
f 2767 2685 2686
f 2767 2686 2687
f 2678 2679 2766
f 2766 2679 2680
f 2766 2680 2767
f 2767 2680 2681
f 2767 2681 2682
f 2421 2710 2709
f 2421 2709 2420
f 2682 2683 2767
f 2767 2683 2684
f 2767 2684 2421
f 2421 2684 2697
f 2421 2697 2710
f 2416 2417 2791
f 2791 2417 2418
f 2791 2418 2765
f 2765 2418 2419
f 2765 2419 2715
f 2715 2419 2420
f 2715 2420 2708
f 2708 2420 2709
f 2429 2430 2641
f 2641 2430 2344
f 2641 2344 2636
f 2636 2344 2345
f 2636 2345 2771
f 2771 2345 2346
f 2771 2346 2739
f 2739 2346 2347
f 2739 2347 2348
f 2773 2349 2772
f 2772 2349 2350
f 2772 2350 2775
f 2775 2350 2351
f 2775 2351 2238
f 2238 2351 2239
f 2477 2478 2186
f 2186 2478 2736
f 2186 2736 2754
f 2754 2736 2332
f 2754 2332 2755
f 2755 2332 2333
f 2755 2333 2789
f 2789 2333 2334
f 2449 2450 2203
f 2203 2450 2451
f 2203 2451 2326
f 2326 2451 2452
f 2326 2452 2325
f 2325 2452 2453
f 2325 2453 2338
f 2338 2453 2454
f 2338 2454 2337
f 2337 2454 2455
f 2337 2455 2336
f 2336 2455 2753
f 2336 2753 2335
f 2335 2753 2752
f 2335 2752 2334
f 2334 2752 2764
f 2334 2764 2789
f 2789 2764 2460
f 2789 2460 2461
f 2668 2669 2783
f 2783 2669 2670
f 2783 2670 2784
f 2784 2670 2671
f 2784 2671 2672
f 2743 2725 2790
f 2790 2725 2726
f 2790 2726 2727
f 2727 2728 2790
f 2790 2728 2699
f 2790 2699 2783
f 2783 2699 2667
f 2783 2667 2668
f 2664 2665 2783
f 2660 2661 2785
f 2785 2661 2662
f 2785 2662 2783
f 2783 2662 2663
f 2783 2663 2664
f 2665 2666 2783
f 2783 2666 2700
f 2783 2700 2790
f 2790 2700 2724
f 2790 2724 2723
f 2723 2722 2790
f 2790 2722 2782
f 2790 2782 2414
f 2414 2782 2793
f 2414 2793 2413
f 2413 2793 2412
f 2348 2349 2738
f 2738 2349 2773
f 2738 2773 2739
f 2739 2773 2774
f 2739 2774 2232
f 2232 2774 2231
f 2706 2792 2769
f 2769 2792 2793
f 2769 2793 2787
f 2787 2793 2782
f 2787 2782 2777
f 2777 2782 2730
f 2777 2730 2731
f 2210 2761 2765
f 2765 2761 2760
f 2765 2760 2791
f 2791 2760 2759
f 2791 2759 2743
f 2743 2759 2720
f 2743 2720 2719
f 2161 2162 2735
f 2735 2162 2786
f 2735 2786 2733
f 2733 2786 2550
f 2733 2550 2788
f 2788 2550 2285
f 2788 2285 2286
f 2794 2795 2796
f 2796 2795 2797
f 2798 2799 2800
f 2800 2799 2795
f 2800 2795 2801
f 2801 2795 2794
f 2802 2803 2794
f 2794 2803 2804
f 2794 2804 2801
f 2801 2804 2805
f 2806 2807 2808
f 2808 2807 2801
f 2808 2801 2809
f 2809 2801 2805
f 2809 2805 2810
f 2810 2805 2811
f 2812 2813 2809
f 2809 2813 2808
f 2797 2814 2815
f 2816 2817 2818
f 2818 2817 2796
f 2815 2819 2797
f 2797 2819 2820
f 2797 2820 2796
f 2796 2820 2821
f 2796 2821 2818
f 2822 2823 2812
f 2812 2823 2821
f 2812 2821 2813
f 2813 2821 2820
f 2813 2820 2824
f 2824 2820 2825
f 2800 2801 2819
f 2819 2801 2820
f 2818 2821 2804
f 2804 2821 2805
f 2818 2804 2803
f 2818 2803 2816
f 2816 2803 2802
f 2816 2802 2817
f 2817 2802 2794
f 2817 2794 2796
f 2800 2819 2815
f 2800 2815 2798
f 2798 2815 2814
f 2798 2814 2799
f 2799 2814 2797
f 2799 2797 2795
f 2805 2821 2823
f 2805 2823 2811
f 2811 2823 2822
f 2811 2822 2810
f 2810 2822 2812
f 2810 2812 2809
f 2820 2801 2807
f 2820 2807 2825
f 2825 2807 2806
f 2825 2806 2824
f 2824 2806 2808
f 2824 2808 2813
f 2826 2827 2828
f 2828 2827 2829
f 2828 2829 2830
f 2830 2829 2831
f 2830 2831 2832
f 2832 2831 2833
f 2832 2833 2834
f 2834 2833 2835
f 2834 2835 2836
f 2836 2835 2837
f 2836 2837 2838
f 2838 2837 2839
f 2838 2839 2840
f 2840 2839 2841
f 2840 2841 2842
f 2842 2841 2843
f 2842 2843 2844
f 2844 2843 2845
f 2844 2845 2846
f 2846 2845 2847
f 2846 2847 2848
f 2848 2847 2849
f 2848 2849 2850
f 2850 2849 2851
f 2850 2851 2828
f 2828 2851 2826
f 2852 2828 2853
f 2853 2828 2830
f 2853 2830 2854
f 2854 2830 2832
f 2854 2832 2855
f 2855 2832 2834
f 2855 2834 2856
f 2856 2834 2836
f 2856 2836 2857
f 2857 2836 2838
f 2857 2838 2858
f 2858 2838 2840
f 2858 2840 2859
f 2859 2840 2842
f 2859 2842 2860
f 2860 2842 2844
f 2860 2844 2861
f 2861 2844 2846
f 2861 2846 2862
f 2862 2846 2848
f 2862 2848 2863
f 2863 2848 2850
f 2863 2850 2852
f 2852 2850 2828
f 2864 2865 2866
f 2866 2865 2867
f 2866 2867 2868
f 2868 2867 2869
f 2868 2869 2870
f 2870 2869 2871
f 2870 2871 2872
f 2872 2871 2873
f 2872 2873 2874
f 2874 2873 2875
f 2874 2875 2876
f 2876 2875 2877
f 2876 2877 2878
f 2878 2877 2879
f 2878 2879 2880
f 2880 2879 2881
f 2880 2881 2882
f 2882 2881 2883
f 2882 2883 2884
f 2884 2883 2885
f 2884 2885 2886
f 2886 2885 2887
f 2886 2887 2888
f 2888 2887 2889
f 2888 2889 2866
f 2866 2889 2864
f 2890 2866 2891
f 2891 2866 2868
f 2891 2868 2892
f 2892 2868 2870
f 2892 2870 2893
f 2893 2870 2872
f 2893 2872 2894
f 2894 2872 2874
f 2894 2874 2895
f 2895 2874 2876
f 2895 2876 2896
f 2896 2876 2878
f 2896 2878 2897
f 2897 2878 2880
f 2897 2880 2898
f 2898 2880 2882
f 2898 2882 2899
f 2899 2882 2884
f 2899 2884 2900
f 2900 2884 2886
f 2900 2886 2901
f 2901 2886 2888
f 2901 2888 2890
f 2890 2888 2866
f 2902 2903 2904
f 2904 2903 2905
f 2904 2905 2906
f 2906 2905 2907
f 2906 2907 2908
f 2908 2907 2909
f 2908 2909 2910
f 2910 2909 2911
f 2910 2911 2912
f 2912 2911 2913
f 2912 2913 2914
f 2914 2913 2915
f 2914 2915 2916
f 2916 2915 2917
f 2916 2917 2918
f 2918 2917 2919
f 2918 2919 2920
f 2920 2919 2921
f 2920 2921 2922
f 2922 2921 2923
f 2922 2923 2924
f 2924 2923 2925
f 2924 2925 2926
f 2926 2925 2927
f 2926 2927 2904
f 2904 2927 2902
f 2928 2904 2929
f 2929 2904 2906
f 2929 2906 2930
f 2930 2906 2908
f 2930 2908 2931
f 2931 2908 2910
f 2931 2910 2932
f 2932 2910 2912
f 2932 2912 2933
f 2933 2912 2914
f 2933 2914 2934
f 2934 2914 2916
f 2934 2916 2935
f 2935 2916 2918
f 2935 2918 2936
f 2936 2918 2920
f 2936 2920 2937
f 2937 2920 2922
f 2937 2922 2938
f 2938 2922 2924
f 2938 2924 2939
f 2939 2924 2926
f 2939 2926 2928
f 2928 2926 2904
f 2940 2941 2942
f 2942 2941 2943
f 2942 2943 2944
f 2944 2943 2945
f 2944 2945 2946
f 2946 2945 2947
f 2946 2947 2948
f 2948 2947 2949
f 2948 2949 2950
f 2950 2949 2951
f 2950 2951 2952
f 2952 2951 2953
f 2952 2953 2954
f 2954 2953 2955
f 2954 2955 2956
f 2956 2955 2957
f 2956 2957 2958
f 2958 2957 2959
f 2958 2959 2960
f 2960 2959 2961
f 2960 2961 2962
f 2962 2961 2963
f 2962 2963 2964
f 2964 2963 2965
f 2964 2965 2942
f 2942 2965 2940
f 2966 2942 2967
f 2967 2942 2944
f 2967 2944 2968
f 2968 2944 2946
f 2968 2946 2969
f 2969 2946 2948
f 2969 2948 2970
f 2970 2948 2950
f 2970 2950 2971
f 2971 2950 2952
f 2971 2952 2972
f 2972 2952 2954
f 2972 2954 2973
f 2973 2954 2956
f 2973 2956 2974
f 2974 2956 2958
f 2974 2958 2975
f 2975 2958 2960
f 2975 2960 2976
f 2976 2960 2962
f 2976 2962 2977
f 2977 2962 2964
f 2977 2964 2966
f 2966 2964 2942
f 2978 2979 2980
f 2978 2980 2981
f 2982 2983 2980
f 2980 2983 2984
f 2980 2984 2981
f 2985 2986 2980
f 2980 2986 2987
f 2980 2987 2982
f 2988 2989 2980
f 2980 2989 2990
f 2980 2990 2985
f 2991 2992 2980
f 2980 2992 2993
f 2980 2993 2988
f 2994 2995 2980
f 2980 2995 2996
f 2980 2996 2991
f 2997 2998 2980
f 2980 2998 2999
f 2980 2999 2994
f 3000 3001 2980
f 2980 3001 3002
f 2980 3002 2997
f 3003 3004 2980
f 2980 3004 3005
f 2980 3005 3000
f 3006 3007 2980
f 2980 3007 3008
f 2980 3008 3003
f 3009 3010 2980
f 2980 3010 3011
f 2980 3011 3006
f 3012 3013 2980
f 2980 3013 3014
f 2980 3014 3009
f 2979 3015 2980
f 2980 3015 3016
f 2980 3016 3012
f 3017 3018 2998
f 2998 3018 3019
f 2998 3019 2999
f 2999 3019 3020
f 2999 3020 2994
f 2994 3020 3021
f 2994 3021 2995
f 2995 3021 3022
f 2995 3022 2996
f 2996 3022 3023
f 2996 3023 2991
f 2991 3023 3024
f 2991 3024 2992
f 2992 3024 3025
f 2992 3025 2993
f 2993 3025 3026
f 2993 3026 2988
f 2988 3026 3027
f 2988 3027 2989
f 2989 3027 3028
f 2989 3028 2990
f 2990 3028 3029
f 2990 3029 2985
f 2985 3029 3030
f 2985 3030 2986
f 2986 3030 3031
f 2986 3031 2987
f 2987 3031 3032
f 2987 3032 2982
f 2982 3032 3033
f 2982 3033 2983
f 2983 3033 3034
f 2983 3034 2984
f 2984 3034 3035
f 2984 3035 2981
f 2981 3035 3036
f 2981 3036 3037
f 3037 3036 3038
f 3037 3038 2979
f 2979 3038 3039
f 2979 3039 3015
f 3015 3039 3040
f 3015 3040 3016
f 3016 3040 3041
f 3016 3041 3012
f 3012 3041 3042
f 3012 3042 3013
f 3013 3042 3043
f 3013 3043 3014
f 3014 3043 3044
f 3014 3044 3009
f 3009 3044 3045
f 3009 3045 3010
f 3010 3045 3046
f 3010 3046 3011
f 3011 3046 3047
f 3011 3047 3006
f 3006 3047 3048
f 3006 3048 3007
f 3007 3048 3049
f 3007 3049 3008
f 3008 3049 3050
f 3008 3050 3003
f 3003 3050 3051
f 3003 3051 3004
f 3004 3051 3052
f 3004 3052 3005
f 3005 3052 3053
f 3005 3053 3000
f 3000 3053 3054
f 3000 3054 3001
f 3001 3054 3055
f 3001 3055 3002
f 3002 3055 3056
f 3002 3056 3017
f 3017 3056 3018
f 2856 2857 3057
f 3057 2857 2858
f 3057 2858 2859
f 2853 2854 3057
f 3057 2854 2855
f 3057 2855 2856
f 2862 2863 3057
f 3057 2863 2852
f 3057 2852 2853
f 2859 2860 3057
f 3057 2860 2861
f 3057 2861 2862
f 2894 2895 3058
f 3058 2895 2896
f 3058 2896 2897
f 2891 2892 3058
f 3058 2892 2893
f 3058 2893 2894
f 2900 2901 3058
f 3058 2901 2890
f 3058 2890 2891
f 2897 2898 3058
f 3058 2898 2899
f 3058 2899 2900
f 2932 2933 3059
f 3059 2933 2934
f 3059 2934 2935
f 2929 2930 3059
f 3059 2930 2931
f 3059 2931 2932
f 2938 2939 3059
f 3059 2939 2928
f 3059 2928 2929
f 2935 2936 3059
f 3059 2936 2937
f 3059 2937 2938
f 2970 2971 3060
f 3060 2971 2972
f 3060 2972 2973
f 2967 2968 3060
f 3060 2968 2969
f 3060 2969 2970
f 2976 2977 3060
f 3060 2977 2966
f 3060 2966 2967
f 2973 2974 3060
f 3060 2974 2975
f 3060 2975 2976
f 2953 3061 2955
f 2955 3061 3062
f 2955 3062 3063
f 2951 3064 2953
f 2953 3064 3065
f 2953 3065 3061
f 3066 3067 2949
f 2949 3067 3068
f 2949 3068 2951
f 2951 3068 3069
f 2951 3069 3064
f 2947 3070 2949
f 2949 3070 3071
f 2949 3071 3066
f 2945 3072 2947
f 2947 3072 3073
f 2947 3073 3070
f 2943 3074 2945
f 2945 3074 3075
f 2945 3075 3072
f 2941 2940 3076
f 3076 3077 2941
f 2941 3077 3078
f 2941 3078 2943
f 2943 3078 3079
f 2943 3079 3074
f 2965 3080 2940
f 2940 3080 3081
f 2940 3081 3076
f 2963 3082 2965
f 2965 3082 3083
f 2965 3083 3080
f 3084 3085 2961
f 2961 3085 3086
f 2961 3086 2963
f 2963 3086 3087
f 2963 3087 3082
f 2959 3088 2961
f 2961 3088 3089
f 2961 3089 3084
f 2957 3090 2959
f 2959 3090 3091
f 2959 3091 3088
f 3063 3092 2955
f 2955 3092 3093
f 2955 3093 2957
f 2957 3093 3094
f 2957 3094 3090
f 3095 3084 3096
f 3096 3084 3089
f 3096 3089 3097
f 3089 3088 3097
f 3097 3088 3091
f 3097 3091 3098
f 3098 3091 3090
f 3098 3090 3099
f 3090 3094 3099
f 3099 3094 3093
f 3099 3093 3100
f 3093 3092 3100
f 3100 3092 3063
f 3100 3063 3101
f 3101 3063 3062
f 3101 3062 3102
f 3062 3061 3102
f 3102 3061 3065
f 3102 3065 3103
f 3103 3065 3064
f 3103 3064 3104
f 3064 3069 3104
f 3104 3069 3068
f 3104 3068 3105
f 3105 3068 3067
f 3105 3067 3106
f 3067 3066 3106
f 3106 3066 3071
f 3106 3071 3107
f 3071 3070 3107
f 3107 3070 3073
f 3107 3073 3108
f 3108 3073 3072
f 3108 3072 3109
f 3109 3072 3075
f 3109 3075 3110
f 3110 3075 3074
f 3110 3074 3111
f 3074 3079 3111
f 3111 3079 3078
f 3111 3078 3112
f 3112 3078 3077
f 3077 3076 3112
f 3112 3076 3081
f 3112 3081 3113
f 3113 3081 3080
f 3113 3080 3114
f 3114 3080 3083
f 3114 3083 3115
f 3115 3083 3082
f 3115 3082 3116
f 3082 3087 3116
f 3116 3087 3086
f 3116 3086 3095
f 3095 3086 3085
f 3095 3085 3084
f 3116 3117 3115
f 3115 3117 3118
f 3115 3118 3114
f 3114 3118 3119
f 3114 3119 3113
f 3113 3119 3120
f 3113 3120 3112
f 3112 3120 3121
f 3112 3121 3111
f 3111 3121 3122
f 3111 3122 3110
f 3110 3122 3123
f 3110 3123 3109
f 3109 3123 3124
f 3109 3124 3108
f 3108 3124 3125
f 3108 3125 3107
f 3107 3125 3126
f 3107 3126 3106
f 3106 3126 3127
f 3106 3127 3105
f 3105 3127 3128
f 3105 3128 3104
f 3104 3128 3129
f 3104 3129 3103
f 3103 3129 3130
f 3103 3130 3102
f 3102 3130 3131
f 3102 3131 3101
f 3101 3131 3132
f 3101 3132 3100
f 3100 3132 3133
f 3100 3133 3099
f 3099 3133 3134
f 3099 3134 3098
f 3098 3134 3135
f 3098 3135 3097
f 3097 3135 3136
f 3097 3136 3096
f 3096 3136 3137
f 3096 3137 3095
f 3095 3137 3138
f 3095 3138 3116
f 3116 3138 3117
f 3117 3139 3118
f 3118 3139 3140
f 3118 3140 3119
f 3119 3140 3141
f 3119 3141 3120
f 3120 3141 3142
f 3120 3142 3121
f 3121 3142 3143
f 3121 3143 3122
f 3122 3143 3144
f 3122 3144 3123
f 3123 3144 3145
f 3123 3145 3124
f 3124 3145 3146
f 3124 3146 3125
f 3125 3146 3147
f 3125 3147 3126
f 3126 3147 3148
f 3126 3148 3127
f 3127 3148 3149
f 3127 3149 3128
f 3128 3149 3150
f 3128 3150 3129
f 3129 3150 3151
f 3129 3151 3130
f 3130 3151 3152
f 3130 3152 3131
f 3131 3152 3153
f 3131 3153 3132
f 3132 3153 3154
f 3132 3154 3133
f 3133 3154 3155
f 3133 3155 3134
f 3134 3155 3156
f 3134 3156 3135
f 3135 3156 3157
f 3135 3157 3136
f 3136 3157 3158
f 3136 3158 3137
f 3137 3158 3159
f 3137 3159 3138
f 3138 3159 3160
f 3138 3160 3117
f 3117 3160 3139
f 3139 3161 3140
f 3140 3161 3162
f 3140 3162 3141
f 3141 3162 3163
f 3141 3163 3142
f 3142 3163 3164
f 3142 3164 3143
f 3143 3164 3165
f 3143 3165 3144
f 3144 3165 3166
f 3144 3166 3145
f 3145 3166 3167
f 3145 3167 3146
f 3146 3167 3168
f 3146 3168 3147
f 3147 3168 3169
f 3147 3169 3148
f 3148 3169 3170
f 3148 3170 3149
f 3149 3170 3171
f 3149 3171 3150
f 3150 3171 3172
f 3150 3172 3151
f 3151 3172 3173
f 3151 3173 3152
f 3152 3173 3174
f 3152 3174 3153
f 3153 3174 3175
f 3153 3175 3154
f 3154 3175 3176
f 3154 3176 3155
f 3155 3176 3177
f 3155 3177 3156
f 3156 3177 3178
f 3156 3178 3157
f 3157 3178 3179
f 3157 3179 3158
f 3158 3179 3180
f 3158 3180 3159
f 3159 3180 3181
f 3159 3181 3160
f 3160 3181 3182
f 3160 3182 3139
f 3139 3182 3161
f 2915 3183 2917
f 2917 3183 3184
f 2917 3184 3185
f 2913 3186 2915
f 2915 3186 3187
f 2915 3187 3183
f 3188 3189 2911
f 2911 3189 3190
f 2911 3190 2913
f 2913 3190 3191
f 2913 3191 3186
f 2909 3192 2911
f 2911 3192 3193
f 2911 3193 3188
f 2907 3194 2909
f 2909 3194 3195
f 2909 3195 3192
f 2905 3196 2907
f 2907 3196 3197
f 2907 3197 3194
f 2903 2902 3198
f 3198 3199 2903
f 2903 3199 3200
f 2903 3200 2905
f 2905 3200 3201
f 2905 3201 3196
f 2927 3202 2902
f 2902 3202 3203
f 2902 3203 3198
f 2925 3204 2927
f 2927 3204 3205
f 2927 3205 3202
f 3206 3207 2923
f 2923 3207 3208
f 2923 3208 2925
f 2925 3208 3209
f 2925 3209 3204
f 2921 3210 2923
f 2923 3210 3211
f 2923 3211 3206
f 2919 3212 2921
f 2921 3212 3213
f 2921 3213 3210
f 3185 3214 2917
f 2917 3214 3215
f 2917 3215 2919
f 2919 3215 3216
f 2919 3216 3212
f 3217 3206 3218
f 3218 3206 3211
f 3218 3211 3219
f 3211 3210 3219
f 3219 3210 3213
f 3219 3213 3220
f 3220 3213 3212
f 3220 3212 3221
f 3212 3216 3221
f 3221 3216 3215
f 3221 3215 3222
f 3215 3214 3222
f 3222 3214 3185
f 3222 3185 3223
f 3223 3185 3184
f 3223 3184 3224
f 3184 3183 3224
f 3224 3183 3187
f 3224 3187 3225
f 3225 3187 3186
f 3225 3186 3226
f 3186 3191 3226
f 3226 3191 3190
f 3226 3190 3227
f 3227 3190 3189
f 3227 3189 3228
f 3189 3188 3228
f 3228 3188 3193
f 3228 3193 3229
f 3193 3192 3229
f 3229 3192 3195
f 3229 3195 3230
f 3230 3195 3194
f 3230 3194 3231
f 3231 3194 3197
f 3231 3197 3232
f 3232 3197 3196
f 3232 3196 3233
f 3233 3196 3201
f 3201 3200 3233
f 3233 3200 3199
f 3233 3199 3234
f 3199 3198 3234
f 3234 3198 3203
f 3234 3203 3235
f 3235 3203 3202
f 3235 3202 3236
f 3236 3202 3205
f 3236 3205 3237
f 3237 3205 3204
f 3237 3204 3238
f 3204 3209 3238
f 3238 3209 3208
f 3238 3208 3217
f 3217 3208 3207
f 3217 3207 3206
f 3238 3239 3237
f 3237 3239 3240
f 3237 3240 3236
f 3236 3240 3241
f 3236 3241 3235
f 3235 3241 3242
f 3235 3242 3234
f 3234 3242 3243
f 3234 3243 3233
f 3233 3243 3244
f 3233 3244 3232
f 3232 3244 3245
f 3232 3245 3231
f 3231 3245 3246
f 3231 3246 3230
f 3230 3246 3247
f 3230 3247 3229
f 3229 3247 3248
f 3229 3248 3228
f 3228 3248 3249
f 3228 3249 3227
f 3227 3249 3250
f 3227 3250 3226
f 3226 3250 3251
f 3226 3251 3225
f 3225 3251 3252
f 3225 3252 3224
f 3224 3252 3253
f 3224 3253 3223
f 3223 3253 3254
f 3223 3254 3222
f 3222 3254 3255
f 3222 3255 3221
f 3221 3255 3256
f 3221 3256 3220
f 3220 3256 3257
f 3220 3257 3219
f 3219 3257 3258
f 3219 3258 3218
f 3218 3258 3259
f 3218 3259 3217
f 3217 3259 3260
f 3217 3260 3238
f 3238 3260 3239
f 3239 3261 3240
f 3240 3261 3262
f 3240 3262 3241
f 3241 3262 3263
f 3241 3263 3242
f 3242 3263 3264
f 3242 3264 3243
f 3243 3264 3265
f 3243 3265 3244
f 3244 3265 3266
f 3244 3266 3245
f 3245 3266 3267
f 3245 3267 3246
f 3246 3267 3268
f 3246 3268 3247
f 3247 3268 3269
f 3247 3269 3248
f 3248 3269 3270
f 3248 3270 3249
f 3249 3270 3271
f 3249 3271 3250
f 3250 3271 3272
f 3250 3272 3251
f 3251 3272 3273
f 3251 3273 3252
f 3252 3273 3274
f 3252 3274 3253
f 3253 3274 3275
f 3253 3275 3254
f 3254 3275 3276
f 3254 3276 3255
f 3255 3276 3277
f 3255 3277 3256
f 3256 3277 3278
f 3256 3278 3257
f 3257 3278 3279
f 3257 3279 3258
f 3258 3279 3280
f 3258 3280 3259
f 3259 3280 3281
f 3259 3281 3260
f 3260 3281 3282
f 3260 3282 3239
f 3239 3282 3261
f 3261 3283 3262
f 3262 3283 3284
f 3262 3284 3263
f 3263 3284 3285
f 3263 3285 3264
f 3264 3285 3286
f 3264 3286 3265
f 3265 3286 3287
f 3265 3287 3266
f 3266 3287 3288
f 3266 3288 3267
f 3267 3288 3289
f 3267 3289 3268
f 3268 3289 3290
f 3268 3290 3269
f 3269 3290 3291
f 3269 3291 3270
f 3270 3291 3292
f 3270 3292 3271
f 3271 3292 3293
f 3271 3293 3272
f 3272 3293 3294
f 3272 3294 3273
f 3273 3294 3295
f 3273 3295 3274
f 3274 3295 3296
f 3274 3296 3275
f 3275 3296 3297
f 3275 3297 3276
f 3276 3297 3298
f 3276 3298 3277
f 3277 3298 3299
f 3277 3299 3278
f 3278 3299 3300
f 3278 3300 3279
f 3279 3300 3301
f 3279 3301 3280
f 3280 3301 3302
f 3280 3302 3281
f 3281 3302 3303
f 3281 3303 3282
f 3282 3303 3304
f 3282 3304 3261
f 3261 3304 3283
f 2839 3305 2841
f 2841 3305 3306
f 2841 3306 3307
f 2837 3308 2839
f 2839 3308 3309
f 2839 3309 3305
f 3310 3311 2835
f 2835 3311 3312
f 2835 3312 2837
f 2837 3312 3313
f 2837 3313 3308
f 2833 3314 2835
f 2835 3314 3315
f 2835 3315 3310
f 2831 3316 2833
f 2833 3316 3317
f 2833 3317 3314
f 2829 3318 2831
f 2831 3318 3319
f 2831 3319 3316
f 2827 2826 3320
f 3320 3321 2827
f 2827 3321 3322
f 2827 3322 2829
f 2829 3322 3323
f 2829 3323 3318
f 2851 3324 2826
f 2826 3324 3325
f 2826 3325 3320
f 2849 3326 2851
f 2851 3326 3327
f 2851 3327 3324
f 3328 3329 2847
f 2847 3329 3330
f 2847 3330 2849
f 2849 3330 3331
f 2849 3331 3326
f 2845 3332 2847
f 2847 3332 3333
f 2847 3333 3328
f 2843 3334 2845
f 2845 3334 3335
f 2845 3335 3332
f 3307 3336 2841
f 2841 3336 3337
f 2841 3337 2843
f 2843 3337 3338
f 2843 3338 3334
f 3339 3328 3340
f 3340 3328 3333
f 3340 3333 3341
f 3333 3332 3341
f 3341 3332 3335
f 3341 3335 3342
f 3342 3335 3334
f 3342 3334 3343
f 3334 3338 3343
f 3343 3338 3337
f 3343 3337 3344
f 3337 3336 3344
f 3344 3336 3307
f 3344 3307 3345
f 3345 3307 3306
f 3345 3306 3346
f 3306 3305 3346
f 3346 3305 3309
f 3346 3309 3347
f 3347 3309 3308
f 3347 3308 3348
f 3308 3313 3348
f 3348 3313 3312
f 3348 3312 3349
f 3349 3312 3311
f 3349 3311 3350
f 3311 3310 3350
f 3350 3310 3315
f 3350 3315 3351
f 3315 3314 3351
f 3351 3314 3317
f 3351 3317 3352
f 3352 3317 3316
f 3352 3316 3353
f 3353 3316 3319
f 3353 3319 3354
f 3354 3319 3318
f 3354 3318 3355
f 3355 3318 3323
f 3323 3322 3355
f 3355 3322 3321
f 3355 3321 3356
f 3321 3320 3356
f 3356 3320 3325
f 3356 3325 3357
f 3357 3325 3324
f 3357 3324 3358
f 3358 3324 3327
f 3358 3327 3359
f 3359 3327 3326
f 3359 3326 3360
f 3326 3331 3360
f 3360 3331 3330
f 3360 3330 3339
f 3339 3330 3329
f 3339 3329 3328
f 3360 3361 3359
f 3359 3361 3362
f 3359 3362 3358
f 3358 3362 3363
f 3358 3363 3357
f 3357 3363 3364
f 3357 3364 3356
f 3356 3364 3365
f 3356 3365 3355
f 3355 3365 3366
f 3355 3366 3354
f 3354 3366 3367
f 3354 3367 3353
f 3353 3367 3368
f 3353 3368 3352
f 3352 3368 3369
f 3352 3369 3351
f 3351 3369 3370
f 3351 3370 3350
f 3350 3370 3371
f 3350 3371 3349
f 3349 3371 3372
f 3349 3372 3348
f 3348 3372 3373
f 3348 3373 3347
f 3347 3373 3374
f 3347 3374 3346
f 3346 3374 3375
f 3346 3375 3345
f 3345 3375 3376
f 3345 3376 3344
f 3344 3376 3377
f 3344 3377 3343
f 3343 3377 3378
f 3343 3378 3342
f 3342 3378 3379
f 3342 3379 3341
f 3341 3379 3380
f 3341 3380 3340
f 3340 3380 3381
f 3340 3381 3339
f 3339 3381 3382
f 3339 3382 3360
f 3360 3382 3361
f 3361 3383 3362
f 3362 3383 3384
f 3362 3384 3363
f 3363 3384 3385
f 3363 3385 3364
f 3364 3385 3386
f 3364 3386 3365
f 3365 3386 3387
f 3365 3387 3366
f 3366 3387 3388
f 3366 3388 3367
f 3367 3388 3389
f 3367 3389 3368
f 3368 3389 3390
f 3368 3390 3369
f 3369 3390 3391
f 3369 3391 3370
f 3370 3391 3392
f 3370 3392 3371
f 3371 3392 3393
f 3371 3393 3372
f 3372 3393 3394
f 3372 3394 3373
f 3373 3394 3395
f 3373 3395 3374
f 3374 3395 3396
f 3374 3396 3375
f 3375 3396 3397
f 3375 3397 3376
f 3376 3397 3398
f 3376 3398 3377
f 3377 3398 3399
f 3377 3399 3378
f 3378 3399 3400
f 3378 3400 3379
f 3379 3400 3401
f 3379 3401 3380
f 3380 3401 3402
f 3380 3402 3381
f 3381 3402 3403
f 3381 3403 3382
f 3382 3403 3404
f 3382 3404 3361
f 3361 3404 3383
f 3383 3405 3384
f 3384 3405 3406
f 3384 3406 3385
f 3385 3406 3407
f 3385 3407 3386
f 3386 3407 3408
f 3386 3408 3387
f 3387 3408 3409
f 3387 3409 3388
f 3388 3409 3410
f 3388 3410 3389
f 3389 3410 3411
f 3389 3411 3390
f 3390 3411 3412
f 3390 3412 3391
f 3391 3412 3413
f 3391 3413 3392
f 3392 3413 3414
f 3392 3414 3393
f 3393 3414 3415
f 3393 3415 3394
f 3394 3415 3416
f 3394 3416 3395
f 3395 3416 3417
f 3395 3417 3396
f 3396 3417 3418
f 3396 3418 3397
f 3397 3418 3419
f 3397 3419 3398
f 3398 3419 3420
f 3398 3420 3399
f 3399 3420 3421
f 3399 3421 3400
f 3400 3421 3422
f 3400 3422 3401
f 3401 3422 3423
f 3401 3423 3402
f 3402 3423 3424
f 3402 3424 3403
f 3403 3424 3425
f 3403 3425 3404
f 3404 3425 3426
f 3404 3426 3383
f 3383 3426 3405
f 2877 3427 2879
f 2879 3427 3428
f 2879 3428 3429
f 2875 3430 2877
f 2877 3430 3431
f 2877 3431 3427
f 3432 3433 2873
f 2873 3433 3434
f 2873 3434 2875
f 2875 3434 3435
f 2875 3435 3430
f 2871 3436 2873
f 2873 3436 3437
f 2873 3437 3432
f 2869 3438 2871
f 2871 3438 3439
f 2871 3439 3436
f 2867 3440 2869
f 2869 3440 3441
f 2869 3441 3438
f 2865 2864 3442
f 3442 3443 2865
f 2865 3443 3444
f 2865 3444 2867
f 2867 3444 3445
f 2867 3445 3440
f 2889 3446 2864
f 2864 3446 3447
f 2864 3447 3442
f 2887 3448 2889
f 2889 3448 3449
f 2889 3449 3446
f 3450 3451 2885
f 2885 3451 3452
f 2885 3452 2887
f 2887 3452 3453
f 2887 3453 3448
f 2883 3454 2885
f 2885 3454 3455
f 2885 3455 3450
f 2881 3456 2883
f 2883 3456 3457
f 2883 3457 3454
f 3429 3458 2879
f 2879 3458 3459
f 2879 3459 2881
f 2881 3459 3460
f 2881 3460 3456
f 3461 3462 3298
f 3050 3182 3181
f 3176 3463 3464
f 3050 3181 3051
f 3032 3031 3412
f 3053 3052 3177
f 3412 3411 3032
f 3032 3411 3410
f 3032 3410 3033
f 3033 3410 3409
f 3033 3409 3034
f 3034 3409 3408
f 3034 3408 3035
f 3408 3407 3035
f 3035 3407 3292
f 3035 3292 3291
f 3181 3180 3051
f 3051 3180 3179
f 3051 3179 3052
f 3052 3179 3178
f 3052 3178 3177
f 3176 3175 3463
f 3463 3175 3174
f 3463 3174 3173
f 3168 3167 3298
f 3298 3167 3166
f 3298 3166 3299
f 3299 3166 3165
f 3299 3165 3300
f 3165 3164 3045
f 3287 3041 3288
f 3288 3041 3040
f 3288 3040 3289
f 3289 3040 3039
f 3289 3039 3290
f 3290 3039 3038
f 3290 3038 3291
f 3291 3038 3036
f 3291 3036 3035
f 3287 3286 3041
f 3041 3286 3285
f 3041 3285 3042
f 3042 3285 3284
f 3042 3284 3043
f 3464 3465 3055
f 3466 3419 3418
f 3284 3283 3043
f 3043 3283 3304
f 3043 3304 3044
f 3044 3304 3303
f 3044 3303 3045
f 3045 3303 3302
f 3045 3302 3165
f 3165 3302 3301
f 3165 3301 3300
f 3182 3050 3161
f 3161 3050 3049
f 3161 3049 3162
f 3162 3049 3048
f 3162 3048 3163
f 3163 3048 3047
f 3163 3047 3164
f 3164 3047 3046
f 3164 3046 3045
f 3298 3297 3426
f 3426 3297 3296
f 3426 3296 3295
f 3177 3176 3053
f 3053 3176 3464
f 3053 3464 3054
f 3054 3464 3055
f 3467 3021 3468
f 3468 3021 3020
f 3468 3020 3469
f 3469 3020 3019
f 3469 3019 3470
f 3470 3019 3018
f 3470 3018 3465
f 3465 3018 3056
f 3465 3056 3055
f 3028 3417 3029
f 3029 3417 3416
f 3029 3416 3030
f 3416 3415 3030
f 3030 3415 3414
f 3030 3414 3031
f 3031 3414 3413
f 3031 3413 3412
f 3168 3298 3169
f 3169 3298 3462
f 3169 3462 3170
f 3467 3471 3021
f 3021 3471 3472
f 3021 3472 3022
f 3022 3472 3473
f 3022 3473 3023
f 3418 3417 3466
f 3466 3417 3028
f 3466 3028 3474
f 3474 3028 3027
f 3474 3027 3475
f 3475 3027 3026
f 3475 3026 3476
f 3476 3026 3025
f 3476 3025 3477
f 3477 3025 3024
f 3477 3024 3478
f 3478 3024 3023
f 3478 3023 3479
f 3479 3023 3473
f 3298 3426 3461
f 3461 3426 3425
f 3461 3425 3480
f 3480 3425 3424
f 3480 3424 3423
f 3295 3294 3426
f 3426 3294 3293
f 3426 3293 3405
f 3405 3293 3292
f 3405 3292 3406
f 3406 3292 3407
f 3423 3422 3480
f 3480 3422 3421
f 3480 3421 3466
f 3466 3421 3420
f 3466 3420 3419
f 3173 3172 3463
f 3463 3172 3171
f 3463 3171 3481
f 3481 3171 3170
f 3481 3170 3482
f 3482 3170 3462
f 3483 3450 3484
f 3484 3450 3455
f 3484 3455 3485
f 3455 3454 3485
f 3485 3454 3457
f 3485 3457 3486
f 3486 3457 3456
f 3486 3456 3487
f 3456 3460 3487
f 3487 3460 3459
f 3487 3459 3488
f 3459 3458 3488
f 3488 3458 3429
f 3488 3429 3489
f 3489 3429 3428
f 3489 3428 3490
f 3428 3427 3490
f 3490 3427 3431
f 3490 3431 3491
f 3491 3431 3430
f 3491 3430 3492
f 3430 3435 3492
f 3492 3435 3434
f 3492 3434 3493
f 3493 3434 3433
f 3493 3433 3494
f 3433 3432 3494
f 3494 3432 3437
f 3494 3437 3495
f 3437 3436 3495
f 3495 3436 3439
f 3495 3439 3496
f 3496 3439 3438
f 3496 3438 3497
f 3497 3438 3441
f 3497 3441 3498
f 3498 3441 3440
f 3498 3440 3499
f 3440 3445 3499
f 3499 3445 3444
f 3499 3444 3500
f 3500 3444 3443
f 3443 3442 3500
f 3500 3442 3447
f 3500 3447 3501
f 3501 3447 3446
f 3501 3446 3502
f 3502 3446 3449
f 3502 3449 3503
f 3503 3449 3448
f 3503 3448 3504
f 3448 3453 3504
f 3504 3453 3452
f 3504 3452 3483
f 3483 3452 3451
f 3483 3451 3450
f 3504 3505 3503
f 3503 3505 3506
f 3503 3506 3502
f 3502 3506 3507
f 3502 3507 3501
f 3501 3507 3508
f 3501 3508 3500
f 3500 3508 3509
f 3500 3509 3499
f 3499 3509 3510
f 3499 3510 3498
f 3498 3510 3511
f 3498 3511 3497
f 3497 3511 3512
f 3497 3512 3496
f 3496 3512 3513
f 3496 3513 3495
f 3495 3513 3514
f 3495 3514 3494
f 3494 3514 3515
f 3494 3515 3493
f 3493 3515 3516
f 3493 3516 3492
f 3492 3516 3517
f 3492 3517 3491
f 3491 3517 3518
f 3491 3518 3490
f 3490 3518 3519
f 3490 3519 3489
f 3489 3519 3520
f 3489 3520 3488
f 3488 3520 3521
f 3488 3521 3487
f 3487 3521 3522
f 3487 3522 3486
f 3486 3522 3523
f 3486 3523 3485
f 3485 3523 3524
f 3485 3524 3484
f 3484 3524 3525
f 3484 3525 3483
f 3483 3525 3526
f 3483 3526 3504
f 3504 3526 3505
f 3505 3527 3506
f 3506 3527 3528
f 3506 3528 3507
f 3507 3528 3529
f 3507 3529 3508
f 3508 3529 3530
f 3508 3530 3509
f 3509 3530 3531
f 3509 3531 3510
f 3510 3531 3532
f 3510 3532 3511
f 3511 3532 3533
f 3511 3533 3512
f 3512 3533 3534
f 3512 3534 3513
f 3513 3534 3535
f 3513 3535 3514
f 3514 3535 3536
f 3514 3536 3515
f 3515 3536 3537
f 3515 3537 3516
f 3516 3537 3538
f 3516 3538 3517
f 3517 3538 3539
f 3517 3539 3518
f 3518 3539 3540
f 3518 3540 3519
f 3519 3540 3541
f 3519 3541 3520
f 3520 3541 3542
f 3520 3542 3521
f 3521 3542 3543
f 3521 3543 3522
f 3522 3543 3544
f 3522 3544 3523
f 3523 3544 3545
f 3523 3545 3524
f 3524 3545 3546
f 3524 3546 3525
f 3525 3546 3547
f 3525 3547 3526
f 3526 3547 3548
f 3526 3548 3505
f 3505 3548 3527
f 3527 3481 3528
f 3528 3481 3482
f 3528 3482 3529
f 3529 3482 3462
f 3529 3462 3530
f 3530 3462 3461
f 3530 3461 3531
f 3531 3461 3480
f 3531 3480 3532
f 3532 3480 3466
f 3532 3466 3533
f 3533 3466 3474
f 3533 3474 3534
f 3534 3474 3475
f 3534 3475 3535
f 3535 3475 3476
f 3535 3476 3536
f 3536 3476 3477
f 3536 3477 3537
f 3537 3477 3478
f 3537 3478 3538
f 3538 3478 3479
f 3538 3479 3539
f 3539 3479 3473
f 3539 3473 3540
f 3540 3473 3472
f 3540 3472 3541
f 3541 3472 3471
f 3541 3471 3542
f 3542 3471 3467
f 3542 3467 3543
f 3543 3467 3468
f 3543 3468 3544
f 3544 3468 3469
f 3544 3469 3545
f 3545 3469 3470
f 3545 3470 3546
f 3546 3470 3465
f 3546 3465 3547
f 3547 3465 3464
f 3547 3464 3548
f 3548 3464 3463
f 3548 3463 3527
f 3527 3463 3481
f 3549 3550 3551
f 3552 3553 3554
f 3554 3553 3555
f 3555 3556 3554
f 3554 3556 3557
f 3554 3557 3558
f 3552 3554 3559
f 3559 3554 3560
f 3559 3560 3561
f 3562 3563 3564
f 3564 3565 3562
f 3562 3565 3566
f 3562 3566 3560
f 3560 3566 3567
f 3560 3567 3561
f 3568 3569 3570
f 3570 3571 3568
f 3568 3571 3572
f 3568 3572 3562
f 3562 3572 3573
f 3562 3573 3563
f 3574 3575 3576
f 3576 3575 3577
f 3577 3578 3576
f 3576 3578 3579
f 3576 3579 3568
f 3568 3579 3580
f 3568 3580 3569
f 3574 3576 3581
f 3581 3576 3582
f 3581 3582 3583
f 3584 3585 3586
f 3584 3586 3587
f 3586 3588 3587
f 3587 3588 3589
f 3587 3589 3582
f 3582 3589 3590
f 3582 3590 3583
f 3591 3592 3593
f 3593 3594 3591
f 3591 3594 3595
f 3591 3595 3584
f 3584 3595 3596
f 3584 3596 3585
f 3597 3598 3599
f 3599 3600 3597
f 3597 3600 3601
f 3597 3601 3591
f 3591 3601 3602
f 3591 3602 3592
f 3551 3550 3597
f 3597 3550 3603
f 3597 3603 3604
f 3604 3605 3597
f 3597 3605 3606
f 3597 3606 3598
f 3549 3551 3607
f 3607 3551 3608
f 3607 3608 3609
f 3610 3611 3612
f 3612 3613 3610
f 3610 3613 3614
f 3610 3614 3608
f 3608 3614 3615
f 3608 3615 3609
f 3557 3616 3558
f 3558 3616 3617
f 3558 3617 3618
f 3618 3619 3558
f 3558 3619 3620
f 3558 3620 3610
f 3610 3620 3621
f 3610 3621 3611
f 3622 3623 3624
f 3625 3626 3627
f 3627 3626 3628
f 3627 3628 3629
f 3629 3628 3630
f 3631 3632 3633
f 3633 3632 3634
f 3633 3634 3635
f 3636 3637 3638
f 3639 3640 3641
f 3622 3624 3642
f 3638 3637 3643
f 3641 3640 3644
f 3644 3640 3645
f 3644 3645 3646
f 3647 3648 3649
f 3634 3650 3635
f 3635 3650 3651
f 3635 3651 3652
f 3652 3651 3653
f 3652 3653 3654
f 3654 3653 3655
f 3654 3655 3656
f 3657 3658 3659
f 3659 3658 3660
f 3659 3660 3661
f 3661 3660 3662
f 3661 3662 3663
f 3663 3662 3664
f 3663 3664 3665
f 3666 3667 3668
f 3668 3667 3669
f 3668 3669 3670
f 3671 3672 3673
f 3673 3672 3674
f 3673 3674 3675
f 3675 3674 3676
f 3675 3676 3677
f 3677 3676 3656
f 3677 3656 3678
f 3678 3656 3655
f 3624 3679 3642
f 3642 3679 3680
f 3642 3680 3681
f 3681 3680 3682
f 3681 3682 3683
f 3683 3682 3684
f 3683 3684 3685
f 3685 3684 3632
f 3685 3632 3686
f 3686 3632 3631
f 3631 3687 3686
f 3686 3687 3688
f 3686 3688 3689
f 3689 3688 3690
f 3689 3690 3625
f 3625 3690 3691
f 3625 3691 3626
f 3626 3691 3671
f 3626 3671 3692
f 3692 3671 3673
f 3659 3693 3657
f 3657 3693 3694
f 3657 3694 3695
f 3695 3694 3636
f 3695 3636 3696
f 3696 3636 3638
f 3696 3638 3697
f 3697 3638 3698
f 3697 3698 3699
f 3699 3698 3700
f 3699 3700 3630
f 3630 3700 3701
f 3630 3701 3629
f 3637 3702 3643
f 3643 3702 3703
f 3643 3703 3646
f 3646 3703 3704
f 3646 3704 3644
f 3644 3704 3705
f 3644 3705 3706
f 3706 3705 3707
f 3706 3707 3708
f 3708 3707 3709
f 3708 3709 3710
f 3710 3709 3665
f 3710 3665 3711
f 3711 3665 3664
f 3623 3712 3624
f 3624 3712 3713
f 3624 3713 3714
f 3714 3713 3715
f 3714 3715 3716
f 3716 3715 3670
f 3716 3670 3717
f 3717 3670 3669
f 3647 3649 3718
f 3718 3649 3719
f 3718 3719 3623
f 3623 3719 3720
f 3623 3720 3712
f 3721 3722 3723
f 3723 3722 3724
f 3723 3724 3725
f 3725 3724 3726
f 3725 3726 3666
f 3666 3726 3727
f 3666 3727 3667
f 3728 3729 3721
f 3721 3729 3730
f 3721 3730 3722
f 3641 3731 3639
f 3639 3731 3732
f 3639 3732 3733
f 3733 3732 3734
f 3733 3734 3735
f 3735 3734 3729
f 3735 3729 3647
f 3647 3729 3728
f 3647 3728 3648
f 3736 3737 3738
f 3738 3737 3739
f 3740 3741 3742
f 3743 3744 3745
f 3745 3744 3746
f 3745 3746 3736
f 3736 3746 3747
f 3736 3747 3737
f 3745 3748 3743
f 3743 3748 3749
f 3743 3749 3750
f 3750 3749 3751
f 3750 3751 3752
f 3752 3751 3753
f 3752 3753 3754
f 3755 3756 3757
f 3758 3759 3760
f 3760 3759 3761
f 3760 3761 3762
f 3762 3761 3763
f 3762 3763 3764
f 3764 3763 3765
f 3764 3765 3766
f 3767 3768 3769
f 3769 3768 3770
f 3769 3770 3771
f 3771 3770 3772
f 3773 3774 3775
f 3775 3774 3776
f 3775 3776 3777
f 3777 3776 3778
f 3777 3778 3772
f 3772 3778 3779
f 3772 3779 3771
f 3780 3781 3782
f 3782 3781 3783
f 3782 3783 3784
f 3784 3783 3785
f 3784 3785 3786
f 3757 3787 3755
f 3755 3787 3788
f 3755 3788 3789
f 3789 3788 3790
f 3789 3790 3773
f 3773 3790 3791
f 3773 3791 3774
f 3737 3740 3739
f 3739 3740 3742
f 3739 3742 3792
f 3792 3742 3793
f 3792 3793 3794
f 3794 3793 3795
f 3794 3795 3796
f 3765 3768 3766
f 3766 3768 3767
f 3766 3767 3797
f 3797 3767 3743
f 3797 3743 3798
f 3798 3743 3750
f 3798 3750 3799
f 3753 3800 3754
f 3754 3800 3801
f 3754 3801 3802
f 3802 3801 3803
f 3802 3803 3804
f 3804 3803 3796
f 3804 3796 3805
f 3805 3796 3795
f 3780 3806 3781
f 3781 3806 3807
f 3781 3807 3808
f 3808 3807 3809
f 3808 3809 3810
f 3810 3809 3811
f 3810 3811 3812
f 3812 3811 3813
f 3812 3813 3814
f 3814 3813 3815
f 3814 3815 3750
f 3750 3815 3816
f 3750 3816 3799
f 3817 3818 3819
f 3819 3818 3820
f 3819 3820 3821
f 3821 3820 3822
f 3821 3822 3823
f 3824 3825 3826
f 3826 3825 3827
f 3826 3827 3828
f 3828 3827 3829
f 3828 3829 3830
f 3830 3829 3831
f 3830 3831 3817
f 3817 3831 3832
f 3817 3832 3818
f 3826 3833 3824
f 3824 3833 3834
f 3824 3834 3835
f 3835 3834 3836
f 3835 3836 3781
f 3781 3836 3837
f 3781 3837 3783
f 3838 3839 3840
f 3840 3839 3841
f 3840 3841 3842
f 3842 3841 3843
f 3842 3843 3844
f 3844 3843 3757
f 3844 3757 3760
f 3760 3757 3756
f 3760 3756 3758
f 3822 3845 3823
f 3823 3845 3838
f 3823 3838 3786
f 3786 3838 3840
f 3786 3840 3784
f 3730 3769 3771
f 3730 3771 3722
f 3722 3771 3779
f 3722 3779 3724
f 3724 3779 3778
f 3724 3778 3726
f 3726 3778 3776
f 3726 3776 3727
f 3727 3776 3774
f 3727 3774 3667
f 3667 3774 3791
f 3667 3791 3669
f 3669 3791 3790
f 3669 3790 3717
f 3717 3790 3788
f 3717 3788 3716
f 3716 3788 3787
f 3716 3787 3714
f 3624 3714 3757
f 3757 3714 3787
f 3624 3757 3843
f 3624 3843 3679
f 3679 3843 3841
f 3679 3841 3680
f 3680 3841 3839
f 3680 3839 3682
f 3682 3839 3838
f 3682 3838 3684
f 3684 3838 3845
f 3684 3845 3632
f 3634 3632 3822
f 3822 3632 3845
f 3634 3822 3820
f 3634 3820 3650
f 3650 3820 3818
f 3650 3818 3651
f 3651 3818 3832
f 3651 3832 3653
f 3653 3832 3831
f 3653 3831 3655
f 3655 3831 3829
f 3655 3829 3678
f 3678 3829 3827
f 3678 3827 3677
f 3677 3827 3825
f 3677 3825 3675
f 3675 3825 3824
f 3675 3824 3673
f 3673 3824 3835
f 3673 3835 3692
f 3626 3692 3781
f 3781 3692 3835
f 3626 3781 3808
f 3626 3808 3628
f 3628 3808 3810
f 3628 3810 3630
f 3630 3810 3812
f 3630 3812 3699
f 3699 3812 3814
f 3699 3814 3697
f 3697 3814 3750
f 3697 3750 3696
f 3695 3696 3752
f 3752 3696 3750
f 3695 3752 3754
f 3695 3754 3657
f 3657 3754 3802
f 3657 3802 3658
f 3658 3802 3804
f 3658 3804 3660
f 3660 3804 3805
f 3660 3805 3662
f 3662 3805 3795
f 3662 3795 3664
f 3664 3795 3793
f 3664 3793 3711
f 3711 3793 3742
f 3711 3742 3710
f 3710 3742 3741
f 3710 3741 3708
f 3708 3741 3740
f 3708 3740 3706
f 3644 3706 3737
f 3737 3706 3740
f 3644 3737 3747
f 3644 3747 3641
f 3641 3747 3746
f 3641 3746 3731
f 3731 3746 3744
f 3731 3744 3732
f 3732 3744 3743
f 3732 3743 3734
f 3734 3743 3767
f 3734 3767 3729
f 3730 3729 3769
f 3769 3729 3767
f 3666 3775 3725
f 3725 3775 3777
f 3725 3777 3723
f 3723 3777 3772
f 3723 3772 3721
f 3721 3772 3770
f 3721 3770 3728
f 3728 3770 3768
f 3728 3768 3648
f 3648 3768 3765
f 3648 3765 3649
f 3649 3765 3763
f 3649 3763 3719
f 3719 3763 3761
f 3719 3761 3720
f 3720 3761 3759
f 3720 3759 3712
f 3712 3759 3758
f 3712 3758 3713
f 3713 3758 3756
f 3713 3756 3715
f 3715 3756 3755
f 3715 3755 3670
f 3670 3755 3789
f 3670 3789 3668
f 3668 3789 3773
f 3668 3773 3666
f 3666 3773 3775
f 3846 3760 3847
f 3847 3760 3762
f 3847 3762 3848
f 3848 3762 3764
f 3848 3764 3849
f 3849 3764 3766
f 3849 3766 3850
f 3850 3766 3797
f 3850 3797 3851
f 3851 3797 3798
f 3851 3798 3852
f 3852 3798 3799
f 3852 3799 3853
f 3853 3799 3816
f 3853 3816 3854
f 3854 3816 3815
f 3854 3815 3855
f 3855 3815 3813
f 3855 3813 3856
f 3856 3813 3811
f 3856 3811 3857
f 3857 3811 3809
f 3857 3809 3858
f 3858 3809 3807
f 3858 3807 3859
f 3859 3807 3806
f 3859 3806 3860
f 3860 3806 3780
f 3860 3780 3861
f 3861 3780 3782
f 3861 3782 3862
f 3862 3782 3784
f 3862 3784 3863
f 3863 3784 3840
f 3863 3840 3864
f 3864 3840 3842
f 3864 3842 3865
f 3865 3842 3844
f 3865 3844 3846
f 3846 3844 3760
f 3705 3736 3707
f 3707 3736 3738
f 3707 3738 3709
f 3709 3738 3739
f 3709 3739 3665
f 3665 3739 3792
f 3665 3792 3663
f 3663 3792 3794
f 3663 3794 3661
f 3661 3794 3796
f 3661 3796 3659
f 3659 3796 3803
f 3659 3803 3693
f 3693 3803 3801
f 3693 3801 3694
f 3694 3801 3800
f 3694 3800 3636
f 3636 3800 3753
f 3636 3753 3637
f 3637 3753 3751
f 3637 3751 3702
f 3702 3751 3749
f 3702 3749 3703
f 3703 3749 3748
f 3703 3748 3704
f 3704 3748 3745
f 3704 3745 3705
f 3705 3745 3736
f 3631 3823 3687
f 3687 3823 3786
f 3687 3786 3688
f 3688 3786 3785
f 3688 3785 3690
f 3690 3785 3783
f 3690 3783 3691
f 3691 3783 3837
f 3691 3837 3671
f 3671 3837 3836
f 3671 3836 3672
f 3672 3836 3834
f 3672 3834 3674
f 3674 3834 3833
f 3674 3833 3676
f 3676 3833 3826
f 3676 3826 3656
f 3656 3826 3828
f 3656 3828 3654
f 3654 3828 3830
f 3654 3830 3652
f 3652 3830 3817
f 3652 3817 3635
f 3635 3817 3819
f 3635 3819 3633
f 3633 3819 3821
f 3633 3821 3631
f 3631 3821 3823
f 3554 3866 3560
f 3560 3866 3867
f 3560 3867 3562
f 3868 3587 3582
f 3568 3869 3576
f 3576 3869 3870
f 3576 3870 3582
f 3582 3870 3871
f 3582 3871 3868
f 3558 3872 3554
f 3554 3872 3873
f 3554 3873 3866
f 3867 3874 3562
f 3562 3874 3875
f 3562 3875 3568
f 3568 3875 3876
f 3568 3876 3869
f 3597 3877 3551
f 3551 3877 3878
f 3551 3878 3608
f 3610 3879 3558
f 3558 3879 3880
f 3558 3880 3872
f 3878 3881 3608
f 3608 3881 3882
f 3608 3882 3610
f 3610 3882 3883
f 3610 3883 3879
f 3591 3884 3597
f 3597 3884 3885
f 3597 3885 3877
f 3868 3886 3587
f 3587 3886 3887
f 3587 3887 3584
f 3584 3887 3888
f 3584 3888 3591
f 3591 3888 3889
f 3591 3889 3884
f 3887 3886 3701
f 3701 3886 3629
f 3886 3868 3629
f 3629 3868 3871
f 3629 3871 3627
f 3627 3871 3870
f 3627 3870 3625
f 3625 3870 3869
f 3625 3869 3689
f 3689 3869 3876
f 3689 3876 3686
f 3686 3876 3875
f 3686 3875 3685
f 3685 3875 3874
f 3685 3874 3683
f 3683 3874 3867
f 3683 3867 3681
f 3681 3867 3866
f 3681 3866 3642
f 3642 3866 3873
f 3642 3873 3622
f 3622 3873 3872
f 3622 3872 3623
f 3623 3872 3880
f 3623 3880 3718
f 3718 3880 3879
f 3718 3879 3647
f 3647 3879 3883
f 3647 3883 3735
f 3735 3883 3882
f 3735 3882 3733
f 3733 3882 3881
f 3733 3881 3639
f 3639 3881 3878
f 3639 3878 3640
f 3640 3878 3877
f 3640 3877 3645
f 3645 3877 3885
f 3645 3885 3646
f 3646 3885 3884
f 3646 3884 3643
f 3643 3884 3889
f 3643 3889 3638
f 3638 3889 3888
f 3638 3888 3698
f 3698 3888 3887
f 3698 3887 3700
f 3700 3887 3701
f 3856 3857 3890
f 3856 3890 3855
f 3852 3853 3890
f 3890 3853 3854
f 3890 3854 3855
f 3849 3850 3890
f 3890 3850 3851
f 3890 3851 3852
f 3846 3847 3890
f 3890 3847 3848
f 3890 3848 3849
f 3863 3864 3890
f 3890 3864 3865
f 3890 3865 3846
f 3860 3861 3890
f 3890 3861 3862
f 3890 3862 3863
f 3857 3858 3890
f 3890 3858 3859
f 3890 3859 3860
f 3891 3892 3893
f 3894 3895 3896
f 3897 3898 3899
f 3900 3901 3902
f 3903 3904 3905
f 3906 3907 3908
f 3909 3910 3911
f 3912 3913 3914
f 3915 3916 3917
f 3918 3919 3920
f 3921 3922 3923
f 3924 3925 3926
f 3927 3928 3929
f 3929 3928 3930
f 3929 3930 3931
f 3932 3933 3934
f 3934 3933 3935
f 3934 3935 3927
f 3927 3935 3936
f 3927 3936 3928
f 3937 3938 3939
f 3939 3938 3940
f 3939 3940 3941
f 3942 3943 3944
f 3944 3943 3945
f 3944 3945 3937
f 3937 3945 3946
f 3937 3946 3938
f 3947 3948 3949
f 3949 3948 3950
f 3949 3950 3951
f 3951 3950 3952
f 3951 3952 3953
f 3953 3952 3954
f 3953 3954 3955
f 3955 3954 3956
f 3955 3956 3957
f 3957 3956 3958
f 3957 3958 3959
f 3960 3961 3947
f 3947 3961 3962
f 3947 3962 3948
f 3963 3964 3965
f 3965 3964 3966
f 3967 3968 3969
f 3969 3968 3965
f 3969 3965 3970
f 3970 3965 3966
f 3922 3921 3971
f 3971 3921 3972
f 3971 3972 3973
f 3923 3974 3975
f 3975 3974 3976
f 3975 3976 3977
f 3977 3976 3978
f 3978 3979 3977
f 3977 3979 3980
f 3977 3980 3975
f 3975 3980 3981
f 3975 3981 3982
f 3972 3970 3973
f 3973 3970 3966
f 3973 3966 3971
f 3971 3966 3983
f 3971 3983 3922
f 3922 3983 3984
f 3922 3984 3923
f 3923 3984 3985
f 3923 3985 3974
f 3986 3987 3988
f 3988 3987 3989
f 3988 3989 3990
f 3990 3989 3991
f 3990 3991 3992
f 3992 3991 3993
f 3992 3993 3994
f 3994 3993 3995
f 3994 3995 3996
f 3996 3995 3997
f 3996 3997 3998
f 3998 3997 3999
f 4000 4001 3986
f 3986 4001 4002
f 3986 4002 3987
f 3920 4003 3918
f 3918 4003 4004
f 3918 4004 4005
f 4006 3915 4007
f 4007 3915 3917
f 4007 3917 4008
f 4008 3917 4009
f 4010 4011 4012
f 4012 4011 4013
f 4012 4013 4014
f 4015 4016 4017
f 4006 4007 4010
f 4010 4007 4015
f 4010 4015 4011
f 4011 4015 4017
f 4011 4017 4013
f 3913 3912 3920
f 3916 4005 3917
f 3917 4005 4004
f 3917 4004 4009
f 4009 4004 4003
f 4009 4003 4018
f 4018 4003 3920
f 4018 3920 4019
f 4019 3920 3912
f 4020 4021 4022
f 4022 4021 4023
f 4022 4023 4024
f 4025 4026 4023
f 4023 4026 4027
f 4023 4027 4024
f 4025 4028 4026
f 4026 4028 4029
f 4026 4029 4030
f 4030 4029 4031
f 4030 4031 4032
f 4032 4031 4033
f 4032 4033 4034
f 4034 4033 4035
f 4036 4037 4038
f 4038 4037 4039
f 4038 4039 4035
f 4040 4041 4042
f 4042 4041 4043
f 4042 4043 4036
f 4036 4043 4044
f 4036 4044 4037
f 3909 3911 4045
f 4046 4047 4048
f 4048 4047 4049
f 4048 4049 4050
f 4051 4052 4053
f 4053 4052 4054
f 4053 4054 4046
f 4046 4054 4055
f 4046 4055 4047
f 4056 4057 4058
f 4058 4057 4059
f 4058 4059 4060
f 4060 4059 4061
f 4060 4061 4062
f 4062 4061 4063
f 4062 4063 4064
f 4065 4066 4067
f 4067 4066 4068
f 4067 4068 4064
f 4064 4068 4069
f 4064 4069 4062
f 4070 4071 4072
f 4072 4071 4073
f 4073 4074 4072
f 4072 4074 4075
f 4072 4075 4076
f 4076 4075 4077
f 4076 4077 4078
f 3907 3906 4079
f 4079 3906 4080
f 4079 4080 4081
f 3908 4082 4083
f 4083 4082 4084
f 4083 4084 4085
f 4085 4084 4086
f 4086 4087 4085
f 4085 4087 4088
f 4085 4088 4083
f 4083 4088 4089
f 4083 4089 4090
f 4080 4074 4081
f 4081 4074 4073
f 4081 4073 4079
f 4079 4073 4091
f 4079 4091 3907
f 3907 4091 4092
f 3907 4092 3908
f 3908 4092 4093
f 3908 4093 4082
f 3904 3903 4094
f 4095 4096 4097
f 4097 4096 4098
f 4097 4098 4099
f 4099 4098 4100
f 4099 4100 3905
f 3905 4100 4101
f 3905 4101 3903
f 4102 4103 4104
f 4104 4103 4105
f 4104 4105 4095
f 4095 4105 4106
f 4095 4106 4096
f 4107 4108 4102
f 4102 4108 4109
f 4102 4109 4103
f 3902 4110 3900
f 3900 4110 4111
f 3900 4111 4112
f 4113 3897 4114
f 4114 3897 3899
f 4114 3899 4115
f 4115 3899 4116
f 4117 4118 4119
f 4119 4118 4120
f 4119 4120 4121
f 4122 4123 4124
f 4113 4114 4117
f 4117 4114 4122
f 4117 4122 4118
f 4118 4122 4124
f 4118 4124 4120
f 3895 3894 3902
f 3898 4112 3899
f 3899 4112 4111
f 3899 4111 4116
f 4116 4111 4110
f 4116 4110 4125
f 4125 4110 3902
f 4125 3902 4126
f 4126 3902 3894
f 4127 4128 4129
f 4129 4128 4130
f 4129 4130 4131
f 4129 4132 4127
f 4127 4132 4133
f 4127 4133 4134
f 4134 4133 3891
f 3891 4133 4135
f 3891 4135 3892
f 3903 4070 4094
f 4094 4070 4072
f 4094 4072 4136
f 4136 4072 4076
f 4136 4076 4137
f 4137 4076 4078
f 4137 4078 4065
f 4065 4078 4138
f 4065 4138 4066
f 4058 4051 4056
f 4056 4051 4053
f 4056 4053 4139
f 3919 4001 3920
f 3920 4001 4000
f 3920 4000 3913
f 3913 4000 4020
f 3913 4020 3914
f 3914 4020 4022
f 3967 3961 3968
f 3968 3961 3960
f 3968 3960 3965
f 3965 3960 3999
f 3965 3999 3963
f 3963 3999 3997
f 3959 3958 4140
f 4140 3958 3942
f 4140 3942 4141
f 4141 3942 3944
f 4141 3944 4142
f 3901 4108 3902
f 3902 4108 4107
f 3902 4107 3895
f 3895 4107 4143
f 3895 4143 3896
f 3896 4143 4144
f 3896 4144 4131
f 4131 4144 4145
f 4131 4145 4129
f 4033 4146 4035
f 4035 4146 4139
f 4035 4139 4038
f 4038 4139 4053
f 4038 4053 4036
f 4036 4053 4046
f 4036 4046 4042
f 4042 4046 4048
f 4042 4048 4040
f 4040 4048 4050
f 4040 4050 4147
f 4147 4050 4148
f 4147 4148 4149
f 4149 4148 4150
f 4149 4150 3911
f 3911 4150 4151
f 3911 4151 4045
f 4152 3924 4153
f 4153 3924 3926
f 4153 3926 4154
f 4154 3926 4155
f 4154 4155 4156
f 4156 4155 4157
f 4156 4157 3941
f 3941 4157 3932
f 3941 3932 3939
f 3939 3932 3934
f 3939 3934 3937
f 3937 3934 3927
f 3937 3927 3944
f 3944 3927 3929
f 3944 3929 4142
f 4142 3929 3931
f 4142 3931 3893
f 3893 3931 4158
f 3893 4158 3891
f 4159 4160 4161
f 4162 4163 4164
f 4165 4166 4167
f 4168 4169 4170
f 4171 4172 4173
f 4174 3549 3607
f 4175 4176 4177
f 4178 4179 4180
f 4181 4182 4183
f 4184 3596 3595
f 4185 4186 4187
f 4186 4188 4187
f 4187 4188 4189
f 4187 4189 4190
f 4190 4189 4191
f 4190 4191 4192
f 4192 4191 4193
f 4192 4193 4194
f 4194 4195 4196
f 4196 4195 4197
f 4194 4193 4195
f 4195 4193 4161
f 4195 4161 4197
f 4197 4161 4160
f 4197 4160 4198
f 4198 4160 4159
f 4198 4159 4199
f 3581 3583 4200
f 4200 3583 3590
f 4200 3590 4201
f 4201 3590 3589
f 4201 3589 4202
f 4202 3589 3588
f 4202 3588 4203
f 4203 3588 3586
f 4203 3586 4204
f 4204 3586 4184
f 4184 3586 3585
f 4184 3585 3596
f 3594 4205 3595
f 3595 4205 4206
f 3595 4206 4184
f 4207 4208 4209
f 4209 4208 4210
f 4210 4211 4209
f 4209 4211 4180
f 4209 4180 4207
f 4207 4180 4179
f 4207 4179 4212
f 4213 4182 4214
f 4214 4182 4181
f 4214 4181 4215
f 4215 4181 4216
f 4215 4216 4178
f 4178 4216 4217
f 4178 4217 4179
f 4179 4217 4218
f 4179 4218 4212
f 4219 4220 4221
f 4221 4220 4222
f 4221 4222 4223
f 4223 4222 4210
f 4223 4210 4224
f 4224 4210 4208
f 4219 4221 4225
f 4225 4221 3602
f 4225 3602 4226
f 3602 3601 4226
f 4226 3601 3600
f 4226 3600 4227
f 4227 3600 3599
f 4227 3599 4228
f 4228 3599 3598
f 4228 3598 4229
f 4229 3598 3606
f 4229 3606 4230
f 4230 3606 3605
f 4175 4177 4231
f 4232 4233 4234
f 4235 4236 4233
f 4233 4236 4237
f 4233 4237 4234
f 4238 4239 4235
f 4235 4239 4240
f 4235 4240 4236
f 4235 4241 4242
f 4238 4235 4243
f 4243 4235 4242
f 4243 4242 4244
f 4241 4235 4245
f 4245 4235 4233
f 4245 4233 4246
f 4232 4247 4233
f 4233 4247 4248
f 4233 4248 4246
f 4234 4231 4232
f 4232 4231 4177
f 4232 4177 4247
f 4247 4177 4249
f 4247 4249 4250
f 4250 4249 4251
f 4174 3607 4252
f 4252 3607 3609
f 4252 3609 4253
f 4253 3609 3615
f 4253 3615 4254
f 4254 3615 4255
f 4255 3615 3614
f 4255 3614 4256
f 4257 4258 4259
f 4259 4258 4260
f 4260 4258 4261
f 4261 4258 4262
f 4261 4262 4263
f 4171 4263 4169
f 4173 4172 4264
f 4264 4172 4265
f 4264 4265 4266
f 4267 4268 4269
f 4266 4270 4271
f 4271 4270 4272
f 4271 4272 4273
f 4273 4272 4267
f 4273 4267 4274
f 4274 4267 4269
f 4275 4276 4267
f 4267 4276 4277
f 4267 4277 4268
f 4266 4265 4270
f 4270 4265 4278
f 4270 4278 4272
f 4272 4278 4279
f 4272 4279 4267
f 4267 4279 4280
f 4267 4280 4275
f 4171 4169 4172
f 4172 4169 4168
f 4172 4168 4265
f 4265 4168 4281
f 4265 4281 4278
f 4263 4262 4169
f 4169 4262 4282
f 4169 4282 4170
f 4283 3620 4284
f 4284 3620 3619
f 4284 3619 4285
f 4285 3619 3618
f 4285 3618 4286
f 4286 3618 3617
f 4286 3617 4287
f 4287 3617 3616
f 4287 3616 4288
f 4288 3616 3557
f 4288 3557 4289
f 4289 3557 3556
f 4289 3556 4290
f 4290 3556 3555
f 4290 3555 4291
f 4166 4165 4292
f 4291 3555 4293
f 4293 3555 3553
f 4293 3553 3552
f 4294 4295 4296
f 4297 4298 4299
f 4299 4298 4294
f 4299 4294 4300
f 4300 4294 4296
f 4300 4296 4301
f 4295 4294 4162
f 4162 4294 4302
f 4162 4302 4163
f 4303 4304 4305
f 4305 4304 4306
f 4305 4306 4307
f 4307 4306 4308
f 4298 4309 4294
f 4294 4309 4310
f 4294 4310 4302
f 4302 4310 4311
f 4302 4311 4163
f 4163 4311 4307
f 4163 4307 4164
f 4164 4307 4308
f 4311 4312 4307
f 4307 4312 4167
f 4307 4167 4305
f 4305 4167 4166
f 4305 4166 4303
f 4303 4166 4292
f 4303 4292 4313
f 4313 4292 4314
f 4314 4292 4315
f 4314 4315 4316
f 4316 4315 4317
f 4316 4317 4318
f 4319 4320 3561
f 3561 3567 4319
f 4319 3567 3566
f 4319 3566 4321
f 4321 3566 3565
f 4321 3565 4322
f 4322 3565 3564
f 4322 3564 4323
f 4323 3564 4324
f 4324 3564 3563
f 4324 3563 3573
f 4325 4326 4327
f 4325 4328 4326
f 4326 4328 4329
f 4326 4329 4330
f 4330 4329 4331
f 4330 4331 4332
f 4333 4334 4335
f 4335 4334 4336
f 4335 4336 4331
f 4331 4336 4337
f 4331 4337 4332
f 4335 4338 4339
f 4333 4335 4340
f 4340 4335 4339
f 4340 4339 4341
f 4338 4335 4342
f 4342 4335 4331
f 4342 4331 4343
f 4344 4345 4328
f 4328 4345 4346
f 4328 4346 4329
f 4329 4346 4347
f 4329 4347 4331
f 4331 4347 4348
f 4331 4348 4343
f 3569 4349 3570
f 3570 4349 4350
f 3570 4350 3571
f 3578 4351 3579
f 3579 4351 4349
f 3579 4349 3580
f 3580 4349 3569
f 3577 4352 3578
f 3578 4352 4353
f 3578 4353 4351
f 4354 4355 4356
f 4356 4355 4357
f 4356 4357 4358
f 4358 4357 4359
f 4358 4359 4199
f 4199 4359 4360
f 4199 4360 4198
f 4208 4205 4224
f 4224 4205 3594
f 4224 3594 4223
f 4223 3594 3593
f 4223 3593 4221
f 4221 3593 3592
f 4221 3592 3602
f 3549 4174 3550
f 3550 4174 4251
f 3550 4251 3603
f 3603 4251 4249
f 3603 4249 3604
f 3604 4249 4177
f 3604 4177 3605
f 3605 4177 4176
f 3605 4176 4230
f 4259 4256 4257
f 4257 4256 3614
f 4257 3614 4258
f 4258 3614 3613
f 4258 3613 4262
f 4262 3613 3612
f 4262 3612 4282
f 4282 3612 3611
f 4282 3611 4283
f 4283 3611 3621
f 4283 3621 3620
f 4320 4318 3561
f 3561 4318 4317
f 3561 4317 3559
f 3559 4317 4315
f 3559 4315 3552
f 3552 4315 4292
f 3552 4292 4293
f 4293 4292 4165
f 4350 4361 3571
f 3571 4361 4344
f 3571 4344 3572
f 3572 4344 4328
f 3572 4328 3573
f 3573 4328 4325
f 3573 4325 4324
f 4324 4325 4327
f 4200 4360 3581
f 3581 4360 4359
f 3581 4359 3574
f 3574 4359 4357
f 3574 4357 3575
f 3575 4357 4355
f 3575 4355 3577
f 3577 4355 4354
f 3577 4354 4352
f 4121 4120 4362
f 4362 4120 4363
f 4362 4363 4364
f 4364 4363 4365
f 4364 4365 4366
f 4366 4365 4367
f 4368 4369 4367
f 4087 4366 4088
f 4088 4366 4367
f 4088 4367 4089
f 4089 4367 4369
f 4089 4369 4090
f 4367 4370 4368
f 4368 4370 4371
f 4368 4371 4372
f 4372 4371 4373
f 4372 4373 4374
f 4374 4373 4375
f 4374 4375 4376
f 4376 4375 4377
f 4376 4377 4378
f 4378 4377 4379
f 4378 4379 4380
f 4380 4379 4381
f 4380 4381 4382
f 3909 4045 4383
f 4384 4385 4386
f 4382 4381 4383
f 4383 4381 4386
f 4383 4386 3909
f 3909 4386 4385
f 3909 4385 3910
f 4387 4388 4389
f 4389 4388 4390
f 4389 4390 4391
f 4391 4390 4392
f 4391 4392 4393
f 4393 4392 4394
f 4393 4394 4395
f 4395 4394 4396
f 4395 4396 4397
f 4397 4396 4384
f 4397 4384 4398
f 4398 4384 4386
f 4017 4016 4399
f 4013 4017 4400
f 4400 4017 4399
f 4400 4399 4387
f 4387 4399 4401
f 4387 4401 4388
f 4014 4013 4402
f 4402 4013 4400
f 4402 4400 4403
f 4403 4400 4404
f 4403 4404 4405
f 4405 4404 4406
f 4407 4408 4406
f 3979 4405 3980
f 3980 4405 4406
f 3980 4406 3981
f 3981 4406 4408
f 3981 4408 3982
f 4406 4409 4407
f 4407 4409 4410
f 4407 4410 4411
f 4411 4410 4412
f 4411 4412 4413
f 4413 4412 4414
f 4413 4414 4415
f 4415 4414 4416
f 4415 4416 4417
f 4417 4416 4418
f 4417 4418 4419
f 4419 4418 4420
f 4419 4420 4421
f 3924 4152 4422
f 4423 4424 4425
f 4421 4420 4422
f 4422 4420 4425
f 4422 4425 3924
f 3924 4425 4424
f 3924 4424 3925
f 4426 4427 4428
f 4428 4427 4429
f 4428 4429 4430
f 4430 4429 4431
f 4430 4431 4432
f 4432 4431 4433
f 4432 4433 4434
f 4434 4433 4435
f 4434 4435 4436
f 4436 4435 4423
f 4436 4423 4437
f 4437 4423 4425
f 4124 4123 4438
f 4120 4124 4363
f 4363 4124 4438
f 4363 4438 4426
f 4426 4438 4439
f 4426 4439 4427
f 4370 4367 4440
f 4440 4367 4365
f 4440 4365 4441
f 4441 4365 4363
f 4441 4363 4442
f 4442 4363 4426
f 4442 4426 4443
f 4443 4426 4428
f 4443 4428 4444
f 4444 4428 4430
f 4444 4430 4445
f 4445 4430 4432
f 4445 4432 4446
f 4446 4432 4434
f 4446 4434 4447
f 4447 4434 4436
f 4447 4436 4448
f 4448 4436 4437
f 4448 4437 4449
f 4449 4437 4425
f 4449 4425 4450
f 4450 4425 4420
f 4450 4420 4451
f 4451 4420 4418
f 4451 4418 4452
f 4452 4418 4416
f 4452 4416 4453
f 4453 4416 4414
f 4453 4414 4454
f 4454 4414 4412
f 4454 4412 4455
f 4455 4412 4410
f 4455 4410 4456
f 4456 4410 4409
f 4456 4409 4457
f 4457 4409 4406
f 4457 4406 4458
f 4458 4406 4404
f 4458 4404 4459
f 4459 4404 4400
f 4459 4400 4460
f 4460 4400 4387
f 4460 4387 4461
f 4461 4387 4389
f 4461 4389 4462
f 4462 4389 4391
f 4462 4391 4463
f 4463 4391 4393
f 4463 4393 4464
f 4464 4393 4395
f 4464 4395 4465
f 4465 4395 4397
f 4465 4397 4466
f 4466 4397 4398
f 4466 4398 4467
f 4467 4398 4386
f 4467 4386 4468
f 4468 4386 4381
f 4468 4381 4469
f 4469 4381 4379
f 4469 4379 4470
f 4470 4379 4377
f 4470 4377 4471
f 4471 4377 4375
f 4471 4375 4472
f 4472 4375 4373
f 4472 4373 4473
f 4473 4373 4371
f 4473 4371 4474
f 4474 4371 4370
f 4474 4370 4440
f 4475 4333 4476
f 4476 4333 4340
f 4476 4340 4341
f 4300 4301 4477
f 4478 4450 4479
f 4479 4450 4451
f 4479 4451 4480
f 4480 4451 4452
f 4480 4452 4481
f 4481 4452 4453
f 4481 4453 4482
f 4482 4453 4454
f 4482 4454 4483
f 4483 4454 4455
f 4483 4455 4484
f 4484 4455 4456
f 4484 4456 4477
f 4477 4456 4457
f 4477 4457 4300
f 4300 4457 4299
f 4277 4276 4485
f 4297 4299 4486
f 4486 4299 4457
f 4486 4457 4487
f 4487 4457 4458
f 4487 4458 4485
f 4485 4458 4459
f 4485 4459 4277
f 4277 4459 4268
f 4244 4488 4243
f 4243 4488 4489
f 4243 4489 4238
f 4269 4268 4490
f 4490 4268 4459
f 4490 4459 4491
f 4491 4459 4460
f 4491 4460 4492
f 4492 4460 4461
f 4492 4461 4493
f 4493 4461 4462
f 4493 4462 4494
f 4494 4462 4463
f 4494 4463 4495
f 4495 4463 4464
f 4495 4464 4496
f 4496 4464 4465
f 4496 4465 4497
f 4497 4465 4466
f 4497 4466 4488
f 4488 4466 4467
f 4488 4467 4489
f 4213 4498 4182
f 4182 4498 4499
f 4182 4499 4183
f 4500 4499 4440
f 4440 4499 4498
f 4440 4498 4474
f 4474 4498 4501
f 4474 4501 4473
f 4473 4501 4502
f 4473 4502 4472
f 4472 4502 4503
f 4472 4503 4471
f 4471 4503 4504
f 4471 4504 4470
f 4470 4504 4505
f 4470 4505 4469
f 4469 4505 4506
f 4469 4506 4468
f 4468 4506 4507
f 4468 4507 4467
f 4467 4507 4508
f 4467 4508 4489
f 4500 4440 4509
f 4509 4440 4441
f 4509 4441 4510
f 4186 4185 4510
f 4478 4475 4450
f 4450 4475 4476
f 4450 4476 4449
f 4449 4476 4511
f 4449 4511 4448
f 4448 4511 4512
f 4448 4512 4447
f 4447 4512 4513
f 4447 4513 4446
f 4446 4513 4514
f 4446 4514 4445
f 4445 4514 4515
f 4445 4515 4444
f 4444 4515 4516
f 4444 4516 4443
f 4443 4516 4517
f 4443 4517 4442
f 4442 4517 4518
f 4442 4518 4441
f 4441 4518 4519
f 4441 4519 4510
f 4510 4519 4188
f 4510 4188 4186
f 4477 4408 4484
f 4484 4408 4407
f 4484 4407 4483
f 4483 4407 4411
f 4483 4411 4482
f 4482 4411 4413
f 4482 4413 4481
f 4481 4413 4415
f 4481 4415 4480
f 4480 4415 4417
f 4480 4417 4479
f 4479 4417 4419
f 4479 4419 4478
f 4478 4419 4421
f 4478 4421 4475
f 4475 4421 4422
f 4324 3942 4323
f 4323 3942 3958
f 4323 3958 4322
f 4322 3958 3956
f 4322 3956 4321
f 4321 3956 3954
f 4321 3954 4319
f 4319 3954 3952
f 4319 3952 4320
f 4320 3952 3950
f 4333 4475 4422
f 3942 4324 3943
f 3943 4324 4327
f 3943 4327 3945
f 3945 4327 4326
f 4422 4152 4333
f 4333 4152 4153
f 4333 4153 4334
f 4334 4153 4154
f 4334 4154 4336
f 4336 4154 4156
f 4336 4156 4337
f 4337 4156 3941
f 4337 3941 4332
f 4332 3941 3940
f 4332 3940 4330
f 4330 3940 3938
f 4330 3938 4326
f 4326 3938 3946
f 4326 3946 3945
f 4308 3970 4164
f 4164 3970 3972
f 4164 3972 4162
f 4162 3972 3921
f 4162 3921 4295
f 4295 3921 3923
f 4295 3923 4296
f 4296 3923 3975
f 4296 3975 4301
f 4301 3975 3982
f 4301 3982 4477
f 4477 3982 4408
f 4308 4306 3970
f 3970 4306 4304
f 3970 4304 3969
f 4304 4303 3969
f 3969 4303 4313
f 3969 4313 3967
f 3967 4313 4314
f 4320 3950 4318
f 4318 3950 3948
f 4318 3948 4316
f 4316 3948 3962
f 4316 3962 4314
f 4314 3962 3961
f 4314 3961 3967
f 4485 4402 4487
f 4487 4402 4403
f 4487 4403 4486
f 4486 4403 4405
f 4293 3963 4291
f 4291 3963 3997
f 4001 4282 4283
f 4001 4283 4002
f 4002 4283 4284
f 4002 4284 3987
f 3987 4284 4285
f 3987 4285 3989
f 3989 4285 4286
f 3989 4286 3991
f 3991 4286 4287
f 3991 4287 3993
f 3993 4287 4288
f 3993 4288 3995
f 3995 4288 4289
f 3995 4289 3997
f 3997 4289 4290
f 3997 4290 4291
f 3966 3964 4167
f 4486 4405 4297
f 4297 4405 3979
f 4167 3964 4165
f 4165 3964 3963
f 4165 3963 4293
f 3966 4167 3983
f 3983 4167 4312
f 3983 4312 3984
f 3984 4312 4311
f 3984 4311 3985
f 3985 4311 4310
f 3985 4310 3974
f 4310 4309 3974
f 3974 4309 4298
f 3974 4298 3976
f 3976 4298 4297
f 3976 4297 3978
f 3978 4297 3979
f 4170 4282 4001
f 4402 4485 4014
f 4014 4485 4276
f 4170 4001 4168
f 4001 3919 4168
f 4168 3919 3918
f 4168 3918 4281
f 4281 3918 4005
f 4281 4005 4278
f 4278 4005 3916
f 4278 3916 4279
f 4279 3916 3915
f 4279 3915 4280
f 4280 3915 4006
f 4280 4006 4275
f 4275 4006 4010
f 4275 4010 4276
f 4276 4010 4012
f 4276 4012 4014
f 4488 4385 4497
f 4497 4385 4384
f 4497 4384 4496
f 4496 4384 4396
f 4496 4396 4495
f 4495 4396 4394
f 4495 4394 4494
f 4494 4394 4392
f 4494 4392 4493
f 4493 4392 4390
f 4493 4390 4492
f 4492 4390 4388
f 4492 4388 4491
f 4491 4388 4401
f 4491 4401 4490
f 4490 4401 4399
f 4255 4027 4254
f 4254 4027 4026
f 4254 4026 4253
f 4253 4026 4030
f 4253 4030 4252
f 4252 4030 4032
f 4252 4032 4174
f 4174 4032 4034
f 4174 4034 4251
f 4251 4034 4035
f 4024 4027 4255
f 4490 4399 4269
f 4269 4399 4016
f 4269 4016 4274
f 4274 4016 4015
f 4274 4015 4273
f 4273 4015 4007
f 4273 4007 4271
f 4271 4007 4008
f 4271 4008 4266
f 4266 4008 4009
f 4266 4009 4264
f 4264 4009 4018
f 4264 4018 4173
f 4255 4256 4024
f 4024 4256 4259
f 4024 4259 4022
f 4022 4259 4260
f 4022 4260 3914
f 3914 4260 3912
f 3912 4260 4261
f 3912 4261 4019
f 4019 4261 4263
f 4019 4263 4018
f 4018 4263 4171
f 4018 4171 4173
f 4251 4035 4250
f 4250 4035 4039
f 4250 4039 4247
f 4385 4488 3910
f 3910 4488 4244
f 3910 4244 3911
f 3911 4244 4242
f 4039 4037 4247
f 4247 4037 4044
f 4247 4044 4248
f 4248 4044 4043
f 4248 4043 4246
f 4246 4043 4041
f 4246 4041 4245
f 4245 4041 4040
f 4245 4040 4241
f 4241 4040 4147
f 4241 4147 4242
f 4242 4147 4149
f 4242 4149 3911
f 4498 4369 4501
f 4501 4369 4368
f 4501 4368 4502
f 4502 4368 4372
f 4502 4372 4503
f 4503 4372 4374
f 4503 4374 4504
f 4504 4374 4376
f 4504 4376 4505
f 4505 4376 4378
f 4505 4378 4506
f 4506 4378 4380
f 4506 4380 4507
f 4507 4380 4382
f 4507 4382 4508
f 4508 4382 4383
f 4508 4383 4489
f 4230 4051 4058
f 4230 4058 4229
f 4229 4058 4060
f 4229 4060 4228
f 4228 4060 4062
f 4228 4062 4227
f 4227 4062 4069
f 4227 4069 4226
f 4226 4069 4068
f 4226 4068 4225
f 4238 4489 4383
f 4231 4054 4175
f 4175 4054 4052
f 4175 4052 4176
f 4176 4052 4051
f 4176 4051 4230
f 4383 4045 4238
f 4238 4045 4151
f 4238 4151 4239
f 4239 4151 4150
f 4239 4150 4240
f 4240 4150 4148
f 4240 4148 4236
f 4236 4148 4050
f 4236 4050 4237
f 4237 4050 4049
f 4237 4049 4234
f 4234 4049 4047
f 4234 4047 4231
f 4231 4047 4055
f 4231 4055 4054
f 4225 4068 4219
f 4219 4068 4066
f 4219 4066 4220
f 4369 4498 4090
f 4090 4498 4213
f 4090 4213 4083
f 4083 4213 4214
f 4083 4214 3908
f 3908 4214 4215
f 3908 4215 3906
f 3906 4215 4178
f 3906 4178 4080
f 4080 4178 4180
f 4080 4180 4074
f 4074 4180 4211
f 4074 4211 4075
f 4075 4211 4210
f 4075 4210 4077
f 4077 4210 4222
f 4077 4222 4078
f 4078 4222 4220
f 4078 4220 4138
f 4138 4220 4066
f 4509 4510 4362
f 4366 4499 4500
f 4509 4362 4500
f 4500 4362 4364
f 4500 4364 4366
f 4205 4070 4206
f 4206 4070 3903
f 4206 3903 4184
f 4184 3903 4101
f 4184 4101 4204
f 4101 4100 4204
f 4204 4100 4098
f 4204 4098 4203
f 4098 4096 4203
f 4203 4096 4106
f 4203 4106 4202
f 4202 4106 4105
f 4202 4105 4201
f 4201 4105 4103
f 4201 4103 4200
f 4200 4103 4109
f 4200 4109 4360
f 4360 4109 4108
f 4499 4366 4183
f 4183 4366 4087
f 4070 4205 4071
f 4071 4205 4208
f 4092 4091 4207
f 4207 4091 4208
f 4208 4091 4073
f 4208 4073 4071
f 4207 4212 4092
f 4092 4212 4218
f 4092 4218 4093
f 4093 4218 4217
f 4093 4217 4082
f 4217 4216 4082
f 4082 4216 4181
f 4082 4181 4084
f 4084 4181 4183
f 4084 4183 4086
f 4086 4183 4087
f 4198 4360 4108
f 4362 4510 4121
f 4121 4510 4185
f 4121 4185 4119
f 3898 4196 4112
f 4112 4196 4197
f 4112 4197 3900
f 3900 4197 4198
f 3900 4198 3901
f 3901 4198 4108
f 4119 4185 4117
f 4117 4185 4187
f 4117 4187 4113
f 4113 4187 4190
f 4113 4190 3897
f 3897 4190 4192
f 3897 4192 3898
f 3898 4192 4194
f 3898 4194 4196
f 4438 4519 4439
f 4439 4519 4518
f 4439 4518 4427
f 4427 4518 4517
f 4427 4517 4429
f 4429 4517 4516
f 4429 4516 4431
f 4431 4516 4515
f 4431 4515 4433
f 4433 4515 4514
f 4433 4514 4435
f 4435 4514 4513
f 4435 4513 4423
f 4423 4513 4512
f 4423 4512 4424
f 4424 4512 4511
f 4424 4511 4476
f 4352 4128 4353
f 4353 4128 4127
f 4353 4127 4351
f 3931 4361 4158
f 4158 4361 4350
f 4351 4127 4349
f 4349 4127 4134
f 4349 4134 4350
f 4350 4134 3891
f 4350 3891 4158
f 4128 4352 4130
f 4130 4352 4354
f 4130 4354 4131
f 4131 4354 4356
f 4131 4356 3896
f 3896 4356 4358
f 4519 4438 4188
f 4188 4438 4123
f 4188 4123 4189
f 4189 4123 4122
f 4189 4122 4191
f 4191 4122 4114
f 4191 4114 4193
f 4193 4114 4115
f 4193 4115 4161
f 4161 4115 4116
f 4161 4116 4159
f 4159 4116 4125
f 4159 4125 4199
f 4199 4125 4126
f 4199 4126 4358
f 4358 4126 3894
f 4358 3894 3896
f 4344 4361 3931
f 4347 4346 3930
f 3930 4346 3931
f 3931 4346 4345
f 3931 4345 4344
f 4424 4476 3925
f 3925 4476 4341
f 3925 4341 3926
f 3926 4341 4339
f 3930 3928 4347
f 4347 3928 3936
f 4347 3936 4348
f 4348 3936 3935
f 4348 3935 4343
f 4343 3935 3933
f 4343 3933 4342
f 4342 3933 3932
f 4342 3932 4338
f 4338 3932 4157
f 4338 4157 4339
f 4339 4157 4155
f 4339 4155 3926
f 4520 4521 4522
f 4520 4522 4523
f 4524 4525 4522
f 4522 4525 4526
f 4522 4526 4523
f 4527 4528 4522
f 4522 4528 4529
f 4522 4529 4524
f 4530 4531 4522
f 4522 4531 4532
f 4522 4532 4527
f 4521 4533 4522
f 4522 4533 4534
f 4522 4534 4530
f 4139 4146 4530
f 4063 4061 4534
f 4136 4137 4533
f 3892 4135 4525
f 3959 4140 4524
f 3949 3951 4529
f 4527 3994 4528
f 4528 3994 3996
f 4528 3996 3998
f 3998 3999 4528
f 4528 3999 3960
f 4528 3960 4529
f 4529 3960 3947
f 4529 3947 3949
f 3951 3953 4529
f 4529 3953 3955
f 4529 3955 4524
f 4524 3955 3957
f 4524 3957 3959
f 4140 4141 4524
f 4524 4141 4142
f 4524 4142 4525
f 4525 4142 3893
f 4525 3893 3892
f 4135 4133 4525
f 4525 4133 4132
f 4525 4132 4526
f 4526 4132 4129
f 4129 4145 4526
f 4526 4145 4144
f 4526 4144 4143
f 4143 4107 4526
f 4526 4107 4102
f 4526 4102 4523
f 4099 4521 4520
f 4102 4104 4523
f 4523 4104 4095
f 4523 4095 4520
f 4520 4095 4097
f 4520 4097 4099
f 4099 3905 4521
f 4521 3905 3904
f 4521 3904 4533
f 4533 3904 4094
f 4533 4094 4136
f 4137 4065 4533
f 4533 4065 4067
f 4533 4067 4534
f 4534 4067 4064
f 4534 4064 4063
f 4061 4059 4534
f 4534 4059 4057
f 4534 4057 4530
f 4530 4057 4056
f 4530 4056 4139
f 4146 4033 4530
f 4530 4033 4031
f 4530 4031 4531
f 4531 4031 4029
f 4029 4028 4531
f 4531 4028 4025
f 4531 4025 4023
f 4023 4021 4531
f 4531 4021 4020
f 4531 4020 4532
f 4532 4020 4000
f 4532 4000 3986
f 3986 3988 4532
f 4532 3988 3990
f 4532 3990 4527
f 4527 3990 3992
f 4527 3992 3994
f 4535 4536 4537
f 4537 4536 4538
f 4537 4538 4539
f 4539 4538 4540
f 4539 4540 4541
f 4541 4540 4542
f 4541 4542 4543
f 4543 4542 4544
f 4543 4544 4545
f 4545 4544 4546
f 4545 4546 4547
f 4547 4546 4548
f 4547 4548 4549
f 4549 4548 4550
f 4549 4550 4551
f 4551 4550 4552
f 4551 4552 4553
f 4553 4552 4554
f 4553 4554 4555
f 4555 4554 4556
f 4555 4556 4557
f 4557 4556 4558
f 4557 4558 4559
f 4559 4558 4560
f 4559 4560 4561
f 4561 4560 4562
f 4561 4562 4563
f 4563 4562 4564
f 4563 4564 4565
f 4565 4564 4566
f 4565 4566 4567
f 4567 4566 4568
f 4567 4568 4569
f 4569 4568 4570
f 4569 4570 4571
f 4571 4570 4572
f 4571 4572 4573
f 4573 4572 4574
f 4573 4574 4575
f 4575 4574 4576
f 4575 4576 4577
f 4577 4576 4578
f 4577 4578 4579
f 4579 4578 4580
f 4579 4580 4581
f 4581 4580 4582
f 4581 4582 4583
f 4583 4582 4584
f 4583 4584 4585
f 4585 4584 4586
f 4585 4586 4587
f 4587 4586 4588
f 4587 4588 4589
f 4589 4588 4590
f 4589 4590 4591
f 4591 4590 4592
f 4591 4592 4593
f 4593 4592 4594
f 4593 4594 4595
f 4595 4594 4596
f 4595 4596 4597
f 4597 4596 4598
f 4597 4598 4599
f 4599 4598 4600
f 4599 4600 4601
f 4601 4600 4602
f 4601 4602 4603
f 4603 4602 4604
f 4603 4604 4605
f 4605 4604 4606
f 4605 4606 4607
f 4607 4606 4608
f 4607 4608 4609
f 4609 4608 4610
f 4609 4610 4535
f 4535 4610 4536
f 4611 4572 4612
f 4612 4572 4570
f 4612 4570 4613
f 4613 4570 4568
f 4613 4568 4614
f 4614 4568 4566
f 4614 4566 4615
f 4616 4582 4617
f 4617 4582 4580
f 4617 4580 4618
f 4618 4580 4578
f 4618 4578 4619
f 4619 4578 4576
f 4619 4576 4611
f 4611 4576 4574
f 4611 4574 4572
f 4566 4564 4615
f 4615 4564 4562
f 4615 4562 4620
f 4620 4562 4560
f 4620 4560 4621
f 4621 4560 4558
f 4621 4558 4622
f 4622 4558 4556
f 4622 4556 4623
f 4623 4556 4554
f 4623 4554 4624
f 4625 4540 4626
f 4626 4540 4538
f 4626 4538 4627
f 4627 4538 4536
f 4627 4536 4628
f 4628 4536 4610
f 4628 4610 4629
f 4629 4610 4608
f 4629 4608 4630
f 4631 4594 4632
f 4632 4594 4592
f 4632 4592 4633
f 4633 4592 4590
f 4633 4590 4634
f 4634 4590 4588
f 4634 4588 4635
f 4635 4588 4586
f 4635 4586 4616
f 4616 4586 4584
f 4616 4584 4582
f 4608 4606 4630
f 4630 4606 4604
f 4630 4604 4636
f 4636 4604 4602
f 4636 4602 4637
f 4637 4602 4600
f 4637 4600 4638
f 4638 4600 4598
f 4638 4598 4631
f 4631 4598 4596
f 4631 4596 4594
f 4554 4552 4624
f 4624 4552 4550
f 4624 4550 4639
f 4639 4550 4548
f 4639 4548 4640
f 4640 4548 4546
f 4640 4546 4641
f 4641 4546 4544
f 4641 4544 4625
f 4625 4544 4542
f 4625 4542 4540
f 4628 4642 4627
f 4627 4642 4643
f 4627 4643 4626
f 4626 4643 4644
f 4626 4644 4625
f 4625 4644 4645
f 4625 4645 4641
f 4641 4645 4646
f 4641 4646 4640
f 4640 4646 4647
f 4640 4647 4639
f 4639 4647 4648
f 4639 4648 4624
f 4624 4648 4649
f 4624 4649 4623
f 4623 4649 4650
f 4623 4650 4622
f 4622 4650 4651
f 4622 4651 4621
f 4621 4651 4652
f 4621 4652 4620
f 4620 4652 4653
f 4620 4653 4615
f 4615 4653 4654
f 4615 4654 4614
f 4614 4654 4655
f 4614 4655 4613
f 4613 4655 4656
f 4613 4656 4612
f 4612 4656 4657
f 4612 4657 4611
f 4611 4657 4658
f 4611 4658 4619
f 4619 4658 4659
f 4619 4659 4618
f 4618 4659 4660
f 4618 4660 4617
f 4617 4660 4661
f 4617 4661 4616
f 4616 4661 4662
f 4616 4662 4635
f 4635 4662 4663
f 4635 4663 4634
f 4634 4663 4664
f 4634 4664 4633
f 4633 4664 4665
f 4633 4665 4632
f 4632 4665 4666
f 4632 4666 4631
f 4631 4666 4667
f 4631 4667 4638
f 4638 4667 4668
f 4638 4668 4637
f 4637 4668 4669
f 4637 4669 4636
f 4636 4669 4670
f 4636 4670 4630
f 4630 4670 4671
f 4630 4671 4629
f 4629 4671 4672
f 4629 4672 4628
f 4628 4672 4642
f 4670 4605 4671
f 4671 4605 4607
f 4671 4607 4672
f 4672 4607 4609
f 4672 4609 4642
f 4642 4609 4535
f 4642 4535 4643
f 4643 4535 4537
f 4643 4537 4644
f 4653 4563 4654
f 4654 4563 4565
f 4654 4565 4655
f 4655 4565 4567
f 4655 4567 4656
f 4656 4567 4569
f 4656 4569 4657
f 4666 4595 4667
f 4667 4595 4597
f 4667 4597 4668
f 4668 4597 4599
f 4668 4599 4669
f 4669 4599 4601
f 4669 4601 4670
f 4670 4601 4603
f 4670 4603 4605
f 4661 4583 4662
f 4662 4583 4585
f 4662 4585 4663
f 4663 4585 4587
f 4663 4587 4664
f 4664 4587 4589
f 4664 4589 4665
f 4665 4589 4591
f 4665 4591 4666
f 4666 4591 4593
f 4666 4593 4595
f 4569 4571 4657
f 4657 4571 4573
f 4657 4573 4658
f 4658 4573 4575
f 4658 4575 4659
f 4659 4575 4577
f 4659 4577 4660
f 4660 4577 4579
f 4660 4579 4661
f 4661 4579 4581
f 4661 4581 4583
f 4648 4551 4649
f 4649 4551 4553
f 4649 4553 4650
f 4650 4553 4555
f 4650 4555 4651
f 4651 4555 4557
f 4651 4557 4652
f 4652 4557 4559
f 4652 4559 4653
f 4653 4559 4561
f 4653 4561 4563
f 4537 4539 4644
f 4644 4539 4541
f 4644 4541 4645
f 4645 4541 4543
f 4645 4543 4646
f 4646 4543 4545
f 4646 4545 4647
f 4647 4545 4547
f 4647 4547 4648
f 4648 4547 4549
f 4648 4549 4551
f 4673 4674 4675
f 4676 4677 4678
f 4678 4677 4679
f 4679 4680 4678
f 4678 4680 4681
f 4678 4681 4682
f 4676 4678 4683
f 4683 4678 4684
f 4683 4684 4685
f 4686 4687 4688
f 4688 4689 4686
f 4686 4689 4690
f 4686 4690 4684
f 4684 4690 4691
f 4684 4691 4685
f 4692 4693 4694
f 4694 4695 4692
f 4692 4695 4696
f 4692 4696 4686
f 4686 4696 4697
f 4686 4697 4687
f 4698 4699 4700
f 4700 4699 4701
f 4701 4702 4700
f 4700 4702 4703
f 4700 4703 4692
f 4692 4703 4704
f 4692 4704 4693
f 4698 4700 4705
f 4705 4700 4706
f 4705 4706 4707
f 4708 4709 4710
f 4708 4710 4711
f 4710 4712 4711
f 4711 4712 4713
f 4711 4713 4706
f 4706 4713 4714
f 4706 4714 4707
f 4715 4716 4717
f 4717 4718 4715
f 4715 4718 4719
f 4715 4719 4708
f 4708 4719 4720
f 4708 4720 4709
f 4721 4722 4723
f 4723 4724 4721
f 4721 4724 4725
f 4721 4725 4715
f 4715 4725 4726
f 4715 4726 4716
f 4675 4674 4721
f 4721 4674 4727
f 4721 4727 4728
f 4728 4729 4721
f 4721 4729 4730
f 4721 4730 4722
f 4673 4675 4731
f 4731 4675 4732
f 4731 4732 4733
f 4734 4735 4736
f 4736 4737 4734
f 4734 4737 4738
f 4734 4738 4732
f 4732 4738 4739
f 4732 4739 4733
f 4681 4740 4682
f 4682 4740 4741
f 4682 4741 4742
f 4742 4743 4682
f 4682 4743 4744
f 4682 4744 4734
f 4734 4744 4745
f 4734 4745 4735
f 4746 4747 4748
f 4749 4750 4751
f 4751 4750 4752
f 4751 4752 4753
f 4753 4752 4754
f 4755 4756 4757
f 4757 4756 4758
f 4757 4758 4759
f 4760 4761 4762
f 4763 4764 4765
f 4746 4748 4766
f 4762 4761 4767
f 4765 4764 4768
f 4768 4764 4769
f 4768 4769 4770
f 4771 4772 4773
f 4758 4774 4759
f 4759 4774 4775
f 4759 4775 4776
f 4776 4775 4777
f 4776 4777 4778
f 4778 4777 4779
f 4778 4779 4780
f 4781 4782 4783
f 4783 4782 4784
f 4783 4784 4785
f 4785 4784 4786
f 4785 4786 4787
f 4787 4786 4788
f 4787 4788 4789
f 4790 4791 4792
f 4792 4791 4793
f 4792 4793 4794
f 4795 4796 4797
f 4797 4796 4798
f 4797 4798 4799
f 4799 4798 4800
f 4799 4800 4801
f 4801 4800 4780
f 4801 4780 4802
f 4802 4780 4779
f 4748 4803 4766
f 4766 4803 4804
f 4766 4804 4805
f 4805 4804 4806
f 4805 4806 4807
f 4807 4806 4808
f 4807 4808 4809
f 4809 4808 4756
f 4809 4756 4810
f 4810 4756 4755
f 4755 4811 4810
f 4810 4811 4812
f 4810 4812 4813
f 4813 4812 4814
f 4813 4814 4749
f 4749 4814 4815
f 4749 4815 4750
f 4750 4815 4795
f 4750 4795 4816
f 4816 4795 4797
f 4783 4817 4781
f 4781 4817 4818
f 4781 4818 4819
f 4819 4818 4760
f 4819 4760 4820
f 4820 4760 4762
f 4820 4762 4821
f 4821 4762 4822
f 4821 4822 4823
f 4823 4822 4824
f 4823 4824 4754
f 4754 4824 4825
f 4754 4825 4753
f 4761 4826 4767
f 4767 4826 4827
f 4767 4827 4770
f 4770 4827 4828
f 4770 4828 4768
f 4768 4828 4829
f 4768 4829 4830
f 4830 4829 4831
f 4830 4831 4832
f 4832 4831 4833
f 4832 4833 4834
f 4834 4833 4789
f 4834 4789 4835
f 4835 4789 4788
f 4747 4836 4748
f 4748 4836 4837
f 4748 4837 4838
f 4838 4837 4839
f 4838 4839 4840
f 4840 4839 4794
f 4840 4794 4841
f 4841 4794 4793
f 4771 4773 4842
f 4842 4773 4843
f 4842 4843 4747
f 4747 4843 4844
f 4747 4844 4836
f 4845 4846 4847
f 4847 4846 4848
f 4847 4848 4849
f 4849 4848 4850
f 4849 4850 4790
f 4790 4850 4851
f 4790 4851 4791
f 4852 4853 4845
f 4845 4853 4854
f 4845 4854 4846
f 4765 4855 4763
f 4763 4855 4856
f 4763 4856 4857
f 4857 4856 4858
f 4857 4858 4859
f 4859 4858 4853
f 4859 4853 4771
f 4771 4853 4852
f 4771 4852 4772
f 4860 4861 4862
f 4862 4861 4863
f 4864 4865 4866
f 4867 4868 4869
f 4869 4868 4870
f 4869 4870 4860
f 4860 4870 4871
f 4860 4871 4861
f 4869 4872 4867
f 4867 4872 4873
f 4867 4873 4874
f 4874 4873 4875
f 4874 4875 4876
f 4876 4875 4877
f 4876 4877 4878
f 4879 4880 4881
f 4882 4883 4884
f 4884 4883 4885
f 4884 4885 4886
f 4886 4885 4887
f 4886 4887 4888
f 4888 4887 4889
f 4888 4889 4890
f 4891 4892 4893
f 4893 4892 4894
f 4893 4894 4895
f 4895 4894 4896
f 4897 4898 4899
f 4899 4898 4900
f 4899 4900 4901
f 4901 4900 4902
f 4901 4902 4896
f 4896 4902 4903
f 4896 4903 4895
f 4904 4905 4906
f 4906 4905 4907
f 4906 4907 4908
f 4908 4907 4909
f 4908 4909 4910
f 4881 4911 4879
f 4879 4911 4912
f 4879 4912 4913
f 4913 4912 4914
f 4913 4914 4897
f 4897 4914 4915
f 4897 4915 4898
f 4861 4864 4863
f 4863 4864 4866
f 4863 4866 4916
f 4916 4866 4917
f 4916 4917 4918
f 4918 4917 4919
f 4918 4919 4920
f 4889 4892 4890
f 4890 4892 4891
f 4890 4891 4921
f 4921 4891 4867
f 4921 4867 4922
f 4922 4867 4874
f 4922 4874 4923
f 4877 4924 4878
f 4878 4924 4925
f 4878 4925 4926
f 4926 4925 4927
f 4926 4927 4928
f 4928 4927 4920
f 4928 4920 4929
f 4929 4920 4919
f 4904 4930 4905
f 4905 4930 4931
f 4905 4931 4932
f 4932 4931 4933
f 4932 4933 4934
f 4934 4933 4935
f 4934 4935 4936
f 4936 4935 4937
f 4936 4937 4938
f 4938 4937 4939
f 4938 4939 4874
f 4874 4939 4940
f 4874 4940 4923
f 4941 4942 4943
f 4943 4942 4944
f 4943 4944 4945
f 4945 4944 4946
f 4945 4946 4947
f 4948 4949 4950
f 4950 4949 4951
f 4950 4951 4952
f 4952 4951 4953
f 4952 4953 4954
f 4954 4953 4955
f 4954 4955 4941
f 4941 4955 4956
f 4941 4956 4942
f 4950 4957 4948
f 4948 4957 4958
f 4948 4958 4959
f 4959 4958 4960
f 4959 4960 4905
f 4905 4960 4961
f 4905 4961 4907
f 4962 4963 4964
f 4964 4963 4965
f 4964 4965 4966
f 4966 4965 4967
f 4966 4967 4968
f 4968 4967 4881
f 4968 4881 4884
f 4884 4881 4880
f 4884 4880 4882
f 4946 4969 4947
f 4947 4969 4962
f 4947 4962 4910
f 4910 4962 4964
f 4910 4964 4908
f 4854 4893 4895
f 4854 4895 4846
f 4846 4895 4903
f 4846 4903 4848
f 4848 4903 4902
f 4848 4902 4850
f 4850 4902 4900
f 4850 4900 4851
f 4851 4900 4898
f 4851 4898 4791
f 4791 4898 4915
f 4791 4915 4793
f 4793 4915 4914
f 4793 4914 4841
f 4841 4914 4912
f 4841 4912 4840
f 4840 4912 4911
f 4840 4911 4838
f 4748 4838 4881
f 4881 4838 4911
f 4748 4881 4967
f 4748 4967 4803
f 4803 4967 4965
f 4803 4965 4804
f 4804 4965 4963
f 4804 4963 4806
f 4806 4963 4962
f 4806 4962 4808
f 4808 4962 4969
f 4808 4969 4756
f 4758 4756 4946
f 4946 4756 4969
f 4758 4946 4944
f 4758 4944 4774
f 4774 4944 4942
f 4774 4942 4775
f 4775 4942 4956
f 4775 4956 4777
f 4777 4956 4955
f 4777 4955 4779
f 4779 4955 4953
f 4779 4953 4802
f 4802 4953 4951
f 4802 4951 4801
f 4801 4951 4949
f 4801 4949 4799
f 4799 4949 4948
f 4799 4948 4797
f 4797 4948 4959
f 4797 4959 4816
f 4750 4816 4905
f 4905 4816 4959
f 4750 4905 4932
f 4750 4932 4752
f 4752 4932 4934
f 4752 4934 4754
f 4754 4934 4936
f 4754 4936 4823
f 4823 4936 4938
f 4823 4938 4821
f 4821 4938 4874
f 4821 4874 4820
f 4819 4820 4876
f 4876 4820 4874
f 4819 4876 4878
f 4819 4878 4781
f 4781 4878 4926
f 4781 4926 4782
f 4782 4926 4928
f 4782 4928 4784
f 4784 4928 4929
f 4784 4929 4786
f 4786 4929 4919
f 4786 4919 4788
f 4788 4919 4917
f 4788 4917 4835
f 4835 4917 4866
f 4835 4866 4834
f 4834 4866 4865
f 4834 4865 4832
f 4832 4865 4864
f 4832 4864 4830
f 4768 4830 4861
f 4861 4830 4864
f 4768 4861 4871
f 4768 4871 4765
f 4765 4871 4870
f 4765 4870 4855
f 4855 4870 4868
f 4855 4868 4856
f 4856 4868 4867
f 4856 4867 4858
f 4858 4867 4891
f 4858 4891 4853
f 4854 4853 4893
f 4893 4853 4891
f 4790 4899 4849
f 4849 4899 4901
f 4849 4901 4847
f 4847 4901 4896
f 4847 4896 4845
f 4845 4896 4894
f 4845 4894 4852
f 4852 4894 4892
f 4852 4892 4772
f 4772 4892 4889
f 4772 4889 4773
f 4773 4889 4887
f 4773 4887 4843
f 4843 4887 4885
f 4843 4885 4844
f 4844 4885 4883
f 4844 4883 4836
f 4836 4883 4882
f 4836 4882 4837
f 4837 4882 4880
f 4837 4880 4839
f 4839 4880 4879
f 4839 4879 4794
f 4794 4879 4913
f 4794 4913 4792
f 4792 4913 4897
f 4792 4897 4790
f 4790 4897 4899
f 4970 4884 4971
f 4971 4884 4886
f 4971 4886 4972
f 4972 4886 4888
f 4972 4888 4973
f 4973 4888 4890
f 4973 4890 4974
f 4974 4890 4921
f 4974 4921 4975
f 4975 4921 4922
f 4975 4922 4976
f 4976 4922 4923
f 4976 4923 4977
f 4977 4923 4940
f 4977 4940 4978
f 4978 4940 4939
f 4978 4939 4979
f 4979 4939 4937
f 4979 4937 4980
f 4980 4937 4935
f 4980 4935 4981
f 4981 4935 4933
f 4981 4933 4982
f 4982 4933 4931
f 4982 4931 4983
f 4983 4931 4930
f 4983 4930 4984
f 4984 4930 4904
f 4984 4904 4985
f 4985 4904 4906
f 4985 4906 4986
f 4986 4906 4908
f 4986 4908 4987
f 4987 4908 4964
f 4987 4964 4988
f 4988 4964 4966
f 4988 4966 4989
f 4989 4966 4968
f 4989 4968 4970
f 4970 4968 4884
f 4829 4860 4831
f 4831 4860 4862
f 4831 4862 4833
f 4833 4862 4863
f 4833 4863 4789
f 4789 4863 4916
f 4789 4916 4787
f 4787 4916 4918
f 4787 4918 4785
f 4785 4918 4920
f 4785 4920 4783
f 4783 4920 4927
f 4783 4927 4817
f 4817 4927 4925
f 4817 4925 4818
f 4818 4925 4924
f 4818 4924 4760
f 4760 4924 4877
f 4760 4877 4761
f 4761 4877 4875
f 4761 4875 4826
f 4826 4875 4873
f 4826 4873 4827
f 4827 4873 4872
f 4827 4872 4828
f 4828 4872 4869
f 4828 4869 4829
f 4829 4869 4860
f 4755 4947 4811
f 4811 4947 4910
f 4811 4910 4812
f 4812 4910 4909
f 4812 4909 4814
f 4814 4909 4907
f 4814 4907 4815
f 4815 4907 4961
f 4815 4961 4795
f 4795 4961 4960
f 4795 4960 4796
f 4796 4960 4958
f 4796 4958 4798
f 4798 4958 4957
f 4798 4957 4800
f 4800 4957 4950
f 4800 4950 4780
f 4780 4950 4952
f 4780 4952 4778
f 4778 4952 4954
f 4778 4954 4776
f 4776 4954 4941
f 4776 4941 4759
f 4759 4941 4943
f 4759 4943 4757
f 4757 4943 4945
f 4757 4945 4755
f 4755 4945 4947
f 4678 4990 4684
f 4684 4990 4991
f 4684 4991 4686
f 4992 4711 4706
f 4692 4993 4700
f 4700 4993 4994
f 4700 4994 4706
f 4706 4994 4995
f 4706 4995 4992
f 4682 4996 4678
f 4678 4996 4997
f 4678 4997 4990
f 4991 4998 4686
f 4686 4998 4999
f 4686 4999 4692
f 4692 4999 5000
f 4692 5000 4993
f 4721 5001 4675
f 4675 5001 5002
f 4675 5002 4732
f 4734 5003 4682
f 4682 5003 5004
f 4682 5004 4996
f 5002 5005 4732
f 4732 5005 5006
f 4732 5006 4734
f 4734 5006 5007
f 4734 5007 5003
f 4715 5008 4721
f 4721 5008 5009
f 4721 5009 5001
f 4992 5010 4711
f 4711 5010 5011
f 4711 5011 4708
f 4708 5011 5012
f 4708 5012 4715
f 4715 5012 5013
f 4715 5013 5008
f 5011 5010 4825
f 4825 5010 4753
f 5010 4992 4753
f 4753 4992 4995
f 4753 4995 4751
f 4751 4995 4994
f 4751 4994 4749
f 4749 4994 4993
f 4749 4993 4813
f 4813 4993 5000
f 4813 5000 4810
f 4810 5000 4999
f 4810 4999 4809
f 4809 4999 4998
f 4809 4998 4807
f 4807 4998 4991
f 4807 4991 4805
f 4805 4991 4990
f 4805 4990 4766
f 4766 4990 4997
f 4766 4997 4746
f 4746 4997 4996
f 4746 4996 4747
f 4747 4996 5004
f 4747 5004 4842
f 4842 5004 5003
f 4842 5003 4771
f 4771 5003 5007
f 4771 5007 4859
f 4859 5007 5006
f 4859 5006 4857
f 4857 5006 5005
f 4857 5005 4763
f 4763 5005 5002
f 4763 5002 4764
f 4764 5002 5001
f 4764 5001 4769
f 4769 5001 5009
f 4769 5009 4770
f 4770 5009 5008
f 4770 5008 4767
f 4767 5008 5013
f 4767 5013 4762
f 4762 5013 5012
f 4762 5012 4822
f 4822 5012 5011
f 4822 5011 4824
f 4824 5011 4825
f 4980 4981 5014
f 4980 5014 4979
f 4976 4977 5014
f 5014 4977 4978
f 5014 4978 4979
f 4973 4974 5014
f 5014 4974 4975
f 5014 4975 4976
f 4970 4971 5014
f 5014 4971 4972
f 5014 4972 4973
f 4987 4988 5014
f 5014 4988 4989
f 5014 4989 4970
f 4984 4985 5014
f 5014 4985 4986
f 5014 4986 4987
f 4981 4982 5014
f 5014 4982 4983
f 5014 4983 4984
f 5015 5016 5017
f 5018 5019 5020
f 5021 5022 5023
f 5024 5025 5026
f 5027 5028 5029
f 5030 5031 5032
f 5033 5034 5035
f 5036 5037 5038
f 5039 5040 5041
f 5042 5043 5044
f 5045 5046 5047
f 5048 5049 5050
f 5051 5052 5053
f 5053 5052 5054
f 5053 5054 5055
f 5056 5057 5058
f 5058 5057 5059
f 5058 5059 5051
f 5051 5059 5060
f 5051 5060 5052
f 5061 5062 5063
f 5063 5062 5064
f 5063 5064 5065
f 5066 5067 5068
f 5068 5067 5069
f 5068 5069 5061
f 5061 5069 5070
f 5061 5070 5062
f 5071 5072 5073
f 5073 5072 5074
f 5073 5074 5075
f 5075 5074 5076
f 5075 5076 5077
f 5077 5076 5078
f 5077 5078 5079
f 5079 5078 5080
f 5079 5080 5081
f 5081 5080 5082
f 5081 5082 5083
f 5084 5085 5071
f 5071 5085 5086
f 5071 5086 5072
f 5087 5088 5089
f 5089 5088 5090
f 5091 5092 5093
f 5093 5092 5089
f 5093 5089 5094
f 5094 5089 5090
f 5046 5045 5095
f 5095 5045 5096
f 5095 5096 5097
f 5047 5098 5099
f 5099 5098 5100
f 5099 5100 5101
f 5101 5100 5102
f 5102 5103 5101
f 5101 5103 5104
f 5101 5104 5099
f 5099 5104 5105
f 5099 5105 5106
f 5096 5094 5097
f 5097 5094 5090
f 5097 5090 5095
f 5095 5090 5107
f 5095 5107 5046
f 5046 5107 5108
f 5046 5108 5047
f 5047 5108 5109
f 5047 5109 5098
f 5110 5111 5112
f 5112 5111 5113
f 5112 5113 5114
f 5114 5113 5115
f 5114 5115 5116
f 5116 5115 5117
f 5116 5117 5118
f 5118 5117 5119
f 5118 5119 5120
f 5120 5119 5121
f 5120 5121 5122
f 5122 5121 5123
f 5124 5125 5110
f 5110 5125 5126
f 5110 5126 5111
f 5044 5127 5042
f 5042 5127 5128
f 5042 5128 5129
f 5130 5039 5131
f 5131 5039 5041
f 5131 5041 5132
f 5132 5041 5133
f 5134 5135 5136
f 5136 5135 5137
f 5136 5137 5138
f 5139 5140 5141
f 5130 5131 5134
f 5134 5131 5139
f 5134 5139 5135
f 5135 5139 5141
f 5135 5141 5137
f 5037 5036 5044
f 5040 5129 5041
f 5041 5129 5128
f 5041 5128 5133
f 5133 5128 5127
f 5133 5127 5142
f 5142 5127 5044
f 5142 5044 5143
f 5143 5044 5036
f 5144 5145 5146
f 5146 5145 5147
f 5146 5147 5148
f 5149 5150 5147
f 5147 5150 5151
f 5147 5151 5148
f 5149 5152 5150
f 5150 5152 5153
f 5150 5153 5154
f 5154 5153 5155
f 5154 5155 5156
f 5156 5155 5157
f 5156 5157 5158
f 5158 5157 5159
f 5160 5161 5162
f 5162 5161 5163
f 5162 5163 5159
f 5164 5165 5166
f 5166 5165 5167
f 5166 5167 5160
f 5160 5167 5168
f 5160 5168 5161
f 5033 5035 5169
f 5170 5171 5172
f 5172 5171 5173
f 5172 5173 5174
f 5175 5176 5177
f 5177 5176 5178
f 5177 5178 5170
f 5170 5178 5179
f 5170 5179 5171
f 5180 5181 5182
f 5182 5181 5183
f 5182 5183 5184
f 5184 5183 5185
f 5184 5185 5186
f 5186 5185 5187
f 5186 5187 5188
f 5189 5190 5191
f 5191 5190 5192
f 5191 5192 5188
f 5188 5192 5193
f 5188 5193 5186
f 5194 5195 5196
f 5196 5195 5197
f 5197 5198 5196
f 5196 5198 5199
f 5196 5199 5200
f 5200 5199 5201
f 5200 5201 5202
f 5031 5030 5203
f 5203 5030 5204
f 5203 5204 5205
f 5032 5206 5207
f 5207 5206 5208
f 5207 5208 5209
f 5209 5208 5210
f 5210 5211 5209
f 5209 5211 5212
f 5209 5212 5207
f 5207 5212 5213
f 5207 5213 5214
f 5204 5198 5205
f 5205 5198 5197
f 5205 5197 5203
f 5203 5197 5215
f 5203 5215 5031
f 5031 5215 5216
f 5031 5216 5032
f 5032 5216 5217
f 5032 5217 5206
f 5028 5027 5218
f 5219 5220 5221
f 5221 5220 5222
f 5221 5222 5223
f 5223 5222 5224
f 5223 5224 5029
f 5029 5224 5225
f 5029 5225 5027
f 5226 5227 5228
f 5228 5227 5229
f 5228 5229 5219
f 5219 5229 5230
f 5219 5230 5220
f 5231 5232 5226
f 5226 5232 5233
f 5226 5233 5227
f 5026 5234 5024
f 5024 5234 5235
f 5024 5235 5236
f 5237 5021 5238
f 5238 5021 5023
f 5238 5023 5239
f 5239 5023 5240
f 5241 5242 5243
f 5243 5242 5244
f 5243 5244 5245
f 5246 5247 5248
f 5237 5238 5241
f 5241 5238 5246
f 5241 5246 5242
f 5242 5246 5248
f 5242 5248 5244
f 5019 5018 5026
f 5022 5236 5023
f 5023 5236 5235
f 5023 5235 5240
f 5240 5235 5234
f 5240 5234 5249
f 5249 5234 5026
f 5249 5026 5250
f 5250 5026 5018
f 5251 5252 5253
f 5253 5252 5254
f 5253 5254 5255
f 5253 5256 5251
f 5251 5256 5257
f 5251 5257 5258
f 5258 5257 5015
f 5015 5257 5259
f 5015 5259 5016
f 5027 5194 5218
f 5218 5194 5196
f 5218 5196 5260
f 5260 5196 5200
f 5260 5200 5261
f 5261 5200 5202
f 5261 5202 5189
f 5189 5202 5262
f 5189 5262 5190
f 5182 5175 5180
f 5180 5175 5177
f 5180 5177 5263
f 5043 5125 5044
f 5044 5125 5124
f 5044 5124 5037
f 5037 5124 5144
f 5037 5144 5038
f 5038 5144 5146
f 5091 5085 5092
f 5092 5085 5084
f 5092 5084 5089
f 5089 5084 5123
f 5089 5123 5087
f 5087 5123 5121
f 5083 5082 5264
f 5264 5082 5066
f 5264 5066 5265
f 5265 5066 5068
f 5265 5068 5266
f 5025 5232 5026
f 5026 5232 5231
f 5026 5231 5019
f 5019 5231 5267
f 5019 5267 5020
f 5020 5267 5268
f 5020 5268 5255
f 5255 5268 5269
f 5255 5269 5253
f 5157 5270 5159
f 5159 5270 5263
f 5159 5263 5162
f 5162 5263 5177
f 5162 5177 5160
f 5160 5177 5170
f 5160 5170 5166
f 5166 5170 5172
f 5166 5172 5164
f 5164 5172 5174
f 5164 5174 5271
f 5271 5174 5272
f 5271 5272 5273
f 5273 5272 5274
f 5273 5274 5035
f 5035 5274 5275
f 5035 5275 5169
f 5276 5048 5277
f 5277 5048 5050
f 5277 5050 5278
f 5278 5050 5279
f 5278 5279 5280
f 5280 5279 5281
f 5280 5281 5065
f 5065 5281 5056
f 5065 5056 5063
f 5063 5056 5058
f 5063 5058 5061
f 5061 5058 5051
f 5061 5051 5068
f 5068 5051 5053
f 5068 5053 5266
f 5266 5053 5055
f 5266 5055 5017
f 5017 5055 5282
f 5017 5282 5015
f 5283 5284 5285
f 5286 5287 5288
f 5289 5290 5291
f 5292 5293 5294
f 5295 5296 5297
f 5298 4673 4731
f 5299 5300 5301
f 5302 5303 5304
f 5305 5306 5307
f 5308 4720 4719
f 5309 5310 5311
f 5310 5312 5311
f 5311 5312 5313
f 5311 5313 5314
f 5314 5313 5315
f 5314 5315 5316
f 5316 5315 5317
f 5316 5317 5318
f 5318 5319 5320
f 5320 5319 5321
f 5318 5317 5319
f 5319 5317 5285
f 5319 5285 5321
f 5321 5285 5284
f 5321 5284 5322
f 5322 5284 5283
f 5322 5283 5323
f 4705 4707 5324
f 5324 4707 4714
f 5324 4714 5325
f 5325 4714 4713
f 5325 4713 5326
f 5326 4713 4712
f 5326 4712 5327
f 5327 4712 4710
f 5327 4710 5328
f 5328 4710 5308
f 5308 4710 4709
f 5308 4709 4720
f 4718 5329 4719
f 4719 5329 5330
f 4719 5330 5308
f 5331 5332 5333
f 5333 5332 5334
f 5334 5335 5333
f 5333 5335 5304
f 5333 5304 5331
f 5331 5304 5303
f 5331 5303 5336
f 5337 5306 5338
f 5338 5306 5305
f 5338 5305 5339
f 5339 5305 5340
f 5339 5340 5302
f 5302 5340 5341
f 5302 5341 5303
f 5303 5341 5342
f 5303 5342 5336
f 5343 5344 5345
f 5345 5344 5346
f 5345 5346 5347
f 5347 5346 5334
f 5347 5334 5348
f 5348 5334 5332
f 5343 5345 5349
f 5349 5345 4726
f 5349 4726 5350
f 4726 4725 5350
f 5350 4725 4724
f 5350 4724 5351
f 5351 4724 4723
f 5351 4723 5352
f 5352 4723 4722
f 5352 4722 5353
f 5353 4722 4730
f 5353 4730 5354
f 5354 4730 4729
f 5299 5301 5355
f 5356 5357 5358
f 5359 5360 5357
f 5357 5360 5361
f 5357 5361 5358
f 5362 5363 5359
f 5359 5363 5364
f 5359 5364 5360
f 5359 5365 5366
f 5362 5359 5367
f 5367 5359 5366
f 5367 5366 5368
f 5365 5359 5369
f 5369 5359 5357
f 5369 5357 5370
f 5356 5371 5357
f 5357 5371 5372
f 5357 5372 5370
f 5358 5355 5356
f 5356 5355 5301
f 5356 5301 5371
f 5371 5301 5373
f 5371 5373 5374
f 5374 5373 5375
f 5298 4731 5376
f 5376 4731 4733
f 5376 4733 5377
f 5377 4733 4739
f 5377 4739 5378
f 5378 4739 5379
f 5379 4739 4738
f 5379 4738 5380
f 5381 5382 5383
f 5383 5382 5384
f 5384 5382 5385
f 5385 5382 5386
f 5385 5386 5387
f 5295 5387 5293
f 5297 5296 5388
f 5388 5296 5389
f 5388 5389 5390
f 5391 5392 5393
f 5390 5394 5395
f 5395 5394 5396
f 5395 5396 5397
f 5397 5396 5391
f 5397 5391 5398
f 5398 5391 5393
f 5399 5400 5391
f 5391 5400 5401
f 5391 5401 5392
f 5390 5389 5394
f 5394 5389 5402
f 5394 5402 5396
f 5396 5402 5403
f 5396 5403 5391
f 5391 5403 5404
f 5391 5404 5399
f 5295 5293 5296
f 5296 5293 5292
f 5296 5292 5389
f 5389 5292 5405
f 5389 5405 5402
f 5387 5386 5293
f 5293 5386 5406
f 5293 5406 5294
f 5407 4744 5408
f 5408 4744 4743
f 5408 4743 5409
f 5409 4743 4742
f 5409 4742 5410
f 5410 4742 4741
f 5410 4741 5411
f 5411 4741 4740
f 5411 4740 5412
f 5412 4740 4681
f 5412 4681 5413
f 5413 4681 4680
f 5413 4680 5414
f 5414 4680 4679
f 5414 4679 5415
f 5290 5289 5416
f 5415 4679 5417
f 5417 4679 4677
f 5417 4677 4676
f 5418 5419 5420
f 5421 5422 5423
f 5423 5422 5418
f 5423 5418 5424
f 5424 5418 5420
f 5424 5420 5425
f 5419 5418 5286
f 5286 5418 5426
f 5286 5426 5287
f 5427 5428 5429
f 5429 5428 5430
f 5429 5430 5431
f 5431 5430 5432
f 5422 5433 5418
f 5418 5433 5434
f 5418 5434 5426
f 5426 5434 5435
f 5426 5435 5287
f 5287 5435 5431
f 5287 5431 5288
f 5288 5431 5432
f 5435 5436 5431
f 5431 5436 5291
f 5431 5291 5429
f 5429 5291 5290
f 5429 5290 5427
f 5427 5290 5416
f 5427 5416 5437
f 5437 5416 5438
f 5438 5416 5439
f 5438 5439 5440
f 5440 5439 5441
f 5440 5441 5442
f 5443 5444 4685
f 4685 4691 5443
f 5443 4691 4690
f 5443 4690 5445
f 5445 4690 4689
f 5445 4689 5446
f 5446 4689 4688
f 5446 4688 5447
f 5447 4688 5448
f 5448 4688 4687
f 5448 4687 4697
f 5449 5450 5451
f 5449 5452 5450
f 5450 5452 5453
f 5450 5453 5454
f 5454 5453 5455
f 5454 5455 5456
f 5457 5458 5459
f 5459 5458 5460
f 5459 5460 5455
f 5455 5460 5461
f 5455 5461 5456
f 5459 5462 5463
f 5457 5459 5464
f 5464 5459 5463
f 5464 5463 5465
f 5462 5459 5466
f 5466 5459 5455
f 5466 5455 5467
f 5468 5469 5452
f 5452 5469 5470
f 5452 5470 5453
f 5453 5470 5471
f 5453 5471 5455
f 5455 5471 5472
f 5455 5472 5467
f 4693 5473 4694
f 4694 5473 5474
f 4694 5474 4695
f 4702 5475 4703
f 4703 5475 5473
f 4703 5473 4704
f 4704 5473 4693
f 4701 5476 4702
f 4702 5476 5477
f 4702 5477 5475
f 5478 5479 5480
f 5480 5479 5481
f 5480 5481 5482
f 5482 5481 5483
f 5482 5483 5323
f 5323 5483 5484
f 5323 5484 5322
f 5332 5329 5348
f 5348 5329 4718
f 5348 4718 5347
f 5347 4718 4717
f 5347 4717 5345
f 5345 4717 4716
f 5345 4716 4726
f 4673 5298 4674
f 4674 5298 5375
f 4674 5375 4727
f 4727 5375 5373
f 4727 5373 4728
f 4728 5373 5301
f 4728 5301 4729
f 4729 5301 5300
f 4729 5300 5354
f 5383 5380 5381
f 5381 5380 4738
f 5381 4738 5382
f 5382 4738 4737
f 5382 4737 5386
f 5386 4737 4736
f 5386 4736 5406
f 5406 4736 4735
f 5406 4735 5407
f 5407 4735 4745
f 5407 4745 4744
f 5444 5442 4685
f 4685 5442 5441
f 4685 5441 4683
f 4683 5441 5439
f 4683 5439 4676
f 4676 5439 5416
f 4676 5416 5417
f 5417 5416 5289
f 5474 5485 4695
f 4695 5485 5468
f 4695 5468 4696
f 4696 5468 5452
f 4696 5452 4697
f 4697 5452 5449
f 4697 5449 5448
f 5448 5449 5451
f 5324 5484 4705
f 4705 5484 5483
f 4705 5483 4698
f 4698 5483 5481
f 4698 5481 4699
f 4699 5481 5479
f 4699 5479 4701
f 4701 5479 5478
f 4701 5478 5476
f 5245 5244 5486
f 5486 5244 5487
f 5486 5487 5488
f 5488 5487 5489
f 5488 5489 5490
f 5490 5489 5491
f 5492 5493 5491
f 5211 5490 5212
f 5212 5490 5491
f 5212 5491 5213
f 5213 5491 5493
f 5213 5493 5214
f 5491 5494 5492
f 5492 5494 5495
f 5492 5495 5496
f 5496 5495 5497
f 5496 5497 5498
f 5498 5497 5499
f 5498 5499 5500
f 5500 5499 5501
f 5500 5501 5502
f 5502 5501 5503
f 5502 5503 5504
f 5504 5503 5505
f 5504 5505 5506
f 5033 5169 5507
f 5508 5509 5510
f 5506 5505 5507
f 5507 5505 5510
f 5507 5510 5033
f 5033 5510 5509
f 5033 5509 5034
f 5511 5512 5513
f 5513 5512 5514
f 5513 5514 5515
f 5515 5514 5516
f 5515 5516 5517
f 5517 5516 5518
f 5517 5518 5519
f 5519 5518 5520
f 5519 5520 5521
f 5521 5520 5508
f 5521 5508 5522
f 5522 5508 5510
f 5141 5140 5523
f 5137 5141 5524
f 5524 5141 5523
f 5524 5523 5511
f 5511 5523 5525
f 5511 5525 5512
f 5138 5137 5526
f 5526 5137 5524
f 5526 5524 5527
f 5527 5524 5528
f 5527 5528 5529
f 5529 5528 5530
f 5531 5532 5530
f 5103 5529 5104
f 5104 5529 5530
f 5104 5530 5105
f 5105 5530 5532
f 5105 5532 5106
f 5530 5533 5531
f 5531 5533 5534
f 5531 5534 5535
f 5535 5534 5536
f 5535 5536 5537
f 5537 5536 5538
f 5537 5538 5539
f 5539 5538 5540
f 5539 5540 5541
f 5541 5540 5542
f 5541 5542 5543
f 5543 5542 5544
f 5543 5544 5545
f 5048 5276 5546
f 5547 5548 5549
f 5545 5544 5546
f 5546 5544 5549
f 5546 5549 5048
f 5048 5549 5548
f 5048 5548 5049
f 5550 5551 5552
f 5552 5551 5553
f 5552 5553 5554
f 5554 5553 5555
f 5554 5555 5556
f 5556 5555 5557
f 5556 5557 5558
f 5558 5557 5559
f 5558 5559 5560
f 5560 5559 5547
f 5560 5547 5561
f 5561 5547 5549
f 5248 5247 5562
f 5244 5248 5487
f 5487 5248 5562
f 5487 5562 5550
f 5550 5562 5563
f 5550 5563 5551
f 5494 5491 5564
f 5564 5491 5489
f 5564 5489 5565
f 5565 5489 5487
f 5565 5487 5566
f 5566 5487 5550
f 5566 5550 5567
f 5567 5550 5552
f 5567 5552 5568
f 5568 5552 5554
f 5568 5554 5569
f 5569 5554 5556
f 5569 5556 5570
f 5570 5556 5558
f 5570 5558 5571
f 5571 5558 5560
f 5571 5560 5572
f 5572 5560 5561
f 5572 5561 5573
f 5573 5561 5549
f 5573 5549 5574
f 5574 5549 5544
f 5574 5544 5575
f 5575 5544 5542
f 5575 5542 5576
f 5576 5542 5540
f 5576 5540 5577
f 5577 5540 5538
f 5577 5538 5578
f 5578 5538 5536
f 5578 5536 5579
f 5579 5536 5534
f 5579 5534 5580
f 5580 5534 5533
f 5580 5533 5581
f 5581 5533 5530
f 5581 5530 5582
f 5582 5530 5528
f 5582 5528 5583
f 5583 5528 5524
f 5583 5524 5584
f 5584 5524 5511
f 5584 5511 5585
f 5585 5511 5513
f 5585 5513 5586
f 5586 5513 5515
f 5586 5515 5587
f 5587 5515 5517
f 5587 5517 5588
f 5588 5517 5519
f 5588 5519 5589
f 5589 5519 5521
f 5589 5521 5590
f 5590 5521 5522
f 5590 5522 5591
f 5591 5522 5510
f 5591 5510 5592
f 5592 5510 5505
f 5592 5505 5593
f 5593 5505 5503
f 5593 5503 5594
f 5594 5503 5501
f 5594 5501 5595
f 5595 5501 5499
f 5595 5499 5596
f 5596 5499 5497
f 5596 5497 5597
f 5597 5497 5495
f 5597 5495 5598
f 5598 5495 5494
f 5598 5494 5564
f 5599 5457 5600
f 5600 5457 5464
f 5600 5464 5465
f 5424 5425 5601
f 5602 5574 5603
f 5603 5574 5575
f 5603 5575 5604
f 5604 5575 5576
f 5604 5576 5605
f 5605 5576 5577
f 5605 5577 5606
f 5606 5577 5578
f 5606 5578 5607
f 5607 5578 5579
f 5607 5579 5608
f 5608 5579 5580
f 5608 5580 5601
f 5601 5580 5581
f 5601 5581 5424
f 5424 5581 5423
f 5401 5400 5609
f 5421 5423 5610
f 5610 5423 5581
f 5610 5581 5611
f 5611 5581 5582
f 5611 5582 5609
f 5609 5582 5583
f 5609 5583 5401
f 5401 5583 5392
f 5368 5612 5367
f 5367 5612 5613
f 5367 5613 5362
f 5393 5392 5614
f 5614 5392 5583
f 5614 5583 5615
f 5615 5583 5584
f 5615 5584 5616
f 5616 5584 5585
f 5616 5585 5617
f 5617 5585 5586
f 5617 5586 5618
f 5618 5586 5587
f 5618 5587 5619
f 5619 5587 5588
f 5619 5588 5620
f 5620 5588 5589
f 5620 5589 5621
f 5621 5589 5590
f 5621 5590 5612
f 5612 5590 5591
f 5612 5591 5613
f 5337 5622 5306
f 5306 5622 5623
f 5306 5623 5307
f 5624 5623 5564
f 5564 5623 5622
f 5564 5622 5598
f 5598 5622 5625
f 5598 5625 5597
f 5597 5625 5626
f 5597 5626 5596
f 5596 5626 5627
f 5596 5627 5595
f 5595 5627 5628
f 5595 5628 5594
f 5594 5628 5629
f 5594 5629 5593
f 5593 5629 5630
f 5593 5630 5592
f 5592 5630 5631
f 5592 5631 5591
f 5591 5631 5632
f 5591 5632 5613
f 5624 5564 5633
f 5633 5564 5565
f 5633 5565 5634
f 5310 5309 5634
f 5602 5599 5574
f 5574 5599 5600
f 5574 5600 5573
f 5573 5600 5635
f 5573 5635 5572
f 5572 5635 5636
f 5572 5636 5571
f 5571 5636 5637
f 5571 5637 5570
f 5570 5637 5638
f 5570 5638 5569
f 5569 5638 5639
f 5569 5639 5568
f 5568 5639 5640
f 5568 5640 5567
f 5567 5640 5641
f 5567 5641 5566
f 5566 5641 5642
f 5566 5642 5565
f 5565 5642 5643
f 5565 5643 5634
f 5634 5643 5312
f 5634 5312 5310
f 5601 5532 5608
f 5608 5532 5531
f 5608 5531 5607
f 5607 5531 5535
f 5607 5535 5606
f 5606 5535 5537
f 5606 5537 5605
f 5605 5537 5539
f 5605 5539 5604
f 5604 5539 5541
f 5604 5541 5603
f 5603 5541 5543
f 5603 5543 5602
f 5602 5543 5545
f 5602 5545 5599
f 5599 5545 5546
f 5448 5066 5447
f 5447 5066 5082
f 5447 5082 5446
f 5446 5082 5080
f 5446 5080 5445
f 5445 5080 5078
f 5445 5078 5443
f 5443 5078 5076
f 5443 5076 5444
f 5444 5076 5074
f 5457 5599 5546
f 5066 5448 5067
f 5067 5448 5451
f 5067 5451 5069
f 5069 5451 5450
f 5546 5276 5457
f 5457 5276 5277
f 5457 5277 5458
f 5458 5277 5278
f 5458 5278 5460
f 5460 5278 5280
f 5460 5280 5461
f 5461 5280 5065
f 5461 5065 5456
f 5456 5065 5064
f 5456 5064 5454
f 5454 5064 5062
f 5454 5062 5450
f 5450 5062 5070
f 5450 5070 5069
f 5432 5094 5288
f 5288 5094 5096
f 5288 5096 5286
f 5286 5096 5045
f 5286 5045 5419
f 5419 5045 5047
f 5419 5047 5420
f 5420 5047 5099
f 5420 5099 5425
f 5425 5099 5106
f 5425 5106 5601
f 5601 5106 5532
f 5432 5430 5094
f 5094 5430 5428
f 5094 5428 5093
f 5428 5427 5093
f 5093 5427 5437
f 5093 5437 5091
f 5091 5437 5438
f 5444 5074 5442
f 5442 5074 5072
f 5442 5072 5440
f 5440 5072 5086
f 5440 5086 5438
f 5438 5086 5085
f 5438 5085 5091
f 5609 5526 5611
f 5611 5526 5527
f 5611 5527 5610
f 5610 5527 5529
f 5417 5087 5415
f 5415 5087 5121
f 5125 5406 5407
f 5125 5407 5126
f 5126 5407 5408
f 5126 5408 5111
f 5111 5408 5409
f 5111 5409 5113
f 5113 5409 5410
f 5113 5410 5115
f 5115 5410 5411
f 5115 5411 5117
f 5117 5411 5412
f 5117 5412 5119
f 5119 5412 5413
f 5119 5413 5121
f 5121 5413 5414
f 5121 5414 5415
f 5090 5088 5291
f 5610 5529 5421
f 5421 5529 5103
f 5291 5088 5289
f 5289 5088 5087
f 5289 5087 5417
f 5090 5291 5107
f 5107 5291 5436
f 5107 5436 5108
f 5108 5436 5435
f 5108 5435 5109
f 5109 5435 5434
f 5109 5434 5098
f 5434 5433 5098
f 5098 5433 5422
f 5098 5422 5100
f 5100 5422 5421
f 5100 5421 5102
f 5102 5421 5103
f 5294 5406 5125
f 5526 5609 5138
f 5138 5609 5400
f 5294 5125 5292
f 5125 5043 5292
f 5292 5043 5042
f 5292 5042 5405
f 5405 5042 5129
f 5405 5129 5402
f 5402 5129 5040
f 5402 5040 5403
f 5403 5040 5039
f 5403 5039 5404
f 5404 5039 5130
f 5404 5130 5399
f 5399 5130 5134
f 5399 5134 5400
f 5400 5134 5136
f 5400 5136 5138
f 5612 5509 5621
f 5621 5509 5508
f 5621 5508 5620
f 5620 5508 5520
f 5620 5520 5619
f 5619 5520 5518
f 5619 5518 5618
f 5618 5518 5516
f 5618 5516 5617
f 5617 5516 5514
f 5617 5514 5616
f 5616 5514 5512
f 5616 5512 5615
f 5615 5512 5525
f 5615 5525 5614
f 5614 5525 5523
f 5379 5151 5378
f 5378 5151 5150
f 5378 5150 5377
f 5377 5150 5154
f 5377 5154 5376
f 5376 5154 5156
f 5376 5156 5298
f 5298 5156 5158
f 5298 5158 5375
f 5375 5158 5159
f 5148 5151 5379
f 5614 5523 5393
f 5393 5523 5140
f 5393 5140 5398
f 5398 5140 5139
f 5398 5139 5397
f 5397 5139 5131
f 5397 5131 5395
f 5395 5131 5132
f 5395 5132 5390
f 5390 5132 5133
f 5390 5133 5388
f 5388 5133 5142
f 5388 5142 5297
f 5379 5380 5148
f 5148 5380 5383
f 5148 5383 5146
f 5146 5383 5384
f 5146 5384 5038
f 5038 5384 5036
f 5036 5384 5385
f 5036 5385 5143
f 5143 5385 5387
f 5143 5387 5142
f 5142 5387 5295
f 5142 5295 5297
f 5375 5159 5374
f 5374 5159 5163
f 5374 5163 5371
f 5509 5612 5034
f 5034 5612 5368
f 5034 5368 5035
f 5035 5368 5366
f 5163 5161 5371
f 5371 5161 5168
f 5371 5168 5372
f 5372 5168 5167
f 5372 5167 5370
f 5370 5167 5165
f 5370 5165 5369
f 5369 5165 5164
f 5369 5164 5365
f 5365 5164 5271
f 5365 5271 5366
f 5366 5271 5273
f 5366 5273 5035
f 5622 5493 5625
f 5625 5493 5492
f 5625 5492 5626
f 5626 5492 5496
f 5626 5496 5627
f 5627 5496 5498
f 5627 5498 5628
f 5628 5498 5500
f 5628 5500 5629
f 5629 5500 5502
f 5629 5502 5630
f 5630 5502 5504
f 5630 5504 5631
f 5631 5504 5506
f 5631 5506 5632
f 5632 5506 5507
f 5632 5507 5613
f 5354 5175 5182
f 5354 5182 5353
f 5353 5182 5184
f 5353 5184 5352
f 5352 5184 5186
f 5352 5186 5351
f 5351 5186 5193
f 5351 5193 5350
f 5350 5193 5192
f 5350 5192 5349
f 5362 5613 5507
f 5355 5178 5299
f 5299 5178 5176
f 5299 5176 5300
f 5300 5176 5175
f 5300 5175 5354
f 5507 5169 5362
f 5362 5169 5275
f 5362 5275 5363
f 5363 5275 5274
f 5363 5274 5364
f 5364 5274 5272
f 5364 5272 5360
f 5360 5272 5174
f 5360 5174 5361
f 5361 5174 5173
f 5361 5173 5358
f 5358 5173 5171
f 5358 5171 5355
f 5355 5171 5179
f 5355 5179 5178
f 5349 5192 5343
f 5343 5192 5190
f 5343 5190 5344
f 5493 5622 5214
f 5214 5622 5337
f 5214 5337 5207
f 5207 5337 5338
f 5207 5338 5032
f 5032 5338 5339
f 5032 5339 5030
f 5030 5339 5302
f 5030 5302 5204
f 5204 5302 5304
f 5204 5304 5198
f 5198 5304 5335
f 5198 5335 5199
f 5199 5335 5334
f 5199 5334 5201
f 5201 5334 5346
f 5201 5346 5202
f 5202 5346 5344
f 5202 5344 5262
f 5262 5344 5190
f 5633 5634 5486
f 5490 5623 5624
f 5633 5486 5624
f 5624 5486 5488
f 5624 5488 5490
f 5329 5194 5330
f 5330 5194 5027
f 5330 5027 5308
f 5308 5027 5225
f 5308 5225 5328
f 5225 5224 5328
f 5328 5224 5222
f 5328 5222 5327
f 5222 5220 5327
f 5327 5220 5230
f 5327 5230 5326
f 5326 5230 5229
f 5326 5229 5325
f 5325 5229 5227
f 5325 5227 5324
f 5324 5227 5233
f 5324 5233 5484
f 5484 5233 5232
f 5623 5490 5307
f 5307 5490 5211
f 5194 5329 5195
f 5195 5329 5332
f 5216 5215 5331
f 5331 5215 5332
f 5332 5215 5197
f 5332 5197 5195
f 5331 5336 5216
f 5216 5336 5342
f 5216 5342 5217
f 5217 5342 5341
f 5217 5341 5206
f 5341 5340 5206
f 5206 5340 5305
f 5206 5305 5208
f 5208 5305 5307
f 5208 5307 5210
f 5210 5307 5211
f 5322 5484 5232
f 5486 5634 5245
f 5245 5634 5309
f 5245 5309 5243
f 5022 5320 5236
f 5236 5320 5321
f 5236 5321 5024
f 5024 5321 5322
f 5024 5322 5025
f 5025 5322 5232
f 5243 5309 5241
f 5241 5309 5311
f 5241 5311 5237
f 5237 5311 5314
f 5237 5314 5021
f 5021 5314 5316
f 5021 5316 5022
f 5022 5316 5318
f 5022 5318 5320
f 5562 5643 5563
f 5563 5643 5642
f 5563 5642 5551
f 5551 5642 5641
f 5551 5641 5553
f 5553 5641 5640
f 5553 5640 5555
f 5555 5640 5639
f 5555 5639 5557
f 5557 5639 5638
f 5557 5638 5559
f 5559 5638 5637
f 5559 5637 5547
f 5547 5637 5636
f 5547 5636 5548
f 5548 5636 5635
f 5548 5635 5600
f 5476 5252 5477
f 5477 5252 5251
f 5477 5251 5475
f 5055 5485 5282
f 5282 5485 5474
f 5475 5251 5473
f 5473 5251 5258
f 5473 5258 5474
f 5474 5258 5015
f 5474 5015 5282
f 5252 5476 5254
f 5254 5476 5478
f 5254 5478 5255
f 5255 5478 5480
f 5255 5480 5020
f 5020 5480 5482
f 5643 5562 5312
f 5312 5562 5247
f 5312 5247 5313
f 5313 5247 5246
f 5313 5246 5315
f 5315 5246 5238
f 5315 5238 5317
f 5317 5238 5239
f 5317 5239 5285
f 5285 5239 5240
f 5285 5240 5283
f 5283 5240 5249
f 5283 5249 5323
f 5323 5249 5250
f 5323 5250 5482
f 5482 5250 5018
f 5482 5018 5020
f 5468 5485 5055
f 5471 5470 5054
f 5054 5470 5055
f 5055 5470 5469
f 5055 5469 5468
f 5548 5600 5049
f 5049 5600 5465
f 5049 5465 5050
f 5050 5465 5463
f 5054 5052 5471
f 5471 5052 5060
f 5471 5060 5472
f 5472 5060 5059
f 5472 5059 5467
f 5467 5059 5057
f 5467 5057 5466
f 5466 5057 5056
f 5466 5056 5462
f 5462 5056 5281
f 5462 5281 5463
f 5463 5281 5279
f 5463 5279 5050
f 5644 5645 5646
f 5644 5646 5647
f 5648 5649 5646
f 5646 5649 5650
f 5646 5650 5647
f 5651 5652 5646
f 5646 5652 5653
f 5646 5653 5648
f 5654 5655 5646
f 5646 5655 5656
f 5646 5656 5651
f 5645 5657 5646
f 5646 5657 5658
f 5646 5658 5654
f 5263 5270 5654
f 5187 5185 5658
f 5260 5261 5657
f 5016 5259 5649
f 5083 5264 5648
f 5073 5075 5653
f 5651 5118 5652
f 5652 5118 5120
f 5652 5120 5122
f 5122 5123 5652
f 5652 5123 5084
f 5652 5084 5653
f 5653 5084 5071
f 5653 5071 5073
f 5075 5077 5653
f 5653 5077 5079
f 5653 5079 5648
f 5648 5079 5081
f 5648 5081 5083
f 5264 5265 5648
f 5648 5265 5266
f 5648 5266 5649
f 5649 5266 5017
f 5649 5017 5016
f 5259 5257 5649
f 5649 5257 5256
f 5649 5256 5650
f 5650 5256 5253
f 5253 5269 5650
f 5650 5269 5268
f 5650 5268 5267
f 5267 5231 5650
f 5650 5231 5226
f 5650 5226 5647
f 5223 5645 5644
f 5226 5228 5647
f 5647 5228 5219
f 5647 5219 5644
f 5644 5219 5221
f 5644 5221 5223
f 5223 5029 5645
f 5645 5029 5028
f 5645 5028 5657
f 5657 5028 5218
f 5657 5218 5260
f 5261 5189 5657
f 5657 5189 5191
f 5657 5191 5658
f 5658 5191 5188
f 5658 5188 5187
f 5185 5183 5658
f 5658 5183 5181
f 5658 5181 5654
f 5654 5181 5180
f 5654 5180 5263
f 5270 5157 5654
f 5654 5157 5155
f 5654 5155 5655
f 5655 5155 5153
f 5153 5152 5655
f 5655 5152 5149
f 5655 5149 5147
f 5147 5145 5655
f 5655 5145 5144
f 5655 5144 5656
f 5656 5144 5124
f 5656 5124 5110
f 5110 5112 5656
f 5656 5112 5114
f 5656 5114 5651
f 5651 5114 5116
f 5651 5116 5118
f 5659 5660 5661
f 5661 5660 5662
f 5661 5662 5663
f 5663 5662 5664
f 5663 5664 5665
f 5665 5664 5666
f 5665 5666 5667
f 5667 5666 5668
f 5667 5668 5669
f 5669 5668 5670
f 5669 5670 5671
f 5671 5670 5672
f 5671 5672 5673
f 5673 5672 5674
f 5673 5674 5675
f 5675 5674 5676
f 5675 5676 5677
f 5677 5676 5678
f 5677 5678 5679
f 5679 5678 5680
f 5679 5680 5681
f 5681 5680 5682
f 5681 5682 5683
f 5683 5682 5684
f 5683 5684 5685
f 5685 5684 5686
f 5685 5686 5687
f 5687 5686 5688
f 5687 5688 5689
f 5689 5688 5690
f 5689 5690 5691
f 5691 5690 5692
f 5691 5692 5693
f 5693 5692 5694
f 5693 5694 5695
f 5695 5694 5696
f 5695 5696 5697
f 5697 5696 5698
f 5697 5698 5699
f 5699 5698 5700
f 5699 5700 5701
f 5701 5700 5702
f 5701 5702 5703
f 5703 5702 5704
f 5703 5704 5705
f 5705 5704 5706
f 5705 5706 5707
f 5707 5706 5708
f 5707 5708 5709
f 5709 5708 5710
f 5709 5710 5711
f 5711 5710 5712
f 5711 5712 5713
f 5713 5712 5714
f 5713 5714 5715
f 5715 5714 5716
f 5715 5716 5717
f 5717 5716 5718
f 5717 5718 5719
f 5719 5718 5720
f 5719 5720 5721
f 5721 5720 5722
f 5721 5722 5723
f 5723 5722 5724
f 5723 5724 5725
f 5725 5724 5726
f 5725 5726 5727
f 5727 5726 5728
f 5727 5728 5729
f 5729 5728 5730
f 5729 5730 5731
f 5731 5730 5732
f 5731 5732 5733
f 5733 5732 5734
f 5733 5734 5659
f 5659 5734 5660
f 5735 5696 5736
f 5736 5696 5694
f 5736 5694 5737
f 5737 5694 5692
f 5737 5692 5738
f 5738 5692 5690
f 5738 5690 5739
f 5740 5706 5741
f 5741 5706 5704
f 5741 5704 5742
f 5742 5704 5702
f 5742 5702 5743
f 5743 5702 5700
f 5743 5700 5735
f 5735 5700 5698
f 5735 5698 5696
f 5690 5688 5739
f 5739 5688 5686
f 5739 5686 5744
f 5744 5686 5684
f 5744 5684 5745
f 5745 5684 5682
f 5745 5682 5746
f 5746 5682 5680
f 5746 5680 5747
f 5747 5680 5678
f 5747 5678 5748
f 5749 5664 5750
f 5750 5664 5662
f 5750 5662 5751
f 5751 5662 5660
f 5751 5660 5752
f 5752 5660 5734
f 5752 5734 5753
f 5753 5734 5732
f 5753 5732 5754
f 5755 5718 5756
f 5756 5718 5716
f 5756 5716 5757
f 5757 5716 5714
f 5757 5714 5758
f 5758 5714 5712
f 5758 5712 5759
f 5759 5712 5710
f 5759 5710 5740
f 5740 5710 5708
f 5740 5708 5706
f 5732 5730 5754
f 5754 5730 5728
f 5754 5728 5760
f 5760 5728 5726
f 5760 5726 5761
f 5761 5726 5724
f 5761 5724 5762
f 5762 5724 5722
f 5762 5722 5755
f 5755 5722 5720
f 5755 5720 5718
f 5678 5676 5748
f 5748 5676 5674
f 5748 5674 5763
f 5763 5674 5672
f 5763 5672 5764
f 5764 5672 5670
f 5764 5670 5765
f 5765 5670 5668
f 5765 5668 5749
f 5749 5668 5666
f 5749 5666 5664
f 5752 5766 5751
f 5751 5766 5767
f 5751 5767 5750
f 5750 5767 5768
f 5750 5768 5749
f 5749 5768 5769
f 5749 5769 5765
f 5765 5769 5770
f 5765 5770 5764
f 5764 5770 5771
f 5764 5771 5763
f 5763 5771 5772
f 5763 5772 5748
f 5748 5772 5773
f 5748 5773 5747
f 5747 5773 5774
f 5747 5774 5746
f 5746 5774 5775
f 5746 5775 5745
f 5745 5775 5776
f 5745 5776 5744
f 5744 5776 5777
f 5744 5777 5739
f 5739 5777 5778
f 5739 5778 5738
f 5738 5778 5779
f 5738 5779 5737
f 5737 5779 5780
f 5737 5780 5736
f 5736 5780 5781
f 5736 5781 5735
f 5735 5781 5782
f 5735 5782 5743
f 5743 5782 5783
f 5743 5783 5742
f 5742 5783 5784
f 5742 5784 5741
f 5741 5784 5785
f 5741 5785 5740
f 5740 5785 5786
f 5740 5786 5759
f 5759 5786 5787
f 5759 5787 5758
f 5758 5787 5788
f 5758 5788 5757
f 5757 5788 5789
f 5757 5789 5756
f 5756 5789 5790
f 5756 5790 5755
f 5755 5790 5791
f 5755 5791 5762
f 5762 5791 5792
f 5762 5792 5761
f 5761 5792 5793
f 5761 5793 5760
f 5760 5793 5794
f 5760 5794 5754
f 5754 5794 5795
f 5754 5795 5753
f 5753 5795 5796
f 5753 5796 5752
f 5752 5796 5766
f 5794 5729 5795
f 5795 5729 5731
f 5795 5731 5796
f 5796 5731 5733
f 5796 5733 5766
f 5766 5733 5659
f 5766 5659 5767
f 5767 5659 5661
f 5767 5661 5768
f 5777 5687 5778
f 5778 5687 5689
f 5778 5689 5779
f 5779 5689 5691
f 5779 5691 5780
f 5780 5691 5693
f 5780 5693 5781
f 5790 5719 5791
f 5791 5719 5721
f 5791 5721 5792
f 5792 5721 5723
f 5792 5723 5793
f 5793 5723 5725
f 5793 5725 5794
f 5794 5725 5727
f 5794 5727 5729
f 5785 5707 5786
f 5786 5707 5709
f 5786 5709 5787
f 5787 5709 5711
f 5787 5711 5788
f 5788 5711 5713
f 5788 5713 5789
f 5789 5713 5715
f 5789 5715 5790
f 5790 5715 5717
f 5790 5717 5719
f 5693 5695 5781
f 5781 5695 5697
f 5781 5697 5782
f 5782 5697 5699
f 5782 5699 5783
f 5783 5699 5701
f 5783 5701 5784
f 5784 5701 5703
f 5784 5703 5785
f 5785 5703 5705
f 5785 5705 5707
f 5772 5675 5773
f 5773 5675 5677
f 5773 5677 5774
f 5774 5677 5679
f 5774 5679 5775
f 5775 5679 5681
f 5775 5681 5776
f 5776 5681 5683
f 5776 5683 5777
f 5777 5683 5685
f 5777 5685 5687
f 5661 5663 5768
f 5768 5663 5665
f 5768 5665 5769
f 5769 5665 5667
f 5769 5667 5770
f 5770 5667 5669
f 5770 5669 5771
f 5771 5669 5671
f 5771 5671 5772
f 5772 5671 5673
f 5772 5673 5675
f 5797 5798 5799
f 5800 5801 5802
f 5802 5801 5803
f 5803 5804 5802
f 5802 5804 5805
f 5802 5805 5806
f 5800 5802 5807
f 5807 5802 5808
f 5807 5808 5809
f 5810 5811 5812
f 5812 5813 5810
f 5810 5813 5814
f 5810 5814 5808
f 5808 5814 5815
f 5808 5815 5809
f 5816 5817 5818
f 5818 5819 5816
f 5816 5819 5820
f 5816 5820 5810
f 5810 5820 5821
f 5810 5821 5811
f 5822 5823 5824
f 5824 5823 5825
f 5825 5826 5824
f 5824 5826 5827
f 5824 5827 5816
f 5816 5827 5828
f 5816 5828 5817
f 5822 5824 5829
f 5829 5824 5830
f 5829 5830 5831
f 5832 5833 5834
f 5832 5834 5835
f 5834 5836 5835
f 5835 5836 5837
f 5835 5837 5830
f 5830 5837 5838
f 5830 5838 5831
f 5839 5840 5841
f 5841 5842 5839
f 5839 5842 5843
f 5839 5843 5832
f 5832 5843 5844
f 5832 5844 5833
f 5845 5846 5847
f 5847 5848 5845
f 5845 5848 5849
f 5845 5849 5839
f 5839 5849 5850
f 5839 5850 5840
f 5799 5798 5845
f 5845 5798 5851
f 5845 5851 5852
f 5852 5853 5845
f 5845 5853 5854
f 5845 5854 5846
f 5797 5799 5855
f 5855 5799 5856
f 5855 5856 5857
f 5858 5859 5860
f 5860 5861 5858
f 5858 5861 5862
f 5858 5862 5856
f 5856 5862 5863
f 5856 5863 5857
f 5805 5864 5806
f 5806 5864 5865
f 5806 5865 5866
f 5866 5867 5806
f 5806 5867 5868
f 5806 5868 5858
f 5858 5868 5869
f 5858 5869 5859
f 5870 5871 5872
f 5873 5874 5875
f 5875 5874 5876
f 5875 5876 5877
f 5877 5876 5878
f 5879 5880 5881
f 5881 5880 5882
f 5881 5882 5883
f 5884 5885 5886
f 5887 5888 5889
f 5870 5872 5890
f 5886 5885 5891
f 5889 5888 5892
f 5892 5888 5893
f 5892 5893 5894
f 5895 5896 5897
f 5882 5898 5883
f 5883 5898 5899
f 5883 5899 5900
f 5900 5899 5901
f 5900 5901 5902
f 5902 5901 5903
f 5902 5903 5904
f 5905 5906 5907
f 5907 5906 5908
f 5907 5908 5909
f 5909 5908 5910
f 5909 5910 5911
f 5911 5910 5912
f 5911 5912 5913
f 5914 5915 5916
f 5916 5915 5917
f 5916 5917 5918
f 5919 5920 5921
f 5921 5920 5922
f 5921 5922 5923
f 5923 5922 5924
f 5923 5924 5925
f 5925 5924 5904
f 5925 5904 5926
f 5926 5904 5903
f 5872 5927 5890
f 5890 5927 5928
f 5890 5928 5929
f 5929 5928 5930
f 5929 5930 5931
f 5931 5930 5932
f 5931 5932 5933
f 5933 5932 5880
f 5933 5880 5934
f 5934 5880 5879
f 5879 5935 5934
f 5934 5935 5936
f 5934 5936 5937
f 5937 5936 5938
f 5937 5938 5873
f 5873 5938 5939
f 5873 5939 5874
f 5874 5939 5919
f 5874 5919 5940
f 5940 5919 5921
f 5907 5941 5905
f 5905 5941 5942
f 5905 5942 5943
f 5943 5942 5884
f 5943 5884 5944
f 5944 5884 5886
f 5944 5886 5945
f 5945 5886 5946
f 5945 5946 5947
f 5947 5946 5948
f 5947 5948 5878
f 5878 5948 5949
f 5878 5949 5877
f 5885 5950 5891
f 5891 5950 5951
f 5891 5951 5894
f 5894 5951 5952
f 5894 5952 5892
f 5892 5952 5953
f 5892 5953 5954
f 5954 5953 5955
f 5954 5955 5956
f 5956 5955 5957
f 5956 5957 5958
f 5958 5957 5913
f 5958 5913 5959
f 5959 5913 5912
f 5871 5960 5872
f 5872 5960 5961
f 5872 5961 5962
f 5962 5961 5963
f 5962 5963 5964
f 5964 5963 5918
f 5964 5918 5965
f 5965 5918 5917
f 5895 5897 5966
f 5966 5897 5967
f 5966 5967 5871
f 5871 5967 5968
f 5871 5968 5960
f 5969 5970 5971
f 5971 5970 5972
f 5971 5972 5973
f 5973 5972 5974
f 5973 5974 5914
f 5914 5974 5975
f 5914 5975 5915
f 5976 5977 5969
f 5969 5977 5978
f 5969 5978 5970
f 5889 5979 5887
f 5887 5979 5980
f 5887 5980 5981
f 5981 5980 5982
f 5981 5982 5983
f 5983 5982 5977
f 5983 5977 5895
f 5895 5977 5976
f 5895 5976 5896
f 5984 5985 5986
f 5986 5985 5987
f 5988 5989 5990
f 5991 5992 5993
f 5993 5992 5994
f 5993 5994 5984
f 5984 5994 5995
f 5984 5995 5985
f 5993 5996 5991
f 5991 5996 5997
f 5991 5997 5998
f 5998 5997 5999
f 5998 5999 6000
f 6000 5999 6001
f 6000 6001 6002
f 6003 6004 6005
f 6006 6007 6008
f 6008 6007 6009
f 6008 6009 6010
f 6010 6009 6011
f 6010 6011 6012
f 6012 6011 6013
f 6012 6013 6014
f 6015 6016 6017
f 6017 6016 6018
f 6017 6018 6019
f 6019 6018 6020
f 6021 6022 6023
f 6023 6022 6024
f 6023 6024 6025
f 6025 6024 6026
f 6025 6026 6020
f 6020 6026 6027
f 6020 6027 6019
f 6028 6029 6030
f 6030 6029 6031
f 6030 6031 6032
f 6032 6031 6033
f 6032 6033 6034
f 6005 6035 6003
f 6003 6035 6036
f 6003 6036 6037
f 6037 6036 6038
f 6037 6038 6021
f 6021 6038 6039
f 6021 6039 6022
f 5985 5988 5987
f 5987 5988 5990
f 5987 5990 6040
f 6040 5990 6041
f 6040 6041 6042
f 6042 6041 6043
f 6042 6043 6044
f 6013 6016 6014
f 6014 6016 6015
f 6014 6015 6045
f 6045 6015 5991
f 6045 5991 6046
f 6046 5991 5998
f 6046 5998 6047
f 6001 6048 6002
f 6002 6048 6049
f 6002 6049 6050
f 6050 6049 6051
f 6050 6051 6052
f 6052 6051 6044
f 6052 6044 6053
f 6053 6044 6043
f 6028 6054 6029
f 6029 6054 6055
f 6029 6055 6056
f 6056 6055 6057
f 6056 6057 6058
f 6058 6057 6059
f 6058 6059 6060
f 6060 6059 6061
f 6060 6061 6062
f 6062 6061 6063
f 6062 6063 5998
f 5998 6063 6064
f 5998 6064 6047
f 6065 6066 6067
f 6067 6066 6068
f 6067 6068 6069
f 6069 6068 6070
f 6069 6070 6071
f 6072 6073 6074
f 6074 6073 6075
f 6074 6075 6076
f 6076 6075 6077
f 6076 6077 6078
f 6078 6077 6079
f 6078 6079 6065
f 6065 6079 6080
f 6065 6080 6066
f 6074 6081 6072
f 6072 6081 6082
f 6072 6082 6083
f 6083 6082 6084
f 6083 6084 6029
f 6029 6084 6085
f 6029 6085 6031
f 6086 6087 6088
f 6088 6087 6089
f 6088 6089 6090
f 6090 6089 6091
f 6090 6091 6092
f 6092 6091 6005
f 6092 6005 6008
f 6008 6005 6004
f 6008 6004 6006
f 6070 6093 6071
f 6071 6093 6086
f 6071 6086 6034
f 6034 6086 6088
f 6034 6088 6032
f 5978 6017 6019
f 5978 6019 5970
f 5970 6019 6027
f 5970 6027 5972
f 5972 6027 6026
f 5972 6026 5974
f 5974 6026 6024
f 5974 6024 5975
f 5975 6024 6022
f 5975 6022 5915
f 5915 6022 6039
f 5915 6039 5917
f 5917 6039 6038
f 5917 6038 5965
f 5965 6038 6036
f 5965 6036 5964
f 5964 6036 6035
f 5964 6035 5962
f 5872 5962 6005
f 6005 5962 6035
f 5872 6005 6091
f 5872 6091 5927
f 5927 6091 6089
f 5927 6089 5928
f 5928 6089 6087
f 5928 6087 5930
f 5930 6087 6086
f 5930 6086 5932
f 5932 6086 6093
f 5932 6093 5880
f 5882 5880 6070
f 6070 5880 6093
f 5882 6070 6068
f 5882 6068 5898
f 5898 6068 6066
f 5898 6066 5899
f 5899 6066 6080
f 5899 6080 5901
f 5901 6080 6079
f 5901 6079 5903
f 5903 6079 6077
f 5903 6077 5926
f 5926 6077 6075
f 5926 6075 5925
f 5925 6075 6073
f 5925 6073 5923
f 5923 6073 6072
f 5923 6072 5921
f 5921 6072 6083
f 5921 6083 5940
f 5874 5940 6029
f 6029 5940 6083
f 5874 6029 6056
f 5874 6056 5876
f 5876 6056 6058
f 5876 6058 5878
f 5878 6058 6060
f 5878 6060 5947
f 5947 6060 6062
f 5947 6062 5945
f 5945 6062 5998
f 5945 5998 5944
f 5943 5944 6000
f 6000 5944 5998
f 5943 6000 6002
f 5943 6002 5905
f 5905 6002 6050
f 5905 6050 5906
f 5906 6050 6052
f 5906 6052 5908
f 5908 6052 6053
f 5908 6053 5910
f 5910 6053 6043
f 5910 6043 5912
f 5912 6043 6041
f 5912 6041 5959
f 5959 6041 5990
f 5959 5990 5958
f 5958 5990 5989
f 5958 5989 5956
f 5956 5989 5988
f 5956 5988 5954
f 5892 5954 5985
f 5985 5954 5988
f 5892 5985 5995
f 5892 5995 5889
f 5889 5995 5994
f 5889 5994 5979
f 5979 5994 5992
f 5979 5992 5980
f 5980 5992 5991
f 5980 5991 5982
f 5982 5991 6015
f 5982 6015 5977
f 5978 5977 6017
f 6017 5977 6015
f 5914 6023 5973
f 5973 6023 6025
f 5973 6025 5971
f 5971 6025 6020
f 5971 6020 5969
f 5969 6020 6018
f 5969 6018 5976
f 5976 6018 6016
f 5976 6016 5896
f 5896 6016 6013
f 5896 6013 5897
f 5897 6013 6011
f 5897 6011 5967
f 5967 6011 6009
f 5967 6009 5968
f 5968 6009 6007
f 5968 6007 5960
f 5960 6007 6006
f 5960 6006 5961
f 5961 6006 6004
f 5961 6004 5963
f 5963 6004 6003
f 5963 6003 5918
f 5918 6003 6037
f 5918 6037 5916
f 5916 6037 6021
f 5916 6021 5914
f 5914 6021 6023
f 6094 6008 6095
f 6095 6008 6010
f 6095 6010 6096
f 6096 6010 6012
f 6096 6012 6097
f 6097 6012 6014
f 6097 6014 6098
f 6098 6014 6045
f 6098 6045 6099
f 6099 6045 6046
f 6099 6046 6100
f 6100 6046 6047
f 6100 6047 6101
f 6101 6047 6064
f 6101 6064 6102
f 6102 6064 6063
f 6102 6063 6103
f 6103 6063 6061
f 6103 6061 6104
f 6104 6061 6059
f 6104 6059 6105
f 6105 6059 6057
f 6105 6057 6106
f 6106 6057 6055
f 6106 6055 6107
f 6107 6055 6054
f 6107 6054 6108
f 6108 6054 6028
f 6108 6028 6109
f 6109 6028 6030
f 6109 6030 6110
f 6110 6030 6032
f 6110 6032 6111
f 6111 6032 6088
f 6111 6088 6112
f 6112 6088 6090
f 6112 6090 6113
f 6113 6090 6092
f 6113 6092 6094
f 6094 6092 6008
f 5953 5984 5955
f 5955 5984 5986
f 5955 5986 5957
f 5957 5986 5987
f 5957 5987 5913
f 5913 5987 6040
f 5913 6040 5911
f 5911 6040 6042
f 5911 6042 5909
f 5909 6042 6044
f 5909 6044 5907
f 5907 6044 6051
f 5907 6051 5941
f 5941 6051 6049
f 5941 6049 5942
f 5942 6049 6048
f 5942 6048 5884
f 5884 6048 6001
f 5884 6001 5885
f 5885 6001 5999
f 5885 5999 5950
f 5950 5999 5997
f 5950 5997 5951
f 5951 5997 5996
f 5951 5996 5952
f 5952 5996 5993
f 5952 5993 5953
f 5953 5993 5984
f 5879 6071 5935
f 5935 6071 6034
f 5935 6034 5936
f 5936 6034 6033
f 5936 6033 5938
f 5938 6033 6031
f 5938 6031 5939
f 5939 6031 6085
f 5939 6085 5919
f 5919 6085 6084
f 5919 6084 5920
f 5920 6084 6082
f 5920 6082 5922
f 5922 6082 6081
f 5922 6081 5924
f 5924 6081 6074
f 5924 6074 5904
f 5904 6074 6076
f 5904 6076 5902
f 5902 6076 6078
f 5902 6078 5900
f 5900 6078 6065
f 5900 6065 5883
f 5883 6065 6067
f 5883 6067 5881
f 5881 6067 6069
f 5881 6069 5879
f 5879 6069 6071
f 5802 6114 5808
f 5808 6114 6115
f 5808 6115 5810
f 6116 5835 5830
f 5816 6117 5824
f 5824 6117 6118
f 5824 6118 5830
f 5830 6118 6119
f 5830 6119 6116
f 5806 6120 5802
f 5802 6120 6121
f 5802 6121 6114
f 6115 6122 5810
f 5810 6122 6123
f 5810 6123 5816
f 5816 6123 6124
f 5816 6124 6117
f 5845 6125 5799
f 5799 6125 6126
f 5799 6126 5856
f 5858 6127 5806
f 5806 6127 6128
f 5806 6128 6120
f 6126 6129 5856
f 5856 6129 6130
f 5856 6130 5858
f 5858 6130 6131
f 5858 6131 6127
f 5839 6132 5845
f 5845 6132 6133
f 5845 6133 6125
f 6116 6134 5835
f 5835 6134 6135
f 5835 6135 5832
f 5832 6135 6136
f 5832 6136 5839
f 5839 6136 6137
f 5839 6137 6132
f 6135 6134 5949
f 5949 6134 5877
f 6134 6116 5877
f 5877 6116 6119
f 5877 6119 5875
f 5875 6119 6118
f 5875 6118 5873
f 5873 6118 6117
f 5873 6117 5937
f 5937 6117 6124
f 5937 6124 5934
f 5934 6124 6123
f 5934 6123 5933
f 5933 6123 6122
f 5933 6122 5931
f 5931 6122 6115
f 5931 6115 5929
f 5929 6115 6114
f 5929 6114 5890
f 5890 6114 6121
f 5890 6121 5870
f 5870 6121 6120
f 5870 6120 5871
f 5871 6120 6128
f 5871 6128 5966
f 5966 6128 6127
f 5966 6127 5895
f 5895 6127 6131
f 5895 6131 5983
f 5983 6131 6130
f 5983 6130 5981
f 5981 6130 6129
f 5981 6129 5887
f 5887 6129 6126
f 5887 6126 5888
f 5888 6126 6125
f 5888 6125 5893
f 5893 6125 6133
f 5893 6133 5894
f 5894 6133 6132
f 5894 6132 5891
f 5891 6132 6137
f 5891 6137 5886
f 5886 6137 6136
f 5886 6136 5946
f 5946 6136 6135
f 5946 6135 5948
f 5948 6135 5949
f 6104 6105 6138
f 6104 6138 6103
f 6100 6101 6138
f 6138 6101 6102
f 6138 6102 6103
f 6097 6098 6138
f 6138 6098 6099
f 6138 6099 6100
f 6094 6095 6138
f 6138 6095 6096
f 6138 6096 6097
f 6111 6112 6138
f 6138 6112 6113
f 6138 6113 6094
f 6108 6109 6138
f 6138 6109 6110
f 6138 6110 6111
f 6105 6106 6138
f 6138 6106 6107
f 6138 6107 6108
f 6139 6140 6141
f 6142 6143 6144
f 6145 6146 6147
f 6148 6149 6150
f 6151 6152 6153
f 6154 6155 6156
f 6157 6158 6159
f 6160 6161 6162
f 6163 6164 6165
f 6166 6167 6168
f 6169 6170 6171
f 6172 6173 6174
f 6175 6176 6177
f 6177 6176 6178
f 6177 6178 6179
f 6180 6181 6182
f 6182 6181 6183
f 6182 6183 6175
f 6175 6183 6184
f 6175 6184 6176
f 6185 6186 6187
f 6187 6186 6188
f 6187 6188 6189
f 6190 6191 6192
f 6192 6191 6193
f 6192 6193 6185
f 6185 6193 6194
f 6185 6194 6186
f 6195 6196 6197
f 6197 6196 6198
f 6197 6198 6199
f 6199 6198 6200
f 6199 6200 6201
f 6201 6200 6202
f 6201 6202 6203
f 6203 6202 6204
f 6203 6204 6205
f 6205 6204 6206
f 6205 6206 6207
f 6208 6209 6195
f 6195 6209 6210
f 6195 6210 6196
f 6211 6212 6213
f 6213 6212 6214
f 6215 6216 6217
f 6217 6216 6213
f 6217 6213 6218
f 6218 6213 6214
f 6170 6169 6219
f 6219 6169 6220
f 6219 6220 6221
f 6171 6222 6223
f 6223 6222 6224
f 6223 6224 6225
f 6225 6224 6226
f 6226 6227 6225
f 6225 6227 6228
f 6225 6228 6223
f 6223 6228 6229
f 6223 6229 6230
f 6220 6218 6221
f 6221 6218 6214
f 6221 6214 6219
f 6219 6214 6231
f 6219 6231 6170
f 6170 6231 6232
f 6170 6232 6171
f 6171 6232 6233
f 6171 6233 6222
f 6234 6235 6236
f 6236 6235 6237
f 6236 6237 6238
f 6238 6237 6239
f 6238 6239 6240
f 6240 6239 6241
f 6240 6241 6242
f 6242 6241 6243
f 6242 6243 6244
f 6244 6243 6245
f 6244 6245 6246
f 6246 6245 6247
f 6248 6249 6234
f 6234 6249 6250
f 6234 6250 6235
f 6168 6251 6166
f 6166 6251 6252
f 6166 6252 6253
f 6254 6163 6255
f 6255 6163 6165
f 6255 6165 6256
f 6256 6165 6257
f 6258 6259 6260
f 6260 6259 6261
f 6260 6261 6262
f 6263 6264 6265
f 6254 6255 6258
f 6258 6255 6263
f 6258 6263 6259
f 6259 6263 6265
f 6259 6265 6261
f 6161 6160 6168
f 6164 6253 6165
f 6165 6253 6252
f 6165 6252 6257
f 6257 6252 6251
f 6257 6251 6266
f 6266 6251 6168
f 6266 6168 6267
f 6267 6168 6160
f 6268 6269 6270
f 6270 6269 6271
f 6270 6271 6272
f 6273 6274 6271
f 6271 6274 6275
f 6271 6275 6272
f 6273 6276 6274
f 6274 6276 6277
f 6274 6277 6278
f 6278 6277 6279
f 6278 6279 6280
f 6280 6279 6281
f 6280 6281 6282
f 6282 6281 6283
f 6284 6285 6286
f 6286 6285 6287
f 6286 6287 6283
f 6288 6289 6290
f 6290 6289 6291
f 6290 6291 6284
f 6284 6291 6292
f 6284 6292 6285
f 6157 6159 6293
f 6294 6295 6296
f 6296 6295 6297
f 6296 6297 6298
f 6299 6300 6301
f 6301 6300 6302
f 6301 6302 6294
f 6294 6302 6303
f 6294 6303 6295
f 6304 6305 6306
f 6306 6305 6307
f 6306 6307 6308
f 6308 6307 6309
f 6308 6309 6310
f 6310 6309 6311
f 6310 6311 6312
f 6313 6314 6315
f 6315 6314 6316
f 6315 6316 6312
f 6312 6316 6317
f 6312 6317 6310
f 6318 6319 6320
f 6320 6319 6321
f 6321 6322 6320
f 6320 6322 6323
f 6320 6323 6324
f 6324 6323 6325
f 6324 6325 6326
f 6155 6154 6327
f 6327 6154 6328
f 6327 6328 6329
f 6156 6330 6331
f 6331 6330 6332
f 6331 6332 6333
f 6333 6332 6334
f 6334 6335 6333
f 6333 6335 6336
f 6333 6336 6331
f 6331 6336 6337
f 6331 6337 6338
f 6328 6322 6329
f 6329 6322 6321
f 6329 6321 6327
f 6327 6321 6339
f 6327 6339 6155
f 6155 6339 6340
f 6155 6340 6156
f 6156 6340 6341
f 6156 6341 6330
f 6152 6151 6342
f 6343 6344 6345
f 6345 6344 6346
f 6345 6346 6347
f 6347 6346 6348
f 6347 6348 6153
f 6153 6348 6349
f 6153 6349 6151
f 6350 6351 6352
f 6352 6351 6353
f 6352 6353 6343
f 6343 6353 6354
f 6343 6354 6344
f 6355 6356 6350
f 6350 6356 6357
f 6350 6357 6351
f 6150 6358 6148
f 6148 6358 6359
f 6148 6359 6360
f 6361 6145 6362
f 6362 6145 6147
f 6362 6147 6363
f 6363 6147 6364
f 6365 6366 6367
f 6367 6366 6368
f 6367 6368 6369
f 6370 6371 6372
f 6361 6362 6365
f 6365 6362 6370
f 6365 6370 6366
f 6366 6370 6372
f 6366 6372 6368
f 6143 6142 6150
f 6146 6360 6147
f 6147 6360 6359
f 6147 6359 6364
f 6364 6359 6358
f 6364 6358 6373
f 6373 6358 6150
f 6373 6150 6374
f 6374 6150 6142
f 6375 6376 6377
f 6377 6376 6378
f 6377 6378 6379
f 6377 6380 6375
f 6375 6380 6381
f 6375 6381 6382
f 6382 6381 6139
f 6139 6381 6383
f 6139 6383 6140
f 6151 6318 6342
f 6342 6318 6320
f 6342 6320 6384
f 6384 6320 6324
f 6384 6324 6385
f 6385 6324 6326
f 6385 6326 6313
f 6313 6326 6386
f 6313 6386 6314
f 6306 6299 6304
f 6304 6299 6301
f 6304 6301 6387
f 6167 6249 6168
f 6168 6249 6248
f 6168 6248 6161
f 6161 6248 6268
f 6161 6268 6162
f 6162 6268 6270
f 6215 6209 6216
f 6216 6209 6208
f 6216 6208 6213
f 6213 6208 6247
f 6213 6247 6211
f 6211 6247 6245
f 6207 6206 6388
f 6388 6206 6190
f 6388 6190 6389
f 6389 6190 6192
f 6389 6192 6390
f 6149 6356 6150
f 6150 6356 6355
f 6150 6355 6143
f 6143 6355 6391
f 6143 6391 6144
f 6144 6391 6392
f 6144 6392 6379
f 6379 6392 6393
f 6379 6393 6377
f 6281 6394 6283
f 6283 6394 6387
f 6283 6387 6286
f 6286 6387 6301
f 6286 6301 6284
f 6284 6301 6294
f 6284 6294 6290
f 6290 6294 6296
f 6290 6296 6288
f 6288 6296 6298
f 6288 6298 6395
f 6395 6298 6396
f 6395 6396 6397
f 6397 6396 6398
f 6397 6398 6159
f 6159 6398 6399
f 6159 6399 6293
f 6400 6172 6401
f 6401 6172 6174
f 6401 6174 6402
f 6402 6174 6403
f 6402 6403 6404
f 6404 6403 6405
f 6404 6405 6189
f 6189 6405 6180
f 6189 6180 6187
f 6187 6180 6182
f 6187 6182 6185
f 6185 6182 6175
f 6185 6175 6192
f 6192 6175 6177
f 6192 6177 6390
f 6390 6177 6179
f 6390 6179 6141
f 6141 6179 6406
f 6141 6406 6139
f 6407 6408 6409
f 6410 6411 6412
f 6413 6414 6415
f 6416 6417 6418
f 6419 6420 6421
f 6422 5797 5855
f 6423 6424 6425
f 6426 6427 6428
f 6429 6430 6431
f 6432 5844 5843
f 6433 6434 6435
f 6434 6436 6435
f 6435 6436 6437
f 6435 6437 6438
f 6438 6437 6439
f 6438 6439 6440
f 6440 6439 6441
f 6440 6441 6442
f 6442 6443 6444
f 6444 6443 6445
f 6442 6441 6443
f 6443 6441 6409
f 6443 6409 6445
f 6445 6409 6408
f 6445 6408 6446
f 6446 6408 6407
f 6446 6407 6447
f 5829 5831 6448
f 6448 5831 5838
f 6448 5838 6449
f 6449 5838 5837
f 6449 5837 6450
f 6450 5837 5836
f 6450 5836 6451
f 6451 5836 5834
f 6451 5834 6452
f 6452 5834 6432
f 6432 5834 5833
f 6432 5833 5844
f 5842 6453 5843
f 5843 6453 6454
f 5843 6454 6432
f 6455 6456 6457
f 6457 6456 6458
f 6458 6459 6457
f 6457 6459 6428
f 6457 6428 6455
f 6455 6428 6427
f 6455 6427 6460
f 6461 6430 6462
f 6462 6430 6429
f 6462 6429 6463
f 6463 6429 6464
f 6463 6464 6426
f 6426 6464 6465
f 6426 6465 6427
f 6427 6465 6466
f 6427 6466 6460
f 6467 6468 6469
f 6469 6468 6470
f 6469 6470 6471
f 6471 6470 6458
f 6471 6458 6472
f 6472 6458 6456
f 6467 6469 6473
f 6473 6469 5850
f 6473 5850 6474
f 5850 5849 6474
f 6474 5849 5848
f 6474 5848 6475
f 6475 5848 5847
f 6475 5847 6476
f 6476 5847 5846
f 6476 5846 6477
f 6477 5846 5854
f 6477 5854 6478
f 6478 5854 5853
f 6423 6425 6479
f 6480 6481 6482
f 6483 6484 6481
f 6481 6484 6485
f 6481 6485 6482
f 6486 6487 6483
f 6483 6487 6488
f 6483 6488 6484
f 6483 6489 6490
f 6486 6483 6491
f 6491 6483 6490
f 6491 6490 6492
f 6489 6483 6493
f 6493 6483 6481
f 6493 6481 6494
f 6480 6495 6481
f 6481 6495 6496
f 6481 6496 6494
f 6482 6479 6480
f 6480 6479 6425
f 6480 6425 6495
f 6495 6425 6497
f 6495 6497 6498
f 6498 6497 6499
f 6422 5855 6500
f 6500 5855 5857
f 6500 5857 6501
f 6501 5857 5863
f 6501 5863 6502
f 6502 5863 6503
f 6503 5863 5862
f 6503 5862 6504
f 6505 6506 6507
f 6507 6506 6508
f 6508 6506 6509
f 6509 6506 6510
f 6509 6510 6511
f 6419 6511 6417
f 6421 6420 6512
f 6512 6420 6513
f 6512 6513 6514
f 6515 6516 6517
f 6514 6518 6519
f 6519 6518 6520
f 6519 6520 6521
f 6521 6520 6515
f 6521 6515 6522
f 6522 6515 6517
f 6523 6524 6515
f 6515 6524 6525
f 6515 6525 6516
f 6514 6513 6518
f 6518 6513 6526
f 6518 6526 6520
f 6520 6526 6527
f 6520 6527 6515
f 6515 6527 6528
f 6515 6528 6523
f 6419 6417 6420
f 6420 6417 6416
f 6420 6416 6513
f 6513 6416 6529
f 6513 6529 6526
f 6511 6510 6417
f 6417 6510 6530
f 6417 6530 6418
f 6531 5868 6532
f 6532 5868 5867
f 6532 5867 6533
f 6533 5867 5866
f 6533 5866 6534
f 6534 5866 5865
f 6534 5865 6535
f 6535 5865 5864
f 6535 5864 6536
f 6536 5864 5805
f 6536 5805 6537
f 6537 5805 5804
f 6537 5804 6538
f 6538 5804 5803
f 6538 5803 6539
f 6414 6413 6540
f 6539 5803 6541
f 6541 5803 5801
f 6541 5801 5800
f 6542 6543 6544
f 6545 6546 6547
f 6547 6546 6542
f 6547 6542 6548
f 6548 6542 6544
f 6548 6544 6549
f 6543 6542 6410
f 6410 6542 6550
f 6410 6550 6411
f 6551 6552 6553
f 6553 6552 6554
f 6553 6554 6555
f 6555 6554 6556
f 6546 6557 6542
f 6542 6557 6558
f 6542 6558 6550
f 6550 6558 6559
f 6550 6559 6411
f 6411 6559 6555
f 6411 6555 6412
f 6412 6555 6556
f 6559 6560 6555
f 6555 6560 6415
f 6555 6415 6553
f 6553 6415 6414
f 6553 6414 6551
f 6551 6414 6540
f 6551 6540 6561
f 6561 6540 6562
f 6562 6540 6563
f 6562 6563 6564
f 6564 6563 6565
f 6564 6565 6566
f 6567 6568 5809
f 5809 5815 6567
f 6567 5815 5814
f 6567 5814 6569
f 6569 5814 5813
f 6569 5813 6570
f 6570 5813 5812
f 6570 5812 6571
f 6571 5812 6572
f 6572 5812 5811
f 6572 5811 5821
f 6573 6574 6575
f 6573 6576 6574
f 6574 6576 6577
f 6574 6577 6578
f 6578 6577 6579
f 6578 6579 6580
f 6581 6582 6583
f 6583 6582 6584
f 6583 6584 6579
f 6579 6584 6585
f 6579 6585 6580
f 6583 6586 6587
f 6581 6583 6588
f 6588 6583 6587
f 6588 6587 6589
f 6586 6583 6590
f 6590 6583 6579
f 6590 6579 6591
f 6592 6593 6576
f 6576 6593 6594
f 6576 6594 6577
f 6577 6594 6595
f 6577 6595 6579
f 6579 6595 6596
f 6579 6596 6591
f 5817 6597 5818
f 5818 6597 6598
f 5818 6598 5819
f 5826 6599 5827
f 5827 6599 6597
f 5827 6597 5828
f 5828 6597 5817
f 5825 6600 5826
f 5826 6600 6601
f 5826 6601 6599
f 6602 6603 6604
f 6604 6603 6605
f 6604 6605 6606
f 6606 6605 6607
f 6606 6607 6447
f 6447 6607 6608
f 6447 6608 6446
f 6456 6453 6472
f 6472 6453 5842
f 6472 5842 6471
f 6471 5842 5841
f 6471 5841 6469
f 6469 5841 5840
f 6469 5840 5850
f 5797 6422 5798
f 5798 6422 6499
f 5798 6499 5851
f 5851 6499 6497
f 5851 6497 5852
f 5852 6497 6425
f 5852 6425 5853
f 5853 6425 6424
f 5853 6424 6478
f 6507 6504 6505
f 6505 6504 5862
f 6505 5862 6506
f 6506 5862 5861
f 6506 5861 6510
f 6510 5861 5860
f 6510 5860 6530
f 6530 5860 5859
f 6530 5859 6531
f 6531 5859 5869
f 6531 5869 5868
f 6568 6566 5809
f 5809 6566 6565
f 5809 6565 5807
f 5807 6565 6563
f 5807 6563 5800
f 5800 6563 6540
f 5800 6540 6541
f 6541 6540 6413
f 6598 6609 5819
f 5819 6609 6592
f 5819 6592 5820
f 5820 6592 6576
f 5820 6576 5821
f 5821 6576 6573
f 5821 6573 6572
f 6572 6573 6575
f 6448 6608 5829
f 5829 6608 6607
f 5829 6607 5822
f 5822 6607 6605
f 5822 6605 5823
f 5823 6605 6603
f 5823 6603 5825
f 5825 6603 6602
f 5825 6602 6600
f 6369 6368 6610
f 6610 6368 6611
f 6610 6611 6612
f 6612 6611 6613
f 6612 6613 6614
f 6614 6613 6615
f 6616 6617 6615
f 6335 6614 6336
f 6336 6614 6615
f 6336 6615 6337
f 6337 6615 6617
f 6337 6617 6338
f 6615 6618 6616
f 6616 6618 6619
f 6616 6619 6620
f 6620 6619 6621
f 6620 6621 6622
f 6622 6621 6623
f 6622 6623 6624
f 6624 6623 6625
f 6624 6625 6626
f 6626 6625 6627
f 6626 6627 6628
f 6628 6627 6629
f 6628 6629 6630
f 6157 6293 6631
f 6632 6633 6634
f 6630 6629 6631
f 6631 6629 6634
f 6631 6634 6157
f 6157 6634 6633
f 6157 6633 6158
f 6635 6636 6637
f 6637 6636 6638
f 6637 6638 6639
f 6639 6638 6640
f 6639 6640 6641
f 6641 6640 6642
f 6641 6642 6643
f 6643 6642 6644
f 6643 6644 6645
f 6645 6644 6632
f 6645 6632 6646
f 6646 6632 6634
f 6265 6264 6647
f 6261 6265 6648
f 6648 6265 6647
f 6648 6647 6635
f 6635 6647 6649
f 6635 6649 6636
f 6262 6261 6650
f 6650 6261 6648
f 6650 6648 6651
f 6651 6648 6652
f 6651 6652 6653
f 6653 6652 6654
f 6655 6656 6654
f 6227 6653 6228
f 6228 6653 6654
f 6228 6654 6229
f 6229 6654 6656
f 6229 6656 6230
f 6654 6657 6655
f 6655 6657 6658
f 6655 6658 6659
f 6659 6658 6660
f 6659 6660 6661
f 6661 6660 6662
f 6661 6662 6663
f 6663 6662 6664
f 6663 6664 6665
f 6665 6664 6666
f 6665 6666 6667
f 6667 6666 6668
f 6667 6668 6669
f 6172 6400 6670
f 6671 6672 6673
f 6669 6668 6670
f 6670 6668 6673
f 6670 6673 6172
f 6172 6673 6672
f 6172 6672 6173
f 6674 6675 6676
f 6676 6675 6677
f 6676 6677 6678
f 6678 6677 6679
f 6678 6679 6680
f 6680 6679 6681
f 6680 6681 6682
f 6682 6681 6683
f 6682 6683 6684
f 6684 6683 6671
f 6684 6671 6685
f 6685 6671 6673
f 6372 6371 6686
f 6368 6372 6611
f 6611 6372 6686
f 6611 6686 6674
f 6674 6686 6687
f 6674 6687 6675
f 6618 6615 6688
f 6688 6615 6613
f 6688 6613 6689
f 6689 6613 6611
f 6689 6611 6690
f 6690 6611 6674
f 6690 6674 6691
f 6691 6674 6676
f 6691 6676 6692
f 6692 6676 6678
f 6692 6678 6693
f 6693 6678 6680
f 6693 6680 6694
f 6694 6680 6682
f 6694 6682 6695
f 6695 6682 6684
f 6695 6684 6696
f 6696 6684 6685
f 6696 6685 6697
f 6697 6685 6673
f 6697 6673 6698
f 6698 6673 6668
f 6698 6668 6699
f 6699 6668 6666
f 6699 6666 6700
f 6700 6666 6664
f 6700 6664 6701
f 6701 6664 6662
f 6701 6662 6702
f 6702 6662 6660
f 6702 6660 6703
f 6703 6660 6658
f 6703 6658 6704
f 6704 6658 6657
f 6704 6657 6705
f 6705 6657 6654
f 6705 6654 6706
f 6706 6654 6652
f 6706 6652 6707
f 6707 6652 6648
f 6707 6648 6708
f 6708 6648 6635
f 6708 6635 6709
f 6709 6635 6637
f 6709 6637 6710
f 6710 6637 6639
f 6710 6639 6711
f 6711 6639 6641
f 6711 6641 6712
f 6712 6641 6643
f 6712 6643 6713
f 6713 6643 6645
f 6713 6645 6714
f 6714 6645 6646
f 6714 6646 6715
f 6715 6646 6634
f 6715 6634 6716
f 6716 6634 6629
f 6716 6629 6717
f 6717 6629 6627
f 6717 6627 6718
f 6718 6627 6625
f 6718 6625 6719
f 6719 6625 6623
f 6719 6623 6720
f 6720 6623 6621
f 6720 6621 6721
f 6721 6621 6619
f 6721 6619 6722
f 6722 6619 6618
f 6722 6618 6688
f 6723 6581 6724
f 6724 6581 6588
f 6724 6588 6589
f 6548 6549 6725
f 6726 6698 6727
f 6727 6698 6699
f 6727 6699 6728
f 6728 6699 6700
f 6728 6700 6729
f 6729 6700 6701
f 6729 6701 6730
f 6730 6701 6702
f 6730 6702 6731
f 6731 6702 6703
f 6731 6703 6732
f 6732 6703 6704
f 6732 6704 6725
f 6725 6704 6705
f 6725 6705 6548
f 6548 6705 6547
f 6525 6524 6733
f 6545 6547 6734
f 6734 6547 6705
f 6734 6705 6735
f 6735 6705 6706
f 6735 6706 6733
f 6733 6706 6707
f 6733 6707 6525
f 6525 6707 6516
f 6492 6736 6491
f 6491 6736 6737
f 6491 6737 6486
f 6517 6516 6738
f 6738 6516 6707
f 6738 6707 6739
f 6739 6707 6708
f 6739 6708 6740
f 6740 6708 6709
f 6740 6709 6741
f 6741 6709 6710
f 6741 6710 6742
f 6742 6710 6711
f 6742 6711 6743
f 6743 6711 6712
f 6743 6712 6744
f 6744 6712 6713
f 6744 6713 6745
f 6745 6713 6714
f 6745 6714 6736
f 6736 6714 6715
f 6736 6715 6737
f 6461 6746 6430
f 6430 6746 6747
f 6430 6747 6431
f 6748 6747 6688
f 6688 6747 6746
f 6688 6746 6722
f 6722 6746 6749
f 6722 6749 6721
f 6721 6749 6750
f 6721 6750 6720
f 6720 6750 6751
f 6720 6751 6719
f 6719 6751 6752
f 6719 6752 6718
f 6718 6752 6753
f 6718 6753 6717
f 6717 6753 6754
f 6717 6754 6716
f 6716 6754 6755
f 6716 6755 6715
f 6715 6755 6756
f 6715 6756 6737
f 6748 6688 6757
f 6757 6688 6689
f 6757 6689 6758
f 6434 6433 6758
f 6726 6723 6698
f 6698 6723 6724
f 6698 6724 6697
f 6697 6724 6759
f 6697 6759 6696
f 6696 6759 6760
f 6696 6760 6695
f 6695 6760 6761
f 6695 6761 6694
f 6694 6761 6762
f 6694 6762 6693
f 6693 6762 6763
f 6693 6763 6692
f 6692 6763 6764
f 6692 6764 6691
f 6691 6764 6765
f 6691 6765 6690
f 6690 6765 6766
f 6690 6766 6689
f 6689 6766 6767
f 6689 6767 6758
f 6758 6767 6436
f 6758 6436 6434
f 6725 6656 6732
f 6732 6656 6655
f 6732 6655 6731
f 6731 6655 6659
f 6731 6659 6730
f 6730 6659 6661
f 6730 6661 6729
f 6729 6661 6663
f 6729 6663 6728
f 6728 6663 6665
f 6728 6665 6727
f 6727 6665 6667
f 6727 6667 6726
f 6726 6667 6669
f 6726 6669 6723
f 6723 6669 6670
f 6572 6190 6571
f 6571 6190 6206
f 6571 6206 6570
f 6570 6206 6204
f 6570 6204 6569
f 6569 6204 6202
f 6569 6202 6567
f 6567 6202 6200
f 6567 6200 6568
f 6568 6200 6198
f 6581 6723 6670
f 6190 6572 6191
f 6191 6572 6575
f 6191 6575 6193
f 6193 6575 6574
f 6670 6400 6581
f 6581 6400 6401
f 6581 6401 6582
f 6582 6401 6402
f 6582 6402 6584
f 6584 6402 6404
f 6584 6404 6585
f 6585 6404 6189
f 6585 6189 6580
f 6580 6189 6188
f 6580 6188 6578
f 6578 6188 6186
f 6578 6186 6574
f 6574 6186 6194
f 6574 6194 6193
f 6556 6218 6412
f 6412 6218 6220
f 6412 6220 6410
f 6410 6220 6169
f 6410 6169 6543
f 6543 6169 6171
f 6543 6171 6544
f 6544 6171 6223
f 6544 6223 6549
f 6549 6223 6230
f 6549 6230 6725
f 6725 6230 6656
f 6556 6554 6218
f 6218 6554 6552
f 6218 6552 6217
f 6552 6551 6217
f 6217 6551 6561
f 6217 6561 6215
f 6215 6561 6562
f 6568 6198 6566
f 6566 6198 6196
f 6566 6196 6564
f 6564 6196 6210
f 6564 6210 6562
f 6562 6210 6209
f 6562 6209 6215
f 6733 6650 6735
f 6735 6650 6651
f 6735 6651 6734
f 6734 6651 6653
f 6541 6211 6539
f 6539 6211 6245
f 6249 6530 6531
f 6249 6531 6250
f 6250 6531 6532
f 6250 6532 6235
f 6235 6532 6533
f 6235 6533 6237
f 6237 6533 6534
f 6237 6534 6239
f 6239 6534 6535
f 6239 6535 6241
f 6241 6535 6536
f 6241 6536 6243
f 6243 6536 6537
f 6243 6537 6245
f 6245 6537 6538
f 6245 6538 6539
f 6214 6212 6415
f 6734 6653 6545
f 6545 6653 6227
f 6415 6212 6413
f 6413 6212 6211
f 6413 6211 6541
f 6214 6415 6231
f 6231 6415 6560
f 6231 6560 6232
f 6232 6560 6559
f 6232 6559 6233
f 6233 6559 6558
f 6233 6558 6222
f 6558 6557 6222
f 6222 6557 6546
f 6222 6546 6224
f 6224 6546 6545
f 6224 6545 6226
f 6226 6545 6227
f 6418 6530 6249
f 6650 6733 6262
f 6262 6733 6524
f 6418 6249 6416
f 6249 6167 6416
f 6416 6167 6166
f 6416 6166 6529
f 6529 6166 6253
f 6529 6253 6526
f 6526 6253 6164
f 6526 6164 6527
f 6527 6164 6163
f 6527 6163 6528
f 6528 6163 6254
f 6528 6254 6523
f 6523 6254 6258
f 6523 6258 6524
f 6524 6258 6260
f 6524 6260 6262
f 6736 6633 6745
f 6745 6633 6632
f 6745 6632 6744
f 6744 6632 6644
f 6744 6644 6743
f 6743 6644 6642
f 6743 6642 6742
f 6742 6642 6640
f 6742 6640 6741
f 6741 6640 6638
f 6741 6638 6740
f 6740 6638 6636
f 6740 6636 6739
f 6739 6636 6649
f 6739 6649 6738
f 6738 6649 6647
f 6503 6275 6502
f 6502 6275 6274
f 6502 6274 6501
f 6501 6274 6278
f 6501 6278 6500
f 6500 6278 6280
f 6500 6280 6422
f 6422 6280 6282
f 6422 6282 6499
f 6499 6282 6283
f 6272 6275 6503
f 6738 6647 6517
f 6517 6647 6264
f 6517 6264 6522
f 6522 6264 6263
f 6522 6263 6521
f 6521 6263 6255
f 6521 6255 6519
f 6519 6255 6256
f 6519 6256 6514
f 6514 6256 6257
f 6514 6257 6512
f 6512 6257 6266
f 6512 6266 6421
f 6503 6504 6272
f 6272 6504 6507
f 6272 6507 6270
f 6270 6507 6508
f 6270 6508 6162
f 6162 6508 6160
f 6160 6508 6509
f 6160 6509 6267
f 6267 6509 6511
f 6267 6511 6266
f 6266 6511 6419
f 6266 6419 6421
f 6499 6283 6498
f 6498 6283 6287
f 6498 6287 6495
f 6633 6736 6158
f 6158 6736 6492
f 6158 6492 6159
f 6159 6492 6490
f 6287 6285 6495
f 6495 6285 6292
f 6495 6292 6496
f 6496 6292 6291
f 6496 6291 6494
f 6494 6291 6289
f 6494 6289 6493
f 6493 6289 6288
f 6493 6288 6489
f 6489 6288 6395
f 6489 6395 6490
f 6490 6395 6397
f 6490 6397 6159
f 6746 6617 6749
f 6749 6617 6616
f 6749 6616 6750
f 6750 6616 6620
f 6750 6620 6751
f 6751 6620 6622
f 6751 6622 6752
f 6752 6622 6624
f 6752 6624 6753
f 6753 6624 6626
f 6753 6626 6754
f 6754 6626 6628
f 6754 6628 6755
f 6755 6628 6630
f 6755 6630 6756
f 6756 6630 6631
f 6756 6631 6737
f 6478 6299 6306
f 6478 6306 6477
f 6477 6306 6308
f 6477 6308 6476
f 6476 6308 6310
f 6476 6310 6475
f 6475 6310 6317
f 6475 6317 6474
f 6474 6317 6316
f 6474 6316 6473
f 6486 6737 6631
f 6479 6302 6423
f 6423 6302 6300
f 6423 6300 6424
f 6424 6300 6299
f 6424 6299 6478
f 6631 6293 6486
f 6486 6293 6399
f 6486 6399 6487
f 6487 6399 6398
f 6487 6398 6488
f 6488 6398 6396
f 6488 6396 6484
f 6484 6396 6298
f 6484 6298 6485
f 6485 6298 6297
f 6485 6297 6482
f 6482 6297 6295
f 6482 6295 6479
f 6479 6295 6303
f 6479 6303 6302
f 6473 6316 6467
f 6467 6316 6314
f 6467 6314 6468
f 6617 6746 6338
f 6338 6746 6461
f 6338 6461 6331
f 6331 6461 6462
f 6331 6462 6156
f 6156 6462 6463
f 6156 6463 6154
f 6154 6463 6426
f 6154 6426 6328
f 6328 6426 6428
f 6328 6428 6322
f 6322 6428 6459
f 6322 6459 6323
f 6323 6459 6458
f 6323 6458 6325
f 6325 6458 6470
f 6325 6470 6326
f 6326 6470 6468
f 6326 6468 6386
f 6386 6468 6314
f 6757 6758 6610
f 6614 6747 6748
f 6757 6610 6748
f 6748 6610 6612
f 6748 6612 6614
f 6453 6318 6454
f 6454 6318 6151
f 6454 6151 6432
f 6432 6151 6349
f 6432 6349 6452
f 6349 6348 6452
f 6452 6348 6346
f 6452 6346 6451
f 6346 6344 6451
f 6451 6344 6354
f 6451 6354 6450
f 6450 6354 6353
f 6450 6353 6449
f 6449 6353 6351
f 6449 6351 6448
f 6448 6351 6357
f 6448 6357 6608
f 6608 6357 6356
f 6747 6614 6431
f 6431 6614 6335
f 6318 6453 6319
f 6319 6453 6456
f 6340 6339 6455
f 6455 6339 6456
f 6456 6339 6321
f 6456 6321 6319
f 6455 6460 6340
f 6340 6460 6466
f 6340 6466 6341
f 6341 6466 6465
f 6341 6465 6330
f 6465 6464 6330
f 6330 6464 6429
f 6330 6429 6332
f 6332 6429 6431
f 6332 6431 6334
f 6334 6431 6335
f 6446 6608 6356
f 6610 6758 6369
f 6369 6758 6433
f 6369 6433 6367
f 6146 6444 6360
f 6360 6444 6445
f 6360 6445 6148
f 6148 6445 6446
f 6148 6446 6149
f 6149 6446 6356
f 6367 6433 6365
f 6365 6433 6435
f 6365 6435 6361
f 6361 6435 6438
f 6361 6438 6145
f 6145 6438 6440
f 6145 6440 6146
f 6146 6440 6442
f 6146 6442 6444
f 6686 6767 6687
f 6687 6767 6766
f 6687 6766 6675
f 6675 6766 6765
f 6675 6765 6677
f 6677 6765 6764
f 6677 6764 6679
f 6679 6764 6763
f 6679 6763 6681
f 6681 6763 6762
f 6681 6762 6683
f 6683 6762 6761
f 6683 6761 6671
f 6671 6761 6760
f 6671 6760 6672
f 6672 6760 6759
f 6672 6759 6724
f 6600 6376 6601
f 6601 6376 6375
f 6601 6375 6599
f 6179 6609 6406
f 6406 6609 6598
f 6599 6375 6597
f 6597 6375 6382
f 6597 6382 6598
f 6598 6382 6139
f 6598 6139 6406
f 6376 6600 6378
f 6378 6600 6602
f 6378 6602 6379
f 6379 6602 6604
f 6379 6604 6144
f 6144 6604 6606
f 6767 6686 6436
f 6436 6686 6371
f 6436 6371 6437
f 6437 6371 6370
f 6437 6370 6439
f 6439 6370 6362
f 6439 6362 6441
f 6441 6362 6363
f 6441 6363 6409
f 6409 6363 6364
f 6409 6364 6407
f 6407 6364 6373
f 6407 6373 6447
f 6447 6373 6374
f 6447 6374 6606
f 6606 6374 6142
f 6606 6142 6144
f 6592 6609 6179
f 6595 6594 6178
f 6178 6594 6179
f 6179 6594 6593
f 6179 6593 6592
f 6672 6724 6173
f 6173 6724 6589
f 6173 6589 6174
f 6174 6589 6587
f 6178 6176 6595
f 6595 6176 6184
f 6595 6184 6596
f 6596 6184 6183
f 6596 6183 6591
f 6591 6183 6181
f 6591 6181 6590
f 6590 6181 6180
f 6590 6180 6586
f 6586 6180 6405
f 6586 6405 6587
f 6587 6405 6403
f 6587 6403 6174
f 6768 6769 6770
f 6768 6770 6771
f 6772 6773 6770
f 6770 6773 6774
f 6770 6774 6771
f 6775 6776 6770
f 6770 6776 6777
f 6770 6777 6772
f 6778 6779 6770
f 6770 6779 6780
f 6770 6780 6775
f 6769 6781 6770
f 6770 6781 6782
f 6770 6782 6778
f 6387 6394 6778
f 6311 6309 6782
f 6384 6385 6781
f 6140 6383 6773
f 6207 6388 6772
f 6197 6199 6777
f 6775 6242 6776
f 6776 6242 6244
f 6776 6244 6246
f 6246 6247 6776
f 6776 6247 6208
f 6776 6208 6777
f 6777 6208 6195
f 6777 6195 6197
f 6199 6201 6777
f 6777 6201 6203
f 6777 6203 6772
f 6772 6203 6205
f 6772 6205 6207
f 6388 6389 6772
f 6772 6389 6390
f 6772 6390 6773
f 6773 6390 6141
f 6773 6141 6140
f 6383 6381 6773
f 6773 6381 6380
f 6773 6380 6774
f 6774 6380 6377
f 6377 6393 6774
f 6774 6393 6392
f 6774 6392 6391
f 6391 6355 6774
f 6774 6355 6350
f 6774 6350 6771
f 6347 6769 6768
f 6350 6352 6771
f 6771 6352 6343
f 6771 6343 6768
f 6768 6343 6345
f 6768 6345 6347
f 6347 6153 6769
f 6769 6153 6152
f 6769 6152 6781
f 6781 6152 6342
f 6781 6342 6384
f 6385 6313 6781
f 6781 6313 6315
f 6781 6315 6782
f 6782 6315 6312
f 6782 6312 6311
f 6309 6307 6782
f 6782 6307 6305
f 6782 6305 6778
f 6778 6305 6304
f 6778 6304 6387
f 6394 6281 6778
f 6778 6281 6279
f 6778 6279 6779
f 6779 6279 6277
f 6277 6276 6779
f 6779 6276 6273
f 6779 6273 6271
f 6271 6269 6779
f 6779 6269 6268
f 6779 6268 6780
f 6780 6268 6248
f 6780 6248 6234
f 6234 6236 6780
f 6780 6236 6238
f 6780 6238 6775
f 6775 6238 6240
f 6775 6240 6242
f 6783 6784 6785
f 6785 6784 6786
f 6785 6786 6787
f 6787 6786 6788
f 6787 6788 6789
f 6789 6788 6790
f 6789 6790 6791
f 6791 6790 6792
f 6791 6792 6793
f 6793 6792 6794
f 6793 6794 6795
f 6795 6794 6796
f 6795 6796 6797
f 6797 6796 6798
f 6797 6798 6799
f 6799 6798 6800
f 6799 6800 6801
f 6801 6800 6802
f 6801 6802 6803
f 6803 6802 6804
f 6803 6804 6805
f 6805 6804 6806
f 6805 6806 6807
f 6807 6806 6808
f 6807 6808 6809
f 6809 6808 6810
f 6809 6810 6811
f 6811 6810 6812
f 6811 6812 6813
f 6813 6812 6814
f 6813 6814 6815
f 6815 6814 6816
f 6815 6816 6817
f 6817 6816 6818
f 6817 6818 6819
f 6819 6818 6820
f 6819 6820 6821
f 6821 6820 6822
f 6821 6822 6823
f 6823 6822 6824
f 6823 6824 6825
f 6825 6824 6826
f 6825 6826 6827
f 6827 6826 6828
f 6827 6828 6829
f 6829 6828 6830
f 6829 6830 6831
f 6831 6830 6832
f 6831 6832 6833
f 6833 6832 6834
f 6833 6834 6835
f 6835 6834 6836
f 6835 6836 6837
f 6837 6836 6838
f 6837 6838 6839
f 6839 6838 6840
f 6839 6840 6841
f 6841 6840 6842
f 6841 6842 6843
f 6843 6842 6844
f 6843 6844 6845
f 6845 6844 6846
f 6845 6846 6847
f 6847 6846 6848
f 6847 6848 6849
f 6849 6848 6850
f 6849 6850 6851
f 6851 6850 6852
f 6851 6852 6853
f 6853 6852 6854
f 6853 6854 6855
f 6855 6854 6856
f 6855 6856 6857
f 6857 6856 6858
f 6857 6858 6783
f 6783 6858 6784
f 6859 6820 6860
f 6860 6820 6818
f 6860 6818 6861
f 6861 6818 6816
f 6861 6816 6862
f 6862 6816 6814
f 6862 6814 6863
f 6864 6830 6865
f 6865 6830 6828
f 6865 6828 6866
f 6866 6828 6826
f 6866 6826 6867
f 6867 6826 6824
f 6867 6824 6859
f 6859 6824 6822
f 6859 6822 6820
f 6814 6812 6863
f 6863 6812 6810
f 6863 6810 6868
f 6868 6810 6808
f 6868 6808 6869
f 6869 6808 6806
f 6869 6806 6870
f 6870 6806 6804
f 6870 6804 6871
f 6871 6804 6802
f 6871 6802 6872
f 6873 6788 6874
f 6874 6788 6786
f 6874 6786 6875
f 6875 6786 6784
f 6875 6784 6876
f 6876 6784 6858
f 6876 6858 6877
f 6877 6858 6856
f 6877 6856 6878
f 6879 6842 6880
f 6880 6842 6840
f 6880 6840 6881
f 6881 6840 6838
f 6881 6838 6882
f 6882 6838 6836
f 6882 6836 6883
f 6883 6836 6834
f 6883 6834 6864
f 6864 6834 6832
f 6864 6832 6830
f 6856 6854 6878
f 6878 6854 6852
f 6878 6852 6884
f 6884 6852 6850
f 6884 6850 6885
f 6885 6850 6848
f 6885 6848 6886
f 6886 6848 6846
f 6886 6846 6879
f 6879 6846 6844
f 6879 6844 6842
f 6802 6800 6872
f 6872 6800 6798
f 6872 6798 6887
f 6887 6798 6796
f 6887 6796 6888
f 6888 6796 6794
f 6888 6794 6889
f 6889 6794 6792
f 6889 6792 6873
f 6873 6792 6790
f 6873 6790 6788
f 6876 6890 6875
f 6875 6890 6891
f 6875 6891 6874
f 6874 6891 6892
f 6874 6892 6873
f 6873 6892 6893
f 6873 6893 6889
f 6889 6893 6894
f 6889 6894 6888
f 6888 6894 6895
f 6888 6895 6887
f 6887 6895 6896
f 6887 6896 6872
f 6872 6896 6897
f 6872 6897 6871
f 6871 6897 6898
f 6871 6898 6870
f 6870 6898 6899
f 6870 6899 6869
f 6869 6899 6900
f 6869 6900 6868
f 6868 6900 6901
f 6868 6901 6863
f 6863 6901 6902
f 6863 6902 6862
f 6862 6902 6903
f 6862 6903 6861
f 6861 6903 6904
f 6861 6904 6860
f 6860 6904 6905
f 6860 6905 6859
f 6859 6905 6906
f 6859 6906 6867
f 6867 6906 6907
f 6867 6907 6866
f 6866 6907 6908
f 6866 6908 6865
f 6865 6908 6909
f 6865 6909 6864
f 6864 6909 6910
f 6864 6910 6883
f 6883 6910 6911
f 6883 6911 6882
f 6882 6911 6912
f 6882 6912 6881
f 6881 6912 6913
f 6881 6913 6880
f 6880 6913 6914
f 6880 6914 6879
f 6879 6914 6915
f 6879 6915 6886
f 6886 6915 6916
f 6886 6916 6885
f 6885 6916 6917
f 6885 6917 6884
f 6884 6917 6918
f 6884 6918 6878
f 6878 6918 6919
f 6878 6919 6877
f 6877 6919 6920
f 6877 6920 6876
f 6876 6920 6890
f 6918 6853 6919
f 6919 6853 6855
f 6919 6855 6920
f 6920 6855 6857
f 6920 6857 6890
f 6890 6857 6783
f 6890 6783 6891
f 6891 6783 6785
f 6891 6785 6892
f 6901 6811 6902
f 6902 6811 6813
f 6902 6813 6903
f 6903 6813 6815
f 6903 6815 6904
f 6904 6815 6817
f 6904 6817 6905
f 6914 6843 6915
f 6915 6843 6845
f 6915 6845 6916
f 6916 6845 6847
f 6916 6847 6917
f 6917 6847 6849
f 6917 6849 6918
f 6918 6849 6851
f 6918 6851 6853
f 6909 6831 6910
f 6910 6831 6833
f 6910 6833 6911
f 6911 6833 6835
f 6911 6835 6912
f 6912 6835 6837
f 6912 6837 6913
f 6913 6837 6839
f 6913 6839 6914
f 6914 6839 6841
f 6914 6841 6843
f 6817 6819 6905
f 6905 6819 6821
f 6905 6821 6906
f 6906 6821 6823
f 6906 6823 6907
f 6907 6823 6825
f 6907 6825 6908
f 6908 6825 6827
f 6908 6827 6909
f 6909 6827 6829
f 6909 6829 6831
f 6896 6799 6897
f 6897 6799 6801
f 6897 6801 6898
f 6898 6801 6803
f 6898 6803 6899
f 6899 6803 6805
f 6899 6805 6900
f 6900 6805 6807
f 6900 6807 6901
f 6901 6807 6809
f 6901 6809 6811
f 6785 6787 6892
f 6892 6787 6789
f 6892 6789 6893
f 6893 6789 6791
f 6893 6791 6894
f 6894 6791 6793
f 6894 6793 6895
f 6895 6793 6795
f 6895 6795 6896
f 6896 6795 6797
f 6896 6797 6799

